seed,scenario,policy,unserved_trips,total_waiting_min,distance_km,moving_fuel_l,idle_fuel_l,fuel_l,driver_wait_h,site_idle_min,crew_idle_person_h,delivered_m3,fuel_l_per_m3,case,co2_kg,idle_co2_kg,fuel_thb,driver_wait_thb,crew_idle_thb,cost_proxy_thb
9101,S0_normal,A_static_planned,0,378,2145.35,724.8075,18.6342,743.4417,6.3,278.0,40.8,302.0,2.4617,value,1989.45,49.865,29098.308,1083.6,2040.0,32221.908
9101,S0_normal,A_static_planned,0,378,2145.35,724.8075,18.6342,743.4417,6.3,278.0,40.8,302.0,2.4617,low,1850.4264,46.3804,24533.576,315.0,2040.0,26888.576
9101,S0_normal,A_static_planned,0,378,2145.35,724.8075,18.6342,743.4417,6.3,278.0,40.8,302.0,2.4617,high,2022.9049,50.7036,30852.8305,1083.6,2040.0,33976.4305
9101,S0_normal,B_dynamic,0,194,2145.35,725.6742,9.916,735.5902,3.2333,441.0,66.5833,302.0,2.4357,value,1968.4395,26.5352,28791.0019,556.1333,3329.1667,32676.3019
9101,S0_normal,B_dynamic,0,194,2145.35,725.6742,9.916,735.5902,3.2333,441.0,66.5833,302.0,2.4357,low,1830.8841,24.6809,24274.4778,161.6667,3329.1667,27765.3111
9101,S0_normal,B_dynamic,0,194,2145.35,725.6742,9.916,735.5902,3.2333,441.0,66.5833,302.0,2.4357,high,2001.541,26.9814,30526.9948,556.1333,3329.1667,34412.2948
9101,S0_normal,C_ai_rolling,0,123,2145.35,725.443,6.1057,731.5487,2.05,613.0,90.6333,302.0,2.4223,value,1957.6243,16.3388,28632.8158,352.6,4531.6667,33517.0825
9101,S0_normal,C_ai_rolling,0,123,2145.35,725.443,6.1057,731.5487,2.05,613.0,90.6333,302.0,2.4223,low,1820.8247,15.197,24141.1068,102.5,4531.6667,28775.2735
9101,S0_normal,C_ai_rolling,0,123,2145.35,725.443,6.1057,731.5487,2.05,613.0,90.6333,302.0,2.4223,high,1990.544,16.6135,30359.2707,352.6,4531.6667,35243.5374
9101,S0_normal,B_dynamic_buffered,0,308,2145.35,721.6041,15.4762,737.0802,5.1333,357.0,52.8167,302.0,2.4407,value,1972.4267,41.4142,28849.3208,882.9333,2640.8333,32373.0875
9101,S0_normal,B_dynamic_buffered,0,308,2145.35,721.6041,15.4762,737.0802,5.1333,357.0,52.8167,302.0,2.4407,low,1834.5927,38.5202,24323.6481,256.6667,2640.8333,27221.1481
9101,S0_normal,B_dynamic_buffered,0,308,2145.35,721.6041,15.4762,737.0802,5.1333,357.0,52.8167,302.0,2.4407,high,2005.5954,42.1106,30588.8302,882.9333,2640.8333,34112.5969
9101,S0_normal,C_ai_rolling_buffered,0,353,2145.35,724.6683,17.2203,741.8887,5.8833,300.0,44.3167,302.0,2.4566,value,1985.294,46.0816,29037.5218,1011.9333,2215.8333,32265.2885
9101,S0_normal,C_ai_rolling_buffered,0,353,2145.35,724.6683,17.2203,741.8887,5.8833,300.0,44.3167,302.0,2.4566,low,1846.5609,42.8614,24482.3255,294.1667,2215.8333,26992.3255
9101,S0_normal,C_ai_rolling_buffered,0,353,2145.35,724.6683,17.2203,741.8887,5.8833,300.0,44.3167,302.0,2.4566,high,2018.679,46.8565,30788.379,1011.9333,2215.8333,34016.1457
9101,S1_light_traffic,A_static_planned,0,564,2145.35,726.6916,28.2877,754.9793,9.4,173.0,25.4,302.0,2.4999,value,2020.3246,75.6978,29549.89,1616.8,1270.0,32436.69
9101,S1_light_traffic,A_static_planned,0,564,2145.35,726.6916,28.2877,754.9793,9.4,173.0,25.4,302.0,2.4999,low,1879.1435,70.408,24914.317,470.0,1270.0,26654.317
9101,S1_light_traffic,A_static_planned,0,564,2145.35,726.6916,28.2877,754.9793,9.4,173.0,25.4,302.0,2.4999,high,2054.2987,76.9707,31331.6411,1616.8,1270.0,34218.4411
9101,S1_light_traffic,B_dynamic,0,237,2145.35,724.3148,11.928,736.2428,3.95,378.0,56.8833,302.0,2.4379,value,1970.1856,31.9193,28816.5415,679.4,2844.1667,32340.1082
9101,S1_light_traffic,B_dynamic,0,237,2145.35,724.3148,11.928,736.2428,3.95,378.0,56.8833,302.0,2.4379,low,1832.5082,29.6888,24296.011,197.5,2844.1667,27337.6777
9101,S1_light_traffic,B_dynamic,0,237,2145.35,724.3148,11.928,736.2428,3.95,378.0,56.8833,302.0,2.4379,high,2003.3165,32.4561,30554.0744,679.4,2844.1667,34077.6411
9101,S1_light_traffic,C_ai_rolling,0,168,2145.35,724.4091,8.1082,732.5173,2.8,448.0,66.1167,302.0,2.4256,value,1960.2162,21.6975,28670.7258,481.6,3305.8333,32458.1591
9101,S1_light_traffic,C_ai_rolling,0,168,2145.35,724.4091,8.1082,732.5173,2.8,448.0,66.1167,302.0,2.4256,low,1823.2355,20.1812,24173.0698,140.0,3305.8333,27618.9031
9101,S1_light_traffic,C_ai_rolling,0,168,2145.35,724.4091,8.1082,732.5173,2.8,448.0,66.1167,302.0,2.4256,high,1993.1795,22.0623,30399.4665,481.6,3305.8333,34186.8999
9101,S1_light_traffic,B_dynamic_buffered,0,393,2145.35,725.0283,19.248,744.2763,6.55,260.0,38.8667,302.0,2.4645,value,1991.6834,51.5076,29130.9754,1126.6,1943.3333,32200.9088
9101,S1_light_traffic,B_dynamic_buffered,0,393,2145.35,725.0283,19.248,744.2763,6.55,260.0,38.8667,302.0,2.4645,low,1852.5038,47.9083,24561.1188,327.5,1943.3333,26831.9521
9101,S1_light_traffic,B_dynamic_buffered,0,393,2145.35,725.0283,19.248,744.2763,6.55,260.0,38.8667,302.0,2.4645,high,2025.1759,52.3738,30887.4676,1126.6,1943.3333,33957.4009
9101,S1_light_traffic,C_ai_rolling_buffered,0,401,2145.35,727.5591,19.6577,747.2168,6.6833,214.0,31.1333,302.0,2.4742,value,1999.5522,52.6039,29246.0657,1149.5333,1556.6667,31952.2657
9101,S1_light_traffic,C_ai_rolling_buffered,0,401,2145.35,727.5591,19.6577,747.2168,6.6833,214.0,31.1333,302.0,2.4742,low,1859.8226,48.9279,24658.1545,334.1667,1556.6667,26548.9878
9101,S1_light_traffic,C_ai_rolling_buffered,0,401,2145.35,727.5591,19.6577,747.2168,6.6833,214.0,31.1333,302.0,2.4742,high,2033.1769,53.4885,31009.4973,1149.5333,1556.6667,33715.6973
9101,S2_peak_traffic,A_static_planned,0,153,2145.35,726.4466,7.8,734.2466,2.55,702.0,103.5,302.0,2.4313,value,1964.844,20.8728,28738.4132,438.6,5175.0,34352.0132
9101,S2_peak_traffic,A_static_planned,0,153,2145.35,726.4466,7.8,734.2466,2.55,702.0,103.5,302.0,2.4313,low,1827.5399,19.4142,24230.1389,127.5,5175.0,29532.6389
9101,S2_peak_traffic,A_static_planned,0,153,2145.35,726.4466,7.8,734.2466,2.55,702.0,103.5,302.0,2.4313,high,1997.8851,21.2238,30471.2352,438.6,5175.0,36084.8352
9101,S2_peak_traffic,B_dynamic,0,128,2145.35,724.5316,6.64,731.1716,2.1333,955.0,140.3,302.0,2.4211,value,1956.6152,17.7686,28618.0571,366.9333,7015.0,35999.9904
9101,S2_peak_traffic,B_dynamic,0,128,2145.35,724.5316,6.64,731.1716,2.1333,955.0,140.3,302.0,2.4211,low,1819.8862,16.527,24128.6634,106.6667,7015.0,31250.33
9101,S2_peak_traffic,B_dynamic,0,128,2145.35,724.5316,6.64,731.1716,2.1333,955.0,140.3,302.0,2.4211,high,1989.518,18.0674,30343.6221,366.9333,7015.0,37725.5554
9101,S2_peak_traffic,C_ai_rolling,0,85,2145.35,726.3722,4.2878,730.66,1.4167,1117.0,163.8667,302.0,2.4194,value,1955.2462,11.4742,28598.0337,243.6667,8193.3333,37035.0337
9101,S2_peak_traffic,C_ai_rolling,0,85,2145.35,726.3722,4.2878,730.66,1.4167,1117.0,163.8667,302.0,2.4194,low,1818.6128,10.6724,24111.7811,70.8333,8193.3333,32375.9478
9101,S2_peak_traffic,C_ai_rolling,0,85,2145.35,726.3722,4.2878,730.66,1.4167,1117.0,163.8667,302.0,2.4194,high,1988.126,11.6672,30322.3914,243.6667,8193.3333,38759.3914
9101,S2_peak_traffic,B_dynamic_buffered,0,153,2145.35,722.2595,7.6313,729.8908,2.55,737.0,105.95,302.0,2.4169,value,1953.1879,20.4214,28567.9272,438.6,5297.5,34304.0272
9101,S2_peak_traffic,B_dynamic_buffered,0,153,2145.35,722.2595,7.6313,729.8908,2.55,737.0,105.95,302.0,2.4169,low,1816.6983,18.9944,24086.3975,127.5,5297.5,29511.3975
9101,S2_peak_traffic,B_dynamic_buffered,0,153,2145.35,722.2595,7.6313,729.8908,2.55,737.0,105.95,302.0,2.4169,high,1986.033,20.7649,30290.4696,438.6,5297.5,36026.5696
9101,S2_peak_traffic,C_ai_rolling_buffered,0,143,2145.35,725.3831,7.2153,732.5985,2.3833,756.0,110.1667,302.0,2.4258,value,1960.4335,19.3082,28673.9045,409.9333,5508.3333,34592.1712
9101,S2_peak_traffic,C_ai_rolling_buffered,0,143,2145.35,725.3831,7.2153,732.5985,2.3833,756.0,110.1667,302.0,2.4258,low,1823.4376,17.959,24175.7498,119.1667,5508.3333,29803.2498
9101,S2_peak_traffic,C_ai_rolling_buffered,0,143,2145.35,725.3831,7.2153,732.5985,2.3833,756.0,110.1667,302.0,2.4258,high,1993.4005,19.6329,30402.8369,409.9333,5508.3333,36321.1036
9101,S3_site_delay,A_static_planned,0,406,2145.35,724.5403,20.026,744.5663,6.7667,311.0,45.8,302.0,2.4655,value,1992.4594,53.5896,29142.3242,1163.8667,2290.0,32596.1909
9101,S3_site_delay,A_static_planned,0,406,2145.35,724.5403,20.026,744.5663,6.7667,311.0,45.8,302.0,2.4655,low,1853.2255,49.8447,24570.6873,338.3333,2290.0,27199.0206
9101,S3_site_delay,A_static_planned,0,406,2145.35,724.5403,20.026,744.5663,6.7667,311.0,45.8,302.0,2.4655,high,2025.9649,54.4907,30899.5007,1163.8667,2290.0,34353.3673
9101,S3_site_delay,B_dynamic,0,178,2145.35,723.681,8.8937,732.5747,2.9667,454.0,68.4333,302.0,2.4257,value,1960.3699,23.7995,28672.9738,510.2667,3421.6667,32604.9071
9101,S3_site_delay,B_dynamic,0,178,2145.35,723.681,8.8937,732.5747,2.9667,454.0,68.4333,302.0,2.4257,low,1823.3784,22.1363,24174.9651,148.3333,3421.6667,27744.9651
9101,S3_site_delay,B_dynamic,0,178,2145.35,723.681,8.8937,732.5747,2.9667,454.0,68.4333,302.0,2.4257,high,1993.3358,24.1997,30401.8501,510.2667,3421.6667,34333.7834
9101,S3_site_delay,C_ai_rolling,0,126,2145.35,724.2319,6.1588,730.3907,2.1,626.0,90.5667,302.0,2.4185,value,1954.5255,16.481,28587.4919,361.2,4528.3333,33477.0252
9101,S3_site_delay,C_ai_rolling,0,126,2145.35,724.2319,6.1588,730.3907,2.1,626.0,90.5667,302.0,2.4185,low,1817.9424,15.3293,24102.893,105.0,4528.3333,28736.2263
9101,S3_site_delay,C_ai_rolling,0,126,2145.35,724.2319,6.1588,730.3907,2.1,626.0,90.5667,302.0,2.4185,high,1987.3931,16.7582,30311.2139,361.2,4528.3333,35200.7472
9101,S3_site_delay,B_dynamic_buffered,0,293,2145.35,725.5159,14.3957,739.9116,4.8833,350.0,51.5833,302.0,2.45,value,1980.0034,38.5228,28960.1393,839.9333,2579.1667,32379.2393
9101,S3_site_delay,B_dynamic_buffered,0,293,2145.35,725.5159,14.3957,739.9116,4.8833,350.0,51.5833,302.0,2.45,low,1841.6399,35.8308,24417.0822,244.1667,2579.1667,27240.4155
9101,S3_site_delay,B_dynamic_buffered,0,293,2145.35,725.5159,14.3957,739.9116,4.8833,350.0,51.5833,302.0,2.45,high,2013.2994,39.1706,30706.3306,839.9333,2579.1667,34125.4306
9101,S3_site_delay,C_ai_rolling_buffered,0,338,2145.35,726.6119,16.5727,743.1846,5.6333,317.0,45.0667,302.0,2.4609,value,1988.7619,44.3485,29088.2443,968.9333,2253.3333,32310.511
9101,S3_site_delay,C_ai_rolling_buffered,0,338,2145.35,726.6119,16.5727,743.1846,5.6333,317.0,45.0667,302.0,2.4609,low,1849.7864,41.2494,24525.091,281.6667,2253.3333,27060.091
9101,S3_site_delay,C_ai_rolling_buffered,0,338,2145.35,726.6119,16.5727,743.1846,5.6333,317.0,45.0667,302.0,2.4609,high,2022.2052,45.0942,30842.1599,968.9333,2253.3333,34064.4266
9101,S4_multi_site_delay,A_static_planned,0,453,2145.35,724.2927,22.207,746.4997,7.55,261.0,38.4333,302.0,2.4719,value,1997.6333,59.4259,29217.9999,1298.6,1921.6667,32438.2665
9101,S4_multi_site_delay,A_static_planned,0,453,2145.35,724.2927,22.207,746.4997,7.55,261.0,38.4333,302.0,2.4719,low,1858.0379,55.2732,24634.4915,377.5,1921.6667,26933.6581
9101,S4_multi_site_delay,A_static_planned,0,453,2145.35,724.2927,22.207,746.4997,7.55,261.0,38.4333,302.0,2.4719,high,2031.2258,60.4252,30979.7393,1298.6,1921.6667,34200.0059
9101,S4_multi_site_delay,B_dynamic,0,213,2145.35,727.1635,11.0325,738.196,3.55,396.0,59.3,302.0,2.4444,value,1975.4126,29.523,28892.9924,610.6,2965.0,32468.5924
9101,S4_multi_site_delay,B_dynamic,0,213,2145.35,727.1635,11.0325,738.196,3.55,396.0,59.3,302.0,2.4444,low,1837.3699,27.4599,24360.4688,177.5,2965.0,27502.9688
9101,S4_multi_site_delay,B_dynamic,0,213,2145.35,727.1635,11.0325,738.196,3.55,396.0,59.3,302.0,2.4444,high,2008.6314,30.0194,30635.135,610.6,2965.0,34210.735
9101,S4_multi_site_delay,C_ai_rolling,0,147,2145.35,725.9646,7.2295,733.1941,2.45,551.0,81.2167,302.0,2.4278,value,1962.0274,19.3461,28697.2174,421.4,4060.8333,33179.4507
9101,S4_multi_site_delay,C_ai_rolling,0,147,2145.35,725.9646,7.2295,733.1941,2.45,551.0,81.2167,302.0,2.4278,low,1824.9201,17.9942,24195.4056,122.5,4060.8333,28378.7389
9101,S4_multi_site_delay,C_ai_rolling,0,147,2145.35,725.9646,7.2295,733.1941,2.45,551.0,81.2167,302.0,2.4278,high,1995.0212,19.6715,30427.5555,421.4,4060.8333,34909.7888
9101,S4_multi_site_delay,B_dynamic_buffered,0,275,2145.35,724.7002,13.5282,738.2283,4.5833,273.0,40.5,302.0,2.4445,value,1975.499,36.2014,28894.2568,788.3333,2025.0,31707.5901
9101,S4_multi_site_delay,B_dynamic_buffered,0,275,2145.35,724.7002,13.5282,738.2283,4.5833,273.0,40.5,302.0,2.4445,low,1837.4503,33.6716,24361.5349,229.1667,2025.0,26615.7015
9101,S4_multi_site_delay,B_dynamic_buffered,0,275,2145.35,724.7002,13.5282,738.2283,4.5833,273.0,40.5,302.0,2.4445,high,2008.7193,36.8101,30636.4757,788.3333,2025.0,33449.809
9101,S4_multi_site_delay,C_ai_rolling_buffered,0,346,2145.35,725.3149,17.1378,742.4527,5.7667,250.0,37.2167,302.0,2.4585,value,1986.8034,45.8608,29059.599,991.8667,1860.8333,31912.299
9101,S4_multi_site_delay,C_ai_rolling_buffered,0,346,2145.35,725.3149,17.1378,742.4527,5.7667,250.0,37.2167,302.0,2.4585,low,1847.9648,42.6561,24500.9394,288.3333,1860.8333,26650.1061
9101,S4_multi_site_delay,C_ai_rolling_buffered,0,346,2145.35,725.3149,17.1378,742.4527,5.7667,250.0,37.2167,302.0,2.4585,high,2020.2138,46.632,30811.7874,991.8667,1860.8333,33664.4874
9101,S5_pump_failure,A_static_planned,0,449,2145.35,724.9249,22.3363,747.2612,7.4833,337.0,49.0333,302.0,2.4744,value,1999.6711,59.772,29247.8047,1287.1333,2451.6667,32986.6047
9101,S5_pump_failure,A_static_planned,0,449,2145.35,724.9249,22.3363,747.2612,7.4833,337.0,49.0333,302.0,2.4744,low,1859.9332,55.5951,24659.6208,374.1667,2451.6667,27485.4541
9101,S5_pump_failure,A_static_planned,0,449,2145.35,724.9249,22.3363,747.2612,7.4833,337.0,49.0333,302.0,2.4744,high,2033.2978,60.7772,31011.3413,1287.1333,2451.6667,34750.1413
9101,S5_pump_failure,B_dynamic,0,199,2145.35,726.2551,10.2593,736.5144,3.3167,469.0,69.8667,302.0,2.4388,value,1970.9126,27.454,28827.1741,570.4667,3493.3333,32890.9741
9101,S5_pump_failure,B_dynamic,0,199,2145.35,726.2551,10.2593,736.5144,3.3167,469.0,69.8667,302.0,2.4388,low,1833.1844,25.5355,24304.9756,165.8333,3493.3333,27964.1423
9101,S5_pump_failure,B_dynamic,0,199,2145.35,726.2551,10.2593,736.5144,3.3167,469.0,69.8667,302.0,2.4388,high,2004.0557,27.9156,30565.3481,570.4667,3493.3333,34629.1481
9101,S5_pump_failure,C_ai_rolling,0,122,2145.35,724.9049,5.9485,730.8534,2.0333,624.0,90.5333,302.0,2.42,value,1955.7636,15.9182,28605.6001,349.7333,4526.6667,33482.0001
9101,S5_pump_failure,C_ai_rolling,0,122,2145.35,724.9049,5.9485,730.8534,2.0333,624.0,90.5333,302.0,2.42,low,1819.094,14.8058,24118.1606,101.6667,4526.6667,28746.4939
9101,S5_pump_failure,C_ai_rolling,0,122,2145.35,724.9049,5.9485,730.8534,2.0333,624.0,90.5333,302.0,2.42,high,1988.652,16.1859,30330.414,349.7333,4526.6667,35206.814
9101,S5_pump_failure,B_dynamic_buffered,0,312,2145.35,723.816,15.5488,739.3648,5.2,348.0,52.2667,302.0,2.4482,value,1978.5402,41.6087,28938.7382,894.4,2613.3333,32446.4715
9101,S5_pump_failure,B_dynamic_buffered,0,312,2145.35,723.816,15.5488,739.3648,5.2,348.0,52.2667,302.0,2.4482,low,1840.279,38.701,24399.0383,260.0,2613.3333,27272.3716
9101,S5_pump_failure,B_dynamic_buffered,0,312,2145.35,723.816,15.5488,739.3648,5.2,348.0,52.2667,302.0,2.4482,high,2011.8116,42.3084,30683.6391,894.4,2613.3333,34191.3724
9101,S5_pump_failure,C_ai_rolling_buffered,0,376,2145.35,722.8092,18.3755,741.1847,6.2667,333.0,47.9,302.0,2.4543,value,1983.4103,49.1728,29009.9698,1077.8667,2395.0,32482.8364
9101,S5_pump_failure,C_ai_rolling_buffered,0,376,2145.35,722.8092,18.3755,741.1847,6.2667,333.0,47.9,302.0,2.4543,low,1844.8088,45.7366,24459.0956,313.3333,2395.0,27167.4289
9101,S5_pump_failure,C_ai_rolling_buffered,0,376,2145.35,722.8092,18.3755,741.1847,6.2667,333.0,47.9,302.0,2.4543,high,2016.7636,49.9997,30759.1657,1077.8667,2395.0,34232.0324
9101,S6_high_demand,A_static_planned,0,167,3365.43,1137.5001,8.0418,1145.5419,2.7833,3591.0,537.8167,479.5,2.389,value,3065.4701,21.5199,44836.5102,478.7333,26890.8333,72206.0768
9101,S6_high_demand,A_static_planned,0,167,3365.43,1137.5001,8.0418,1145.5419,2.7833,3591.0,537.8167,479.5,2.389,low,2851.2538,20.0161,37802.8829,139.1667,26890.8333,64832.8829
9101,S6_high_demand,A_static_planned,0,167,3365.43,1137.5001,8.0418,1145.5419,2.7833,3591.0,537.8167,479.5,2.389,high,3117.0195,21.8818,47539.9891,478.7333,26890.8333,74909.5557
9101,S6_high_demand,B_dynamic,2,79,3304.798,1117.6879,3.8943,1121.5823,1.3167,4310.0,619.1167,469.5,2.3889,value,3001.3542,10.4212,43898.7302,226.4667,30955.8333,75081.0302
9101,S6_high_demand,B_dynamic,2,79,3304.798,1117.6879,3.8943,1121.5823,1.3167,4310.0,619.1167,469.5,2.3889,low,2791.6183,9.693,37012.215,65.8333,30955.8333,68033.8817
9101,S6_high_demand,B_dynamic,2,79,3304.798,1117.6879,3.8943,1121.5823,1.3167,4310.0,619.1167,469.5,2.3889,high,3051.8254,10.5965,46545.6643,226.4667,30955.8333,77727.9643
9101,S6_high_demand,C_ai_rolling,3,32,3289.228,1111.6847,1.724,1113.4087,0.5333,4241.0,613.95,464.5,2.397,value,2979.4818,4.6134,43578.8181,91.7333,30697.5,74368.0515
9101,S6_high_demand,C_ai_rolling,3,32,3289.228,1111.6847,1.724,1113.4087,0.5333,4241.0,613.95,464.5,2.397,low,2771.2744,4.291,36742.4885,26.6667,30697.5,67466.6551
9101,S6_high_demand,C_ai_rolling,3,32,3289.228,1111.6847,1.724,1113.4087,0.5333,4241.0,613.95,464.5,2.397,high,3029.5852,4.691,46206.4627,91.7333,30697.5,76995.6961
9101,S6_high_demand,B_dynamic_buffered,1,103,3335.114,1129.6127,5.1972,1134.8098,1.7167,4110.0,608.5333,474.5,2.3916,value,3036.7511,13.9076,44416.4564,295.2667,30426.6667,75138.3897
9101,S6_high_demand,B_dynamic_buffered,1,103,3335.114,1129.6127,5.1972,1134.8098,1.7167,4110.0,608.5333,474.5,2.3916,low,2824.5416,12.9357,37448.7241,85.8333,30426.6667,67961.2241
9101,S6_high_demand,B_dynamic_buffered,1,103,3335.114,1129.6127,5.1972,1134.8098,1.7167,4110.0,608.5333,474.5,2.3916,high,3087.8175,14.1415,47094.6075,295.2667,30426.6667,77816.5409
9101,S6_high_demand,C_ai_rolling_buffered,1,85,3335.114,1125.4544,4.263,1129.7174,1.4167,4010.0,578.15,474.5,2.3809,value,3023.1237,11.4078,44217.1379,243.6667,28907.5,73368.3046
9101,S6_high_demand,C_ai_rolling_buffered,1,85,3335.114,1125.4544,4.263,1129.7174,1.4167,4010.0,578.15,474.5,2.3809,low,2811.8665,10.6106,37280.6732,70.8333,28907.5,66259.0066
9101,S6_high_demand,C_ai_rolling_buffered,1,85,3335.114,1125.4544,4.263,1129.7174,1.4167,4010.0,578.15,474.5,2.3809,high,3073.961,11.5996,46883.2709,243.6667,28907.5,76034.4375
9101,S7_mixed_disruption,A_static_planned,0,461,2145.35,728.5564,22.598,751.1544,7.6833,783.0,117.2,302.0,2.4873,value,2010.0891,60.4722,29400.1825,1321.5333,5860.0,36581.7158
9101,S7_mixed_disruption,A_static_planned,0,461,2145.35,728.5564,22.598,751.1544,7.6833,783.0,117.2,302.0,2.4873,low,1869.6233,56.2464,24788.0946,384.1667,5860.0,31032.2612
9101,S7_mixed_disruption,A_static_planned,0,461,2145.35,728.5564,22.598,751.1544,7.6833,783.0,117.2,302.0,2.4873,high,2043.8911,61.4892,31172.9068,1321.5333,5860.0,38354.4401
9101,S7_mixed_disruption,B_dynamic,0,263,2145.35,727.482,13.2257,740.7077,4.3833,1053.0,151.1333,302.0,2.4527,value,1982.1338,35.3919,28991.2987,753.9333,7556.6667,37301.8987
9101,S7_mixed_disruption,B_dynamic,0,263,2145.35,727.482,13.2257,740.7077,4.3833,1053.0,151.1333,302.0,2.4527,low,1843.6214,32.9187,24443.3535,219.1667,7556.6667,32219.1868
9101,S7_mixed_disruption,B_dynamic,0,263,2145.35,727.482,13.2257,740.7077,4.3833,1053.0,151.1333,302.0,2.4527,high,2015.4656,35.987,30739.3688,753.9333,7556.6667,39049.9688
9101,S7_mixed_disruption,C_ai_rolling,0,147,2145.35,725.5734,7.6583,733.2317,2.45,1050.0,156.0,302.0,2.4279,value,1962.1281,20.4937,28698.689,421.4,7800.0,36920.089
9101,S7_mixed_disruption,C_ai_rolling,0,147,2145.35,725.5734,7.6583,733.2317,2.45,1050.0,156.0,302.0,2.4279,low,1825.0137,19.0616,24196.6464,122.5,7800.0,32119.1464
9101,S7_mixed_disruption,C_ai_rolling,0,147,2145.35,725.5734,7.6583,733.2317,2.45,1050.0,156.0,302.0,2.4279,high,1995.1235,20.8383,30429.1159,421.4,7800.0,38650.5159
9101,S7_mixed_disruption,B_dynamic_buffered,0,358,2145.35,723.2827,17.8337,741.1164,5.9667,650.0,95.8167,302.0,2.454,value,1983.2275,47.7229,29007.2965,1026.2667,4790.8333,34824.3965
9101,S7_mixed_disruption,B_dynamic_buffered,0,358,2145.35,723.2827,17.8337,741.1164,5.9667,650.0,95.8167,302.0,2.454,low,1844.6388,44.388,24456.8417,298.3333,4790.8333,29546.0084
9101,S7_mixed_disruption,B_dynamic_buffered,0,358,2145.35,723.2827,17.8337,741.1164,5.9667,650.0,95.8167,302.0,2.454,high,2016.5778,48.5254,30756.3313,1026.2667,4790.8333,36573.4313
9101,S7_mixed_disruption,C_ai_rolling_buffered,0,222,2145.35,726.7483,10.997,737.7453,3.7,760.0,115.25,302.0,2.4429,value,1974.2064,29.428,28875.3501,636.4,5762.5,35274.2501
9101,S7_mixed_disruption,C_ai_rolling_buffered,0,222,2145.35,726.7483,10.997,737.7453,3.7,760.0,115.25,302.0,2.4429,low,1836.248,27.3715,24345.5941,185.0,5762.5,30293.0941
9101,S7_mixed_disruption,C_ai_rolling_buffered,0,222,2145.35,726.7483,10.997,737.7453,3.7,760.0,115.25,302.0,2.4429,high,2007.4049,29.9228,30616.429,636.4,5762.5,37015.329
9101,S8_ai_prediction_error,A_static_planned,0,440,2145.35,723.9267,21.688,745.6147,7.3333,331.0,46.5667,302.0,2.4689,value,1995.265,58.0371,29183.3601,1261.3333,2328.3333,32773.0268
9101,S8_ai_prediction_error,A_static_planned,0,440,2145.35,723.9267,21.688,745.6147,7.3333,331.0,46.5667,302.0,2.4689,low,1855.835,53.9814,24605.2858,366.6667,2328.3333,27300.2858
9101,S8_ai_prediction_error,A_static_planned,0,440,2145.35,723.9267,21.688,745.6147,7.3333,331.0,46.5667,302.0,2.4689,high,2028.8177,59.013,30943.0109,1261.3333,2328.3333,34532.6775
9101,S8_ai_prediction_error,B_dynamic,0,137,2145.35,726.6022,6.3367,732.9389,2.2833,542.0,80.1,302.0,2.4269,value,1961.3445,16.9569,28687.2282,392.7333,4005.0,33084.9615
9101,S8_ai_prediction_error,B_dynamic,0,137,2145.35,726.6022,6.3367,732.9389,2.2833,542.0,80.1,302.0,2.4269,low,1824.2849,15.772,24186.9834,114.1667,4005.0,28306.1501
9101,S8_ai_prediction_error,B_dynamic,0,137,2145.35,726.6022,6.3367,732.9389,2.2833,542.0,80.1,302.0,2.4269,high,1994.3267,17.2421,30416.964,392.7333,4005.0,34814.6973
9101,S8_ai_prediction_error,C_ai_rolling,0,81,2145.35,724.5097,3.7117,728.2213,1.35,561.0,83.1333,302.0,2.4113,value,1948.7203,9.9324,28502.5831,232.2,4156.6667,32891.4497
9101,S8_ai_prediction_error,C_ai_rolling,0,81,2145.35,724.5097,3.7117,728.2213,1.35,561.0,83.1333,302.0,2.4113,low,1812.5429,9.2383,24031.3041,67.5,4156.6667,28255.4707
9101,S8_ai_prediction_error,C_ai_rolling,0,81,2145.35,724.5097,3.7117,728.2213,1.35,561.0,83.1333,302.0,2.4113,high,1981.4903,10.0994,30221.1854,232.2,4156.6667,34610.0521
9101,S8_ai_prediction_error,B_dynamic_buffered,0,254,2145.35,726.7193,11.8457,738.565,4.2333,398.0,55.05,302.0,2.4456,value,1976.3998,31.699,28907.4323,728.1333,2752.5,32388.0656
9101,S8_ai_prediction_error,B_dynamic_buffered,0,254,2145.35,726.7193,11.8457,738.565,4.2333,398.0,55.05,302.0,2.4456,low,1838.2882,29.4839,24372.6434,211.6667,2752.5,27336.8101
9101,S8_ai_prediction_error,B_dynamic_buffered,0,254,2145.35,726.7193,11.8457,738.565,4.2333,398.0,55.05,302.0,2.4456,high,2009.6352,32.2321,30650.4456,728.1333,2752.5,34131.0789
9101,S8_ai_prediction_error,C_ai_rolling_buffered,0,307,2145.35,725.3708,15.1785,740.5493,5.1167,292.0,39.7667,302.0,2.4522,value,1981.7099,40.6177,28985.0998,880.0667,1988.3333,31853.4998
9101,S8_ai_prediction_error,C_ai_rolling_buffered,0,307,2145.35,725.3708,15.1785,740.5493,5.1167,292.0,39.7667,302.0,2.4522,low,1843.2272,37.7793,24438.1271,255.8333,1988.3333,26682.2938
9101,S8_ai_prediction_error,C_ai_rolling_buffered,0,307,2145.35,725.3708,15.1785,740.5493,5.1167,292.0,39.7667,302.0,2.4522,high,2015.0347,41.3007,30732.7962,880.0667,1988.3333,33601.1962
9102,S0_normal,A_static_planned,0,305,2474.172,835.8655,14.832,850.6975,5.0833,908.0,128.15,347.5,2.4481,value,2276.4666,39.6904,33296.3017,874.3333,6407.5,40578.135
9102,S0_normal,A_static_planned,0,305,2474.172,835.8655,14.832,850.6975,5.0833,908.0,128.15,347.5,2.4481,low,2117.3862,36.9168,28073.0188,254.1667,6407.5,34734.6855
9102,S0_normal,A_static_planned,0,305,2474.172,835.8655,14.832,850.6975,5.0833,908.0,128.15,347.5,2.4481,high,2314.748,40.3579,35303.9479,874.3333,6407.5,42585.7812
9102,S0_normal,B_dynamic,0,209,2474.172,835.9313,10.3498,846.2811,3.4833,1063.0,151.0167,347.5,2.4353,value,2264.6483,27.6962,33123.4427,599.1333,7550.8333,41273.4094
9102,S0_normal,B_dynamic,0,209,2474.172,835.9313,10.3498,846.2811,3.4833,1063.0,151.0167,347.5,2.4353,low,2106.3937,25.7607,27927.2767,174.1667,7550.8333,35652.2767
9102,S0_normal,B_dynamic,0,209,2474.172,835.9313,10.3498,846.2811,3.4833,1063.0,151.0167,347.5,2.4353,high,2302.7309,28.1619,35120.6661,599.1333,7550.8333,43270.6328
9102,S0_normal,C_ai_rolling,0,70,2474.172,837.5977,3.5685,841.1662,1.1667,1184.0,167.55,347.5,2.4206,value,2250.9607,9.5493,32923.2443,200.6667,8377.5,41501.4109
9102,S0_normal,C_ai_rolling,0,70,2474.172,837.5977,3.5685,841.1662,1.1667,1184.0,167.55,347.5,2.4206,low,2093.6626,8.882,27758.4839,58.3333,8377.5,36194.3173
9102,S0_normal,C_ai_rolling,0,70,2474.172,837.5977,3.5685,841.1662,1.1667,1184.0,167.55,347.5,2.4206,high,2288.8132,9.7099,34908.3965,200.6667,8377.5,43486.5631
9102,S0_normal,B_dynamic_buffered,0,274,2474.172,834.4784,13.5543,848.0328,4.5667,902.0,127.5,347.5,2.4404,value,2269.3357,36.2714,33192.0021,785.4667,6375.0,40352.4688
9102,S0_normal,B_dynamic_buffered,0,274,2474.172,834.4784,13.5543,848.0328,4.5667,902.0,127.5,347.5,2.4404,low,2110.7535,33.7367,27985.081,228.3333,6375.0,34588.4143
9102,S0_normal,B_dynamic_buffered,0,274,2474.172,834.4784,13.5543,848.0328,4.5667,902.0,127.5,347.5,2.4404,high,2307.4971,36.8813,35193.3594,785.4667,6375.0,42353.8261
9102,S0_normal,C_ai_rolling_buffered,0,298,2474.172,836.2126,14.8232,851.0358,4.9667,882.0,125.7833,347.5,2.449,value,2277.3717,39.6668,33309.5395,854.2667,6289.1667,40452.9728
9102,S0_normal,C_ai_rolling_buffered,0,298,2474.172,836.2126,14.8232,851.0358,4.9667,882.0,125.7833,347.5,2.449,low,2118.228,36.8949,28084.18,248.3333,6289.1667,34621.68
9102,S0_normal,C_ai_rolling_buffered,0,298,2474.172,836.2126,14.8232,851.0358,4.9667,882.0,125.7833,347.5,2.449,high,2315.6683,40.3338,35317.9839,854.2667,6289.1667,42461.4172
9102,S1_light_traffic,A_static_planned,0,386,2474.172,838.6457,19.252,857.8977,6.4333,744.0,104.3833,347.5,2.4688,value,2295.7344,51.5184,33578.1177,1106.5333,5219.1667,39903.8177
9102,S1_light_traffic,A_static_planned,0,386,2474.172,838.6457,19.252,857.8977,6.4333,744.0,104.3833,347.5,2.4688,low,2135.3075,47.9182,28310.6255,321.6667,5219.1667,33851.4589
9102,S1_light_traffic,A_static_planned,0,386,2474.172,838.6457,19.252,857.8977,6.4333,744.0,104.3833,347.5,2.4688,high,2334.3398,52.3847,35602.7564,1106.5333,5219.1667,41928.4564
9102,S1_light_traffic,B_dynamic,0,176,2474.172,837.2348,8.812,846.0468,2.9333,963.0,136.7167,347.5,2.4347,value,2264.0213,23.5809,33114.2724,504.5333,6835.8333,40454.639
9102,S1_light_traffic,B_dynamic,0,176,2474.172,837.2348,8.812,846.0468,2.9333,963.0,136.7167,347.5,2.4347,low,2105.8105,21.9331,27919.5449,146.6667,6835.8333,34902.0449
9102,S1_light_traffic,B_dynamic,0,176,2474.172,837.2348,8.812,846.0468,2.9333,963.0,136.7167,347.5,2.4347,high,2302.0934,23.9775,35110.9428,504.5333,6835.8333,42451.3095
9102,S1_light_traffic,C_ai_rolling,0,82,2474.172,830.6987,4.0257,834.7244,1.3667,1092.0,154.6333,347.5,2.4021,value,2233.7225,10.7727,32671.1131,235.0667,7731.6667,40637.8465
9102,S1_light_traffic,C_ai_rolling,0,82,2474.172,830.6987,4.0257,834.7244,1.3667,1092.0,154.6333,347.5,2.4021,low,2077.629,10.0199,27545.9053,68.3333,7731.6667,35345.9053
9102,S1_light_traffic,C_ai_rolling,0,82,2474.172,830.6987,4.0257,834.7244,1.3667,1092.0,154.6333,347.5,2.4021,high,2271.2851,10.9538,34641.0627,235.0667,7731.6667,42607.796
9102,S1_light_traffic,B_dynamic_buffered,0,301,2474.172,835.755,14.5357,850.2906,5.0167,851.0,120.85,347.5,2.4469,value,2275.3778,38.8974,33280.3758,862.8667,6042.5,40185.7425
9102,S1_light_traffic,B_dynamic_buffered,0,301,2474.172,835.755,14.5357,850.2906,5.0167,851.0,120.85,347.5,2.4469,low,2116.3734,36.1793,28059.5913,250.8333,6042.5,34352.9246
9102,S1_light_traffic,B_dynamic_buffered,0,301,2474.172,835.755,14.5357,850.2906,5.0167,851.0,120.85,347.5,2.4469,high,2313.6408,39.5515,35287.0618,862.8667,6042.5,42192.4284
9102,S1_light_traffic,C_ai_rolling_buffered,0,319,2474.172,836.9321,15.8177,852.7498,5.3167,725.0,102.9333,347.5,2.454,value,2281.9584,42.3281,33376.6264,914.4667,5146.6667,39437.7598
9102,S1_light_traffic,C_ai_rolling_buffered,0,319,2474.172,836.9321,15.8177,852.7498,5.3167,725.0,102.9333,347.5,2.454,low,2122.4942,39.3702,28140.7428,265.8333,5146.6667,33553.2428
9102,S1_light_traffic,C_ai_rolling_buffered,0,319,2474.172,836.9321,15.8177,852.7498,5.3167,725.0,102.9333,347.5,2.454,high,2320.3322,43.0399,35389.1159,914.4667,5146.6667,41450.2493
9102,S2_peak_traffic,A_static_planned,0,208,2474.172,835.5097,10.1793,845.689,3.4667,1368.0,193.4,347.5,2.4336,value,2263.0639,27.2399,33100.2694,596.2667,9670.0,43366.536
9102,S2_peak_traffic,A_static_planned,0,208,2474.172,835.5097,10.1793,845.689,3.4667,1368.0,193.4,347.5,2.4336,low,2104.92,25.3364,27907.7386,173.3333,9670.0,37751.0719
9102,S2_peak_traffic,A_static_planned,0,208,2474.172,835.5097,10.1793,845.689,3.4667,1368.0,193.4,347.5,2.4336,high,2301.1199,27.698,35096.0955,596.2667,9670.0,45362.3622
9102,S2_peak_traffic,B_dynamic,1,148,2428.338,819.4657,7.1717,826.6373,2.4667,1428.0,203.2333,342.5,2.4135,value,2212.0815,19.1914,32354.5857,424.2667,10161.6667,42940.519
9102,S2_peak_traffic,B_dynamic,1,148,2428.338,819.4657,7.1717,826.6373,2.4667,1428.0,203.2333,342.5,2.4135,low,2057.5004,17.8503,27279.0324,123.3333,10161.6667,37564.0324
9102,S2_peak_traffic,B_dynamic,1,148,2428.338,819.4657,7.1717,826.6373,2.4667,1428.0,203.2333,342.5,2.4135,high,2249.2802,19.5141,34305.4498,424.2667,10161.6667,44891.3832
9102,S2_peak_traffic,C_ai_rolling,0,63,2474.172,835.9082,3.0888,838.997,1.05,1555.0,218.7667,347.5,2.4144,value,2245.156,8.2657,32838.3425,180.6,10938.3333,43957.2758
9102,S2_peak_traffic,C_ai_rolling,0,63,2474.172,835.9082,3.0888,838.997,1.05,1555.0,218.7667,347.5,2.4144,low,2088.2635,7.6881,27686.9009,52.5,10938.3333,38677.7342
9102,S2_peak_traffic,C_ai_rolling,0,63,2474.172,835.9082,3.0888,838.997,1.05,1555.0,218.7667,347.5,2.4144,high,2282.9108,8.4047,34818.3754,180.6,10938.3333,45937.3087
9102,S2_peak_traffic,B_dynamic_buffered,1,251,2428.338,822.2339,12.2255,834.4594,4.1833,1264.0,179.0667,342.25,2.4382,value,2233.0134,32.7154,32660.742,719.5333,8953.3333,42333.6087
9102,S2_peak_traffic,B_dynamic_buffered,1,251,2428.338,822.2339,12.2255,834.4594,4.1833,1264.0,179.0667,342.25,2.4382,low,2076.9695,30.4293,27537.1611,209.1667,8953.3333,36699.6611
9102,S2_peak_traffic,B_dynamic_buffered,1,251,2428.338,822.2339,12.2255,834.4594,4.1833,1264.0,179.0667,342.25,2.4382,high,2270.5641,33.2656,34630.0663,719.5333,8953.3333,44302.9329
9102,S2_peak_traffic,C_ai_rolling_buffered,0,294,2474.172,836.7482,14.3928,851.141,4.9,1360.0,193.0667,347.5,2.4493,value,2277.6533,38.5152,33313.6585,842.8,9653.3333,43809.7918
9102,S2_peak_traffic,C_ai_rolling_buffered,0,294,2474.172,836.7482,14.3928,851.141,4.9,1360.0,193.0667,347.5,2.4493,low,2118.4899,35.8238,28087.6528,245.0,9653.3333,37985.9861
9102,S2_peak_traffic,C_ai_rolling_buffered,0,294,2474.172,836.7482,14.3928,851.141,4.9,1360.0,193.0667,347.5,2.4493,high,2315.9546,39.1629,35322.3512,842.8,9653.3333,45818.4846
9102,S3_site_delay,A_static_planned,0,442,2474.172,835.9319,22.5902,858.522,7.3667,968.0,136.6167,347.5,2.4706,value,2297.405,60.4513,33602.5527,1267.0667,6830.8333,41700.4527
9102,S3_site_delay,A_static_planned,0,442,2474.172,835.9319,22.5902,858.522,7.3667,968.0,136.6167,347.5,2.4706,low,2136.8614,56.2269,28331.2274,368.3333,6830.8333,35530.3941
9102,S3_site_delay,A_static_planned,0,442,2474.172,835.9319,22.5902,858.522,7.3667,968.0,136.6167,347.5,2.4706,high,2336.0385,61.4678,35628.6648,1267.0667,6830.8333,43726.5648
9102,S3_site_delay,B_dynamic,0,139,2474.172,838.5747,7.063,845.6377,2.3167,1117.0,159.8,347.5,2.4335,value,2262.9265,18.9006,33098.2592,398.4667,7990.0,41486.7259
9102,S3_site_delay,B_dynamic,0,139,2474.172,838.5747,7.063,845.6377,2.3167,1117.0,159.8,347.5,2.4335,low,2104.7922,17.5798,27906.0438,115.8333,7990.0,36011.8771
9102,S3_site_delay,B_dynamic,0,139,2474.172,838.5747,7.063,845.6377,2.3167,1117.0,159.8,347.5,2.4335,high,2300.9802,19.2184,35093.9642,398.4667,7990.0,43482.4308
9102,S3_site_delay,C_ai_rolling,0,73,2474.172,838.6954,3.5817,842.2771,1.2167,1233.0,175.2333,347.5,2.4238,value,2253.9335,9.5845,32966.7254,209.2667,8761.6667,41937.6587
9102,S3_site_delay,C_ai_rolling,0,73,2474.172,838.6954,3.5817,842.2771,1.2167,1233.0,175.2333,347.5,2.4238,low,2096.4277,8.9148,27795.1441,60.8333,8761.6667,36617.6441
9102,S3_site_delay,C_ai_rolling,0,73,2474.172,838.6954,3.5817,842.2771,1.2167,1233.0,175.2333,347.5,2.4238,high,2291.836,9.7457,34954.4994,209.2667,8761.6667,43925.4327
9102,S3_site_delay,B_dynamic_buffered,0,197,2474.172,838.106,9.8428,847.9489,3.2833,1024.0,146.8833,347.5,2.4401,value,2269.1112,26.3394,33188.719,564.7333,7344.1667,41097.619
9102,S3_site_delay,B_dynamic_buffered,0,197,2474.172,838.106,9.8428,847.9489,3.2833,1024.0,146.8833,347.5,2.4401,low,2110.5447,24.4988,27982.3129,164.1667,7344.1667,35490.6462
9102,S3_site_delay,B_dynamic_buffered,0,197,2474.172,838.106,9.8428,847.9489,3.2833,1024.0,146.8833,347.5,2.4401,high,2307.2689,26.7823,35189.8783,564.7333,7344.1667,43098.7783
9102,S3_site_delay,C_ai_rolling_buffered,0,296,2474.172,835.9796,14.603,850.5826,4.9333,956.0,135.9333,347.5,2.4477,value,2276.159,39.0776,33291.8027,848.5333,6796.6667,40937.0027
9102,S3_site_delay,C_ai_rolling_buffered,0,296,2474.172,835.9796,14.603,850.5826,4.9333,956.0,135.9333,347.5,2.4477,low,2117.1001,36.3469,28069.2256,246.6667,6796.6667,35112.5589
9102,S3_site_delay,C_ai_rolling_buffered,0,296,2474.172,835.9796,14.603,850.5826,4.9333,956.0,135.9333,347.5,2.4477,high,2314.4352,39.7348,35299.1777,848.5333,6796.6667,42944.3777
9102,S4_multi_site_delay,A_static_planned,0,521,2474.172,840.0489,25.4673,865.5163,8.6833,963.0,135.9,347.5,2.4907,value,2316.1215,68.1506,33876.3062,1493.5333,6795.0,42164.8395
9102,S4_multi_site_delay,A_static_planned,0,521,2474.172,840.0489,25.4673,865.5163,8.6833,963.0,135.9,347.5,2.4907,low,2154.27,63.3882,28562.0364,434.1667,6795.0,35791.2031
9102,S4_multi_site_delay,A_static_planned,0,521,2474.172,840.0489,25.4673,865.5163,8.6833,963.0,135.9,347.5,2.4907,high,2355.0697,69.2966,35918.9245,1493.5333,6795.0,44207.4579
9102,S4_multi_site_delay,B_dynamic,0,186,2474.172,838.6324,8.8158,847.4482,3.1,1112.0,157.6,347.5,2.4387,value,2267.7714,23.5912,33169.1227,533.2,7880.0,41582.3227
9102,S4_multi_site_delay,B_dynamic,0,186,2474.172,838.6324,8.8158,847.4482,3.1,1112.0,157.6,347.5,2.4387,low,2109.2986,21.9426,27965.7907,155.0,7880.0,36000.7907
9102,S4_multi_site_delay,B_dynamic,0,186,2474.172,838.6324,8.8158,847.4482,3.1,1112.0,157.6,347.5,2.4387,high,2305.9066,23.9879,35169.1005,533.2,7880.0,43582.3005
9102,S4_multi_site_delay,C_ai_rolling,0,74,2474.172,837.3125,3.5093,840.8218,1.2333,1289.0,181.8833,347.5,2.4196,value,2250.0392,9.391,32909.7669,212.1333,9094.1667,42216.0669
9102,S4_multi_site_delay,C_ai_rolling,0,74,2474.172,837.3125,3.5093,840.8218,1.2333,1289.0,181.8833,347.5,2.4196,low,2092.8056,8.7347,27747.1208,61.6667,9094.1667,36902.9541
9102,S4_multi_site_delay,C_ai_rolling,0,74,2474.172,837.3125,3.5093,840.8218,1.2333,1289.0,181.8833,347.5,2.4196,high,2287.8762,9.5489,34894.1064,212.1333,9094.1667,44200.4064
9102,S4_multi_site_delay,B_dynamic_buffered,0,208,2474.172,835.1977,10.3435,845.5412,3.4667,1044.0,147.8333,347.5,2.4332,value,2262.6683,27.6792,33094.4837,596.2667,7391.6667,41082.417
9102,S4_multi_site_delay,B_dynamic_buffered,0,208,2474.172,835.1977,10.3435,845.5412,3.4667,1044.0,147.8333,347.5,2.4332,low,2104.5521,25.745,27902.8605,173.3333,7391.6667,35467.8605
9102,S4_multi_site_delay,B_dynamic_buffered,0,208,2474.172,835.1977,10.3435,845.5412,3.4667,1044.0,147.8333,347.5,2.4332,high,2300.7177,28.1447,35089.961,596.2667,7391.6667,43077.8943
9102,S4_multi_site_delay,C_ai_rolling_buffered,0,294,2474.172,834.7867,14.2535,849.0402,4.9,1043.0,147.65,347.5,2.4433,value,2272.0315,38.1424,33231.4317,842.8,7382.5,41456.7317
9102,S4_multi_site_delay,C_ai_rolling_buffered,0,294,2474.172,834.7867,14.2535,849.0402,4.9,1043.0,147.65,347.5,2.4433,low,2113.261,35.477,28018.3252,245.0,7382.5,35645.8252
9102,S4_multi_site_delay,C_ai_rolling_buffered,0,294,2474.172,834.7867,14.2535,849.0402,4.9,1043.0,147.65,347.5,2.4433,high,2310.2383,38.7838,35235.1665,842.8,7382.5,43460.4665
9102,S5_pump_failure,A_static_planned,0,356,2474.172,837.4799,17.508,854.9879,5.9333,946.0,133.5333,347.5,2.4604,value,2287.9477,46.8514,33464.2279,1020.5333,6676.6667,41161.4279
9102,S5_pump_failure,A_static_planned,0,356,2474.172,837.4799,17.508,854.9879,5.9333,946.0,133.5333,347.5,2.4604,low,2128.065,43.5774,28214.602,296.6667,6676.6667,35187.9353
9102,S5_pump_failure,A_static_planned,0,356,2474.172,837.4799,17.508,854.9879,5.9333,946.0,133.5333,347.5,2.4604,high,2326.4222,47.6393,35481.9994,1020.5333,6676.6667,43179.1994
9102,S5_pump_failure,B_dynamic,0,176,2474.172,837.4775,8.4073,845.8849,2.9333,1102.0,157.3333,347.5,2.4342,value,2263.5879,22.498,33107.9336,504.5333,7866.6667,41479.1336
9102,S5_pump_failure,B_dynamic,0,176,2474.172,837.4775,8.4073,845.8849,2.9333,1102.0,157.3333,347.5,2.4342,low,2105.4074,20.9259,27914.2005,146.6667,7866.6667,35927.5338
9102,S5_pump_failure,B_dynamic,0,176,2474.172,837.4775,8.4073,845.8849,2.9333,1102.0,157.3333,347.5,2.4342,high,2301.6527,22.8764,35104.2218,504.5333,7866.6667,43475.4218
9102,S5_pump_failure,C_ai_rolling,0,66,2474.172,839.3615,3.4547,842.8162,1.1,1192.0,168.8333,347.5,2.4254,value,2255.3761,9.2447,32987.8256,189.2,8441.6667,41618.6922
9102,S5_pump_failure,C_ai_rolling,0,66,2474.172,839.3615,3.4547,842.8162,1.1,1192.0,168.8333,347.5,2.4254,low,2097.7695,8.5987,27812.9342,55.0,8441.6667,36309.6008
9102,S5_pump_failure,C_ai_rolling,0,66,2474.172,839.3615,3.4547,842.8162,1.1,1192.0,168.8333,347.5,2.4254,high,2293.3028,9.4001,34976.8718,189.2,8441.6667,43607.7384
9102,S5_pump_failure,B_dynamic_buffered,0,207,2474.172,838.5119,10.1182,848.63,3.45,936.0,132.1833,347.5,2.4421,value,2270.934,27.0762,33215.38,593.4,6609.1667,40417.9467
9102,S5_pump_failure,B_dynamic_buffered,0,207,2474.172,838.5119,10.1182,848.63,3.45,936.0,132.1833,347.5,2.4421,low,2112.2402,25.1841,28004.7915,172.5,6609.1667,34786.4582
9102,S5_pump_failure,B_dynamic_buffered,0,207,2474.172,838.5119,10.1182,848.63,3.45,936.0,132.1833,347.5,2.4421,high,2309.1224,27.5315,35218.1469,593.4,6609.1667,42420.7136
9102,S5_pump_failure,C_ai_rolling_buffered,0,264,2474.172,836.5087,13.1037,849.6124,4.4,959.0,136.2167,347.5,2.4449,value,2273.5628,35.0654,33253.8299,756.8,6810.8333,40821.4633
9102,S5_pump_failure,C_ai_rolling_buffered,0,264,2474.172,836.5087,13.1037,849.6124,4.4,959.0,136.2167,347.5,2.4449,low,2114.6853,32.615,28037.2097,220.0,6810.8333,35068.043
9102,S5_pump_failure,C_ai_rolling_buffered,0,264,2474.172,836.5087,13.1037,849.6124,4.4,959.0,136.2167,347.5,2.4449,high,2311.7954,35.6551,35258.9152,756.8,6810.8333,42826.5486
9102,S6_high_demand,A_static_planned,12,265,3420.258,1159.8864,13.2727,1173.159,4.4167,2523.0,349.15,521.75,2.2485,value,3139.3736,35.5177,45917.4448,759.6667,17457.5,64134.6115
9102,S6_high_demand,A_static_planned,12,265,3420.258,1159.8864,13.2727,1173.159,4.4167,2523.0,349.15,521.75,2.2485,low,2919.9929,33.0357,38714.2483,220.8333,17457.5,56392.5817
9102,S6_high_demand,A_static_planned,12,265,3420.258,1159.8864,13.2727,1173.159,4.4167,2523.0,349.15,521.75,2.2485,high,3192.1657,36.1149,48686.1002,759.6667,17457.5,66903.2668
9102,S6_high_demand,B_dynamic,16,164,3280.582,1112.6231,8.767,1121.3901,2.7333,3163.0,446.2833,499.25,2.2461,value,3000.84,23.4605,43891.2097,470.1333,22314.1667,66675.5097
9102,S6_high_demand,B_dynamic,16,164,3280.582,1112.6231,8.767,1121.3901,2.7333,3163.0,446.2833,499.25,2.2461,low,2791.14,21.8211,37005.8743,136.6667,22314.1667,59456.7076
9102,S6_high_demand,B_dynamic,16,164,3280.582,1112.6231,8.767,1121.3901,2.7333,3163.0,446.2833,499.25,2.2461,high,3051.3025,23.855,46537.6904,470.1333,22314.1667,69321.9904
9102,S6_high_demand,C_ai_rolling,15,95,3304.586,1117.9435,5.0505,1122.994,1.5833,2805.0,393.6167,504.25,2.2271,value,3005.132,13.5151,43953.9859,272.3333,19680.8333,63907.1526
9102,S6_high_demand,C_ai_rolling,15,95,3304.586,1117.9435,5.0505,1122.994,1.5833,2805.0,393.6167,504.25,2.2271,low,2795.1321,12.5707,37058.8027,79.1667,19680.8333,56818.8027
9102,S6_high_demand,C_ai_rolling,15,95,3304.586,1117.9435,5.0505,1122.994,1.5833,2805.0,393.6167,504.25,2.2271,high,3055.6667,13.7424,46604.2518,272.3333,19680.8333,66557.4185
9102,S6_high_demand,B_dynamic_buffered,13,188,3407.784,1150.7339,9.8113,1160.5452,3.1333,2346.0,333.35,514.25,2.2568,value,3105.619,26.2551,45423.7395,538.9333,16667.5,62630.1728
9102,S6_high_demand,B_dynamic_buffered,13,188,3407.784,1150.7339,9.8113,1160.5452,3.1333,2346.0,333.35,514.25,2.2568,low,2888.597,24.4204,38297.9919,156.6667,16667.5,55122.1585
9102,S6_high_demand,B_dynamic_buffered,13,188,3407.784,1150.7339,9.8113,1160.5452,3.1333,2346.0,333.35,514.25,2.2568,high,3157.8435,26.6966,48162.6262,538.9333,16667.5,65369.0595
9102,S6_high_demand,C_ai_rolling_buffered,14,223,3361.95,1132.0439,10.6038,1142.6477,3.7167,2153.0,304.7,508.5,2.2471,value,3057.7254,28.3759,44723.2326,639.2667,15235.0,60597.4993
9102,S6_high_demand,C_ai_rolling_buffered,14,223,3361.95,1132.0439,10.6038,1142.6477,3.7167,2153.0,304.7,508.5,2.2471,low,2844.0502,26.3929,37707.3755,185.8333,15235.0,53128.2088
9102,S6_high_demand,C_ai_rolling_buffered,14,223,3361.95,1132.0439,10.6038,1142.6477,3.7167,2153.0,304.7,508.5,2.2471,high,3109.1445,28.853,47419.8813,639.2667,15235.0,63294.148
9102,S7_mixed_disruption,A_static_planned,4,623,2311.436,778.5545,31.955,810.5095,10.3833,1829.0,254.25,325.5,2.49,value,2168.9234,85.5116,31723.342,1785.9333,12712.5,46221.7753
9102,S7_mixed_disruption,A_static_planned,4,623,2311.436,778.5545,31.955,810.5095,10.3833,1829.0,254.25,325.5,2.49,low,2017.3582,79.536,26746.8136,519.1667,12712.5,39978.4803
9102,S7_mixed_disruption,A_static_planned,4,623,2311.436,778.5545,31.955,810.5095,10.3833,1829.0,254.25,325.5,2.49,high,2205.3964,86.9496,33636.1444,1785.9333,12712.5,48134.5777
9102,S7_mixed_disruption,B_dynamic,5,299,2245.002,757.2176,14.9568,772.1744,4.9833,1948.0,272.4333,321.5,2.4018,value,2066.3388,40.0245,30222.9072,857.1333,13621.6667,44701.7072
9102,S7_mixed_disruption,B_dynamic,5,299,2245.002,757.2176,14.9568,772.1744,4.9833,1948.0,272.4333,321.5,2.4018,low,1921.9422,37.2276,25481.7562,249.1667,13621.6667,39352.5896
9102,S7_mixed_disruption,B_dynamic,5,299,2245.002,757.2176,14.9568,772.1744,4.9833,1948.0,272.4333,321.5,2.4018,high,2101.0866,40.6975,32045.2389,857.1333,13621.6667,46524.0389
9102,S7_mixed_disruption,C_ai_rolling,7,91,2195.764,739.1511,4.5548,743.7059,1.5167,1962.0,275.5833,310.0,2.3991,value,1990.1571,12.1887,29108.6501,260.8667,13779.1667,43148.6835
9102,S7_mixed_disruption,C_ai_rolling,7,91,2195.764,739.1511,4.5548,743.7059,1.5167,1962.0,275.5833,310.0,2.3991,low,1851.0841,11.337,24542.2957,75.8333,13779.1667,38397.2957
9102,S7_mixed_disruption,C_ai_rolling,7,91,2195.764,739.1511,4.5548,743.7059,1.5167,1962.0,275.5833,310.0,2.3991,high,2023.6238,12.3937,30863.7961,260.8667,13779.1667,44903.8295
9102,S7_mixed_disruption,B_dynamic_buffered,6,382,2231.298,755.3957,18.7552,774.1508,6.3667,1681.0,235.8667,316.5,2.446,value,2071.6276,50.1888,30300.2637,1095.0667,11793.3333,43188.6637
9102,S7_mixed_disruption,B_dynamic_buffered,6,382,2231.298,755.3957,18.7552,774.1508,6.3667,1681.0,235.8667,316.5,2.446,low,1926.8614,46.6816,25546.9776,318.3333,11793.3333,37658.6442
9102,S7_mixed_disruption,B_dynamic_buffered,6,382,2231.298,755.3957,18.7552,774.1508,6.3667,1681.0,235.8667,316.5,2.446,high,2106.4644,51.0328,32127.2597,1095.0667,11793.3333,45015.6597
9102,S7_mixed_disruption,C_ai_rolling_buffered,6,277,2274.958,767.5542,13.193,780.7472,4.6167,1574.0,221.5667,317.75,2.4571,value,2089.2795,35.3045,30558.445,794.0667,11078.3333,42430.845
9102,S7_mixed_disruption,C_ai_rolling_buffered,6,277,2274.958,767.5542,13.193,780.7472,4.6167,1574.0,221.5667,317.75,2.4571,low,1943.2798,32.8374,25764.6572,230.8333,11078.3333,37073.8239
9102,S7_mixed_disruption,C_ai_rolling_buffered,6,277,2274.958,767.5542,13.193,780.7472,4.6167,1574.0,221.5667,317.75,2.4571,high,2124.4131,35.8982,32401.0083,794.0667,11078.3333,44273.4083
9102,S8_ai_prediction_error,A_static_planned,0,486,2474.172,834.4506,23.2147,857.6653,8.1,944.0,130.8333,347.5,2.4681,value,2295.1122,62.1224,33569.0181,1393.2,6541.6667,41503.8848
9102,S8_ai_prediction_error,A_static_planned,0,486,2474.172,834.4506,23.2147,857.6653,8.1,944.0,130.8333,347.5,2.4681,low,2134.7288,57.7813,28302.9534,405.0,6541.6667,35249.6201
9102,S8_ai_prediction_error,A_static_planned,0,486,2474.172,834.4506,23.2147,857.6653,8.1,944.0,130.8333,347.5,2.4681,high,2333.7072,63.1671,35593.1081,1393.2,6541.6667,43527.9748
9102,S8_ai_prediction_error,B_dynamic,0,131,2474.172,838.0529,6.7465,844.7994,2.1833,1128.0,158.2167,347.5,2.4311,value,2260.6833,18.0536,33065.4499,375.5333,7910.8333,41351.8166
9102,S8_ai_prediction_error,B_dynamic,0,131,2474.172,838.0529,6.7465,844.7994,2.1833,1128.0,158.2167,347.5,2.4311,low,2102.7058,16.792,27878.3814,109.1667,7910.8333,35898.3814
9102,S8_ai_prediction_error,B_dynamic,0,131,2474.172,838.0529,6.7465,844.7994,2.1833,1128.0,158.2167,347.5,2.4311,high,2298.6993,18.3572,35059.1766,375.5333,7910.8333,43345.5432
9102,S8_ai_prediction_error,C_ai_rolling,0,50,2474.172,830.8866,2.6103,833.497,0.8333,1227.0,173.0667,347.5,2.3986,value,2230.4379,6.9853,32623.0712,143.3333,8653.3333,41419.7378
9102,S8_ai_prediction_error,C_ai_rolling,0,50,2474.172,830.8866,2.6103,833.497,0.8333,1227.0,173.0667,347.5,2.3986,low,2074.5739,6.4971,27505.3998,41.6667,8653.3333,36200.3998
9102,S8_ai_prediction_error,C_ai_rolling,0,50,2474.172,830.8866,2.6103,833.497,0.8333,1227.0,173.0667,347.5,2.3986,high,2267.9452,7.1027,34590.124,143.3333,8653.3333,43386.7907
9102,S8_ai_prediction_error,B_dynamic_buffered,0,192,2474.172,836.6483,9.2748,845.9231,3.2,932.0,130.5667,347.5,2.4343,value,2263.6902,24.8195,33109.4302,550.4,6528.3333,40188.1635
9102,S8_ai_prediction_error,B_dynamic_buffered,0,192,2474.172,836.6483,9.2748,845.9231,3.2,932.0,130.5667,347.5,2.4343,low,2105.5026,23.0851,27915.4623,160.0,6528.3333,34603.7957
9102,S8_ai_prediction_error,B_dynamic_buffered,0,192,2474.172,836.6483,9.2748,845.9231,3.2,932.0,130.5667,347.5,2.4343,high,2301.7568,25.2368,35105.8087,550.4,6528.3333,42184.542
9102,S8_ai_prediction_error,C_ai_rolling_buffered,0,268,2474.172,839.9585,13.239,853.1975,4.4667,888.0,125.8,347.5,2.4552,value,2283.1566,35.4276,33394.1511,768.2667,6290.0,40452.4178
9102,S8_ai_prediction_error,C_ai_rolling_buffered,0,268,2474.172,839.9585,13.239,853.1975,4.4667,888.0,125.8,347.5,2.4552,low,2123.6086,32.9519,28155.5183,223.3333,6290.0,34668.8517
9102,S8_ai_prediction_error,C_ai_rolling_buffered,0,268,2474.172,839.9585,13.239,853.1975,4.4667,888.0,125.8,347.5,2.4552,high,2321.5505,36.0233,35407.6973,768.2667,6290.0,42465.964
9103,S0_normal,A_static_planned,0,206,2030.77,688.1516,10.2967,698.4482,3.4333,611.0,91.8333,281.0,2.4856,value,1869.0475,27.5539,27337.2639,590.5333,4591.6667,32519.4639
9103,S0_normal,A_static_planned,0,206,2030.77,688.1516,10.2967,698.4482,3.4333,611.0,91.8333,281.0,2.4856,low,1738.4377,25.6284,23048.7917,171.6667,4591.6667,27812.125
9103,S0_normal,A_static_planned,0,206,2030.77,688.1516,10.2967,698.4482,3.4333,611.0,91.8333,281.0,2.4856,high,1900.4776,28.0172,28985.6017,590.5333,4591.6667,34167.8017
9103,S0_normal,B_dynamic,0,185,2030.77,686.2607,9.2762,695.5369,3.0833,833.0,123.75,281.0,2.4752,value,1861.2568,24.823,27223.3146,530.3333,6187.5,33941.148
9103,S0_normal,B_dynamic,0,185,2030.77,686.2607,9.2762,695.5369,3.0833,833.0,123.75,281.0,2.4752,low,1731.1914,23.0884,22952.718,154.1667,6187.5,29294.3847
9103,S0_normal,B_dynamic,0,185,2030.77,686.2607,9.2762,695.5369,3.0833,833.0,123.75,281.0,2.4752,high,1892.5559,25.2404,28864.7817,530.3333,6187.5,35582.6151
9103,S0_normal,C_ai_rolling,0,45,2030.77,686.3409,2.2322,688.5731,0.75,796.0,119.3833,281.0,2.4504,value,1842.6217,5.9733,26950.7517,129.0,5969.1667,33048.9184
9103,S0_normal,C_ai_rolling,0,45,2030.77,686.3409,2.2322,688.5731,0.75,796.0,119.3833,281.0,2.4504,low,1713.8585,5.5559,22722.9128,37.5,5969.1667,28729.5795
9103,S0_normal,C_ai_rolling,0,45,2030.77,686.3409,2.2322,688.5731,0.75,796.0,119.3833,281.0,2.4504,high,1873.6074,6.0737,28575.7843,129.0,5969.1667,34673.951
9103,S0_normal,B_dynamic_buffered,0,284,2030.77,687.1093,13.9997,701.109,4.7333,589.0,86.05,281.0,2.495,value,1876.1676,37.4631,27441.4055,814.1333,4302.5,32558.0388
9103,S0_normal,B_dynamic_buffered,0,284,2030.77,687.1093,13.9997,701.109,4.7333,589.0,86.05,281.0,2.495,low,1745.0603,34.8452,23136.5963,236.6667,4302.5,27675.763
9103,S0_normal,B_dynamic_buffered,0,284,2030.77,687.1093,13.9997,701.109,4.7333,589.0,86.05,281.0,2.495,high,1907.7175,38.0931,29096.0227,814.1333,4302.5,34212.656
9103,S0_normal,C_ai_rolling_buffered,0,241,2030.77,688.5692,11.925,700.4942,4.0167,504.0,75.3167,281.0,2.4929,value,1874.5226,31.9113,27417.3444,690.8667,3765.8333,31874.0444
9103,S0_normal,C_ai_rolling_buffered,0,241,2030.77,688.5692,11.925,700.4942,4.0167,504.0,75.3167,281.0,2.4929,low,1743.5302,29.6813,23116.3098,200.8333,3765.8333,27082.9765
9103,S0_normal,C_ai_rolling_buffered,0,241,2030.77,688.5692,11.925,700.4942,4.0167,504.0,75.3167,281.0,2.4929,high,1906.0448,32.4479,29070.5108,690.8667,3765.8333,33527.2108
9103,S1_light_traffic,A_static_planned,0,312,2030.77,687.9943,15.8495,703.8438,5.2,482.0,72.5167,281.0,2.5048,value,1883.4859,42.4133,27548.4454,894.4,3625.8333,32068.6787
9103,S1_light_traffic,A_static_planned,0,312,2030.77,687.9943,15.8495,703.8438,5.2,482.0,72.5167,281.0,2.5048,low,1751.8672,39.4494,23226.8446,260.0,3625.8333,27112.6779
9103,S1_light_traffic,A_static_planned,0,312,2030.77,687.9943,15.8495,703.8438,5.2,482.0,72.5167,281.0,2.5048,high,1915.1589,43.1265,29209.5167,894.4,3625.8333,33729.75
9103,S1_light_traffic,B_dynamic,0,168,2030.77,688.7383,8.2563,696.9946,2.8,727.0,109.6167,281.0,2.4804,value,1865.1575,22.0939,27280.3683,481.6,5480.8333,33242.8016
9103,S1_light_traffic,B_dynamic,0,168,2030.77,688.7383,8.2563,696.9946,2.8,727.0,109.6167,281.0,2.4804,low,1734.8195,20.55,23000.8215,140.0,5480.8333,28621.6548
9103,S1_light_traffic,B_dynamic,0,168,2030.77,688.7383,8.2563,696.9946,2.8,727.0,109.6167,281.0,2.4804,high,1896.5223,22.4655,28925.2755,481.6,5480.8333,34887.7088
9103,S1_light_traffic,C_ai_rolling,0,56,2030.77,685.9815,2.7967,688.7781,0.9333,689.0,104.0667,281.0,2.4512,value,1843.1703,7.4839,26958.7764,160.5333,5203.3333,32322.643
9103,S1_light_traffic,C_ai_rolling,0,56,2030.77,685.9815,2.7967,688.7781,0.9333,689.0,104.0667,281.0,2.4512,low,1714.3688,6.9609,22729.6786,46.6667,5203.3333,27979.6786
9103,S1_light_traffic,C_ai_rolling,0,56,2030.77,685.9815,2.7967,688.7781,0.9333,689.0,104.0667,281.0,2.4512,high,1874.1653,7.6097,28584.2928,160.5333,5203.3333,33948.1594
9103,S1_light_traffic,B_dynamic_buffered,0,294,2030.77,686.7174,14.6743,701.3917,4.9,569.0,84.05,281.0,2.4961,value,1876.9243,39.2685,27452.4726,842.8,4202.5,32497.7726
9103,S1_light_traffic,B_dynamic_buffered,0,294,2030.77,686.7174,14.6743,701.3917,4.9,569.0,84.05,281.0,2.4961,low,1745.764,36.5244,23145.9273,245.0,4202.5,27593.4273
9103,S1_light_traffic,B_dynamic_buffered,0,294,2030.77,686.7174,14.6743,701.3917,4.9,569.0,84.05,281.0,2.4961,high,1908.4869,39.9289,29107.7571,842.8,4202.5,34153.0571
9103,S1_light_traffic,C_ai_rolling_buffered,0,254,2030.77,685.9219,12.354,698.2759,4.2333,417.0,62.4833,281.0,2.485,value,1868.5863,33.0593,27330.5192,728.1333,3124.1667,31182.8192
9103,S1_light_traffic,C_ai_rolling_buffered,0,254,2030.77,685.9219,12.354,698.2759,4.2333,417.0,62.4833,281.0,2.485,low,1738.0087,30.7491,23043.1051,211.6667,3124.1667,26378.9384
9103,S1_light_traffic,C_ai_rolling_buffered,0,254,2030.77,685.9219,12.354,698.2759,4.2333,417.0,62.4833,281.0,2.485,high,1900.0088,33.6152,28978.4503,728.1333,3124.1667,32830.7503
9103,S2_peak_traffic,A_static_planned,0,96,2030.77,689.5871,4.9235,694.5106,1.6,940.0,141.7667,281.0,2.4716,value,1858.5103,13.1753,27183.144,275.2,7088.3333,34546.6773
9103,S2_peak_traffic,A_static_planned,0,96,2030.77,689.5871,4.9235,694.5106,1.6,940.0,141.7667,281.0,2.4716,low,1728.6368,12.2546,22918.8491,80.0,7088.3333,30087.1824
9103,S2_peak_traffic,A_static_planned,0,96,2030.77,689.5871,4.9235,694.5106,1.6,940.0,141.7667,281.0,2.4716,high,1889.7633,13.3968,28822.189,275.2,7088.3333,36185.7223
9103,S2_peak_traffic,B_dynamic,0,145,2030.77,685.6814,6.8548,692.5363,2.4167,1086.0,161.05,281.0,2.4645,value,1853.2271,18.3435,27105.8695,415.6667,8052.5,35574.0362
9103,S2_peak_traffic,B_dynamic,0,145,2030.77,685.6814,6.8548,692.5363,2.4167,1086.0,161.05,281.0,2.4645,low,1723.7228,17.0617,22853.6968,120.8333,8052.5,31027.0302
9103,S2_peak_traffic,B_dynamic,0,145,2030.77,685.6814,6.8548,692.5363,2.4167,1086.0,161.05,281.0,2.4645,high,1884.3912,18.652,28740.2551,415.6667,8052.5,37208.4218
9103,S2_peak_traffic,C_ai_rolling,0,38,2030.77,685.7126,1.7983,687.5109,0.6333,1098.0,164.0,281.0,2.4467,value,1839.7793,4.8123,26909.1786,108.9333,8200.0,35218.1119
9103,S2_peak_traffic,C_ai_rolling,0,38,2030.77,685.7126,1.7983,687.5109,0.6333,1098.0,164.0,281.0,2.4467,low,1711.2148,4.4761,22687.8613,31.6667,8200.0,30919.528
9103,S2_peak_traffic,C_ai_rolling,0,38,2030.77,685.7126,1.7983,687.5109,0.6333,1098.0,164.0,281.0,2.4467,high,1870.7173,4.8933,28531.7044,108.9333,8200.0,36840.6377
9103,S2_peak_traffic,B_dynamic_buffered,0,205,2030.77,686.9179,10.1782,697.0961,3.4167,879.0,128.3833,281.0,2.4808,value,1865.4292,27.2368,27284.3418,587.6667,6419.1667,34291.1751
9103,S2_peak_traffic,B_dynamic_buffered,0,205,2030.77,686.9179,10.1782,697.0961,3.4167,879.0,128.3833,281.0,2.4808,low,1735.0722,25.3335,23004.1717,170.8333,6419.1667,29594.1717
9103,S2_peak_traffic,B_dynamic_buffered,0,205,2030.77,686.9179,10.1782,697.0961,3.4167,879.0,128.3833,281.0,2.4808,high,1896.7985,27.6948,28929.4886,587.6667,6419.1667,35936.3219
9103,S2_peak_traffic,C_ai_rolling_buffered,0,174,2030.77,684.9438,8.374,693.3178,2.9,823.0,122.2833,281.0,2.4673,value,1855.3185,22.4088,27136.4591,498.8,6114.1667,33749.4257
9103,S2_peak_traffic,C_ai_rolling_buffered,0,174,2030.77,684.9438,8.374,693.3178,2.9,823.0,122.2833,281.0,2.4673,low,1725.668,20.8429,22879.4877,145.0,6114.1667,29138.6544
9103,S2_peak_traffic,C_ai_rolling_buffered,0,174,2030.77,684.9438,8.374,693.3178,2.9,823.0,122.2833,281.0,2.4673,high,1886.5178,22.7857,28772.6891,498.8,6114.1667,35385.6558
9103,S3_site_delay,A_static_planned,0,318,2030.77,687.4297,15.2873,702.7171,5.3,609.0,91.5,281.0,2.5008,value,1880.4709,40.9089,27504.3458,911.6,4575.0,32990.9458
9103,S3_site_delay,A_static_planned,0,318,2030.77,687.4297,15.2873,702.7171,5.3,609.0,91.5,281.0,2.5008,low,1749.0628,38.0502,23189.663,265.0,4575.0,28029.663
9103,S3_site_delay,A_static_planned,0,318,2030.77,687.4297,15.2873,702.7171,5.3,609.0,91.5,281.0,2.5008,high,1912.0931,41.5968,29162.758,911.6,4575.0,34649.358
9103,S3_site_delay,B_dynamic,0,174,2030.77,686.3788,8.5828,694.9616,2.9,826.0,122.5833,281.0,2.4732,value,1859.7173,22.9677,27200.7978,498.8,6129.1667,33828.7644
9103,S3_site_delay,B_dynamic,0,174,2030.77,686.3788,8.5828,694.9616,2.9,826.0,122.5833,281.0,2.4732,low,1729.7595,21.3627,22933.7334,145.0,6129.1667,29207.9001
9103,S3_site_delay,B_dynamic,0,174,2030.77,686.3788,8.5828,694.9616,2.9,826.0,122.5833,281.0,2.4732,high,1890.9906,23.3539,28840.9072,498.8,6129.1667,35468.8739
9103,S3_site_delay,C_ai_rolling,0,82,2030.77,686.834,4.3687,691.2027,1.3667,794.0,119.05,281.0,2.4598,value,1849.6584,11.6906,27053.6733,235.0667,5952.5,33241.24
9103,S3_site_delay,C_ai_rolling,0,82,2030.77,686.834,4.3687,691.2027,1.3667,794.0,119.05,281.0,2.4598,low,1720.4035,10.8736,22809.6888,68.3333,5952.5,28830.5221
9103,S3_site_delay,C_ai_rolling,0,82,2030.77,686.834,4.3687,691.2027,1.3667,794.0,119.05,281.0,2.4598,high,1880.7625,11.8871,28684.9117,235.0667,5952.5,34872.4783
9103,S3_site_delay,B_dynamic_buffered,0,276,2030.77,689.6661,13.0558,702.7219,4.6,587.0,85.7167,281.0,2.5008,value,1880.4838,34.9374,27504.5347,791.2,4285.8333,32581.568
9103,S3_site_delay,B_dynamic_buffered,0,276,2030.77,689.6661,13.0558,702.7219,4.6,587.0,85.7167,281.0,2.5008,low,1749.0748,32.496,23189.8223,230.0,4285.8333,27705.6556
9103,S3_site_delay,B_dynamic_buffered,0,276,2030.77,689.6661,13.0558,702.7219,4.6,587.0,85.7167,281.0,2.5008,high,1912.1063,35.5249,29162.9583,791.2,4285.8333,34239.9917
9103,S3_site_delay,C_ai_rolling_buffered,0,277,2030.77,686.443,13.4788,699.9219,4.6167,504.0,75.3167,281.0,2.4908,value,1872.9909,36.0694,27394.9416,794.0667,3765.8333,31954.8416
9103,S3_site_delay,C_ai_rolling_buffered,0,277,2030.77,686.443,13.4788,699.9219,4.6167,504.0,75.3167,281.0,2.4908,low,1742.1055,33.5488,23097.4214,230.8333,3765.8333,27094.088
9103,S3_site_delay,C_ai_rolling_buffered,0,277,2030.77,686.443,13.4788,699.9219,4.6167,504.0,75.3167,281.0,2.4908,high,1904.4874,36.6759,29046.7572,794.0667,3765.8333,33606.6572
9103,S4_multi_site_delay,A_static_planned,0,403,2030.77,688.2461,19.9337,708.1797,6.7167,592.0,88.7833,281.0,2.5202,value,1895.089,53.3425,27718.1547,1155.2667,4439.1667,33312.5881
9103,S4_multi_site_delay,A_static_planned,0,403,2030.77,688.2461,19.9337,708.1797,6.7167,592.0,88.7833,281.0,2.5202,low,1762.6594,49.6149,23369.9312,335.8333,4439.1667,28144.9312
9103,S4_multi_site_delay,A_static_planned,0,403,2030.77,688.2461,19.9337,708.1797,6.7167,592.0,88.7833,281.0,2.5202,high,1926.9571,54.2395,29389.4589,1155.2667,4439.1667,34983.8922
9103,S4_multi_site_delay,B_dynamic,0,185,2030.77,688.3789,9.0635,697.4424,3.0833,819.0,120.7333,281.0,2.482,value,1866.3558,24.2539,27297.8943,530.3333,6036.6667,33864.8943
9103,S4_multi_site_delay,B_dynamic,0,185,2030.77,688.3789,9.0635,697.4424,3.0833,819.0,120.7333,281.0,2.482,low,1735.9341,22.5591,23015.5982,154.1667,6036.6667,29206.4315
9103,S4_multi_site_delay,B_dynamic,0,185,2030.77,688.3789,9.0635,697.4424,3.0833,819.0,120.7333,281.0,2.482,high,1897.7407,24.6618,28943.8583,530.3333,6036.6667,35510.8583
9103,S4_multi_site_delay,C_ai_rolling,0,45,2030.77,687.745,2.2548,689.9998,0.75,838.0,126.55,281.0,2.4555,value,1846.4394,6.0339,27006.5918,129.0,6327.5,33463.0918
9103,S4_multi_site_delay,C_ai_rolling,0,45,2030.77,687.745,2.2548,689.9998,0.75,838.0,126.55,281.0,2.4555,low,1717.4095,5.6123,22769.9931,37.5,6327.5,29134.9931
9103,S4_multi_site_delay,C_ai_rolling,0,45,2030.77,687.745,2.2548,689.9998,0.75,838.0,126.55,281.0,2.4555,high,1877.4894,6.1354,28634.9913,129.0,6327.5,35091.4913
9103,S4_multi_site_delay,B_dynamic_buffered,0,281,2030.77,686.3195,13.8732,700.1927,4.6833,589.0,85.6,281.0,2.4918,value,1873.7156,37.1246,27405.5406,805.5333,4280.0,32491.074
9103,S4_multi_site_delay,B_dynamic_buffered,0,281,2030.77,686.3195,13.8732,700.1927,4.6833,589.0,85.6,281.0,2.4918,low,1742.7795,34.5303,23106.3577,234.1667,4280.0,27620.5244
9103,S4_multi_site_delay,B_dynamic_buffered,0,281,2030.77,686.3195,13.8732,700.1927,4.6833,589.0,85.6,281.0,2.4918,high,1905.2242,37.7489,29057.9953,805.5333,4280.0,34143.5286
9103,S4_multi_site_delay,C_ai_rolling_buffered,0,218,2030.77,684.7863,10.7072,695.4934,3.6333,520.0,77.0167,281.0,2.4751,value,1861.1405,28.6524,27221.6133,624.9333,3850.8333,31697.38
9103,S4_multi_site_delay,C_ai_rolling_buffered,0,218,2030.77,684.7863,10.7072,695.4934,3.6333,520.0,77.0167,281.0,2.4751,low,1731.0832,26.6501,22951.2836,181.6667,3850.8333,26983.7836
9103,S4_multi_site_delay,C_ai_rolling_buffered,0,218,2030.77,684.7863,10.7072,695.4934,3.6333,520.0,77.0167,281.0,2.4751,high,1892.4377,29.1342,28862.9779,624.9333,3850.8333,33338.7445
9103,S5_pump_failure,A_static_planned,0,284,2030.77,683.9124,13.8657,697.778,4.7333,731.0,109.4667,281.0,2.4832,value,1867.254,37.1045,27311.0325,814.1333,5473.3333,33598.4992
9103,S5_pump_failure,A_static_planned,0,284,2030.77,683.9124,13.8657,697.778,4.7333,731.0,109.4667,281.0,2.4832,low,1736.7695,34.5116,23026.6754,236.6667,5473.3333,28736.6754
9103,S5_pump_failure,A_static_planned,0,284,2030.77,683.9124,13.8657,697.778,4.7333,731.0,109.4667,281.0,2.4832,high,1898.6541,37.7285,28957.7887,814.1333,5473.3333,35245.2554
9103,S5_pump_failure,B_dynamic,0,186,2030.77,686.8611,9.3437,696.2047,3.1,940.0,139.3833,281.0,2.4776,value,1863.0439,25.0037,27249.4531,533.2,6969.1667,34751.8198
9103,S5_pump_failure,B_dynamic,0,186,2030.77,686.8611,9.3437,696.2047,3.1,940.0,139.3833,281.0,2.4776,low,1732.8536,23.2564,22974.7561,155.0,6969.1667,30098.9228
9103,S5_pump_failure,B_dynamic,0,186,2030.77,686.8611,9.3437,696.2047,3.1,940.0,139.3833,281.0,2.4776,high,1894.3731,25.4241,28892.4963,533.2,6969.1667,36394.863
9103,S5_pump_failure,C_ai_rolling,0,44,2030.77,684.0145,2.1768,686.1913,0.7333,941.0,139.15,281.0,2.442,value,1836.248,5.8252,26857.5284,126.1333,6957.5,33941.1617
9103,S5_pump_failure,C_ai_rolling,0,44,2030.77,684.0145,2.1768,686.1913,0.7333,941.0,139.15,281.0,2.442,low,1707.9302,5.4181,22644.3136,36.6667,6957.5,29638.4803
9103,S5_pump_failure,C_ai_rolling,0,44,2030.77,684.0145,2.1768,686.1913,0.7333,941.0,139.15,281.0,2.442,high,1867.1266,5.9232,28476.9399,126.1333,6957.5,35560.5732
9103,S5_pump_failure,B_dynamic_buffered,0,278,2030.77,687.83,13.789,701.619,4.6333,711.0,104.8333,281.0,2.4969,value,1877.5325,36.8994,27461.3687,796.9333,5241.6667,33499.9687
9103,S5_pump_failure,B_dynamic_buffered,0,278,2030.77,687.83,13.789,701.619,4.6333,711.0,104.8333,281.0,2.4969,low,1746.3298,34.3208,23153.4279,231.6667,5241.6667,28626.7612
9103,S5_pump_failure,B_dynamic_buffered,0,278,2030.77,687.83,13.789,701.619,4.6333,711.0,104.8333,281.0,2.4969,high,1909.1054,37.5199,29117.1896,796.9333,5241.6667,35155.7896
9103,S5_pump_failure,C_ai_rolling_buffered,0,249,2030.77,685.1635,12.0568,697.2204,4.15,618.0,90.0833,281.0,2.4812,value,1865.7617,32.2641,27289.2046,713.8,4504.1667,32507.1713
9103,S5_pump_failure,C_ai_rolling_buffered,0,249,2030.77,685.1635,12.0568,697.2204,4.15,618.0,90.0833,281.0,2.4812,low,1735.3815,30.0095,23008.2717,207.5,4504.1667,27719.9383
9103,S5_pump_failure,C_ai_rolling_buffered,0,249,2030.77,685.1635,12.0568,697.2204,4.15,618.0,90.0833,281.0,2.4812,high,1897.1366,32.8066,28934.6447,713.8,4504.1667,34152.6113
9103,S6_high_demand,A_static_planned,0,131,3114.414,1051.186,6.2807,1057.4667,2.1833,2861.0,422.6667,455.5,2.3216,value,2829.7808,16.8071,41389.2458,375.5333,21133.3333,62898.1125
9103,S6_high_demand,A_static_planned,0,131,3114.414,1051.186,6.2807,1057.4667,2.1833,2861.0,422.6667,455.5,2.3216,low,2632.0346,15.6326,34896.4004,109.1667,21133.3333,56138.9004
9103,S6_high_demand,A_static_planned,0,131,3114.414,1051.186,6.2807,1057.4667,2.1833,2861.0,422.6667,455.5,2.3216,high,2877.3668,17.0897,43884.8672,375.5333,21133.3333,65393.7338
9103,S6_high_demand,B_dynamic,1,72,3083.524,1041.7876,3.6787,1045.4663,1.2,3308.0,478.9667,450.5,2.3207,value,2797.6678,9.8441,40919.5506,206.4,23948.3333,65074.2839
9103,S6_high_demand,B_dynamic,1,72,3083.524,1041.7876,3.6787,1045.4663,1.2,3308.0,478.9667,450.5,2.3207,low,2602.1656,9.1562,34500.3875,60.0,23948.3333,58508.7209
9103,S6_high_demand,B_dynamic,1,72,3083.524,1041.7876,3.6787,1045.4663,1.2,3308.0,478.9667,450.5,2.3207,high,2844.7138,10.0097,43386.851,206.4,23948.3333,67541.5843
9103,S6_high_demand,C_ai_rolling,2,29,3052.634,1029.6031,1.5245,1031.1276,0.4833,3243.0,471.85,445.25,2.3158,value,2759.2975,4.0796,40358.3346,83.1333,23592.5,64033.9679
9103,S6_high_demand,C_ai_rolling,2,29,3052.634,1029.6031,1.5245,1031.1276,0.4833,3243.0,471.85,445.25,2.3158,low,2566.4766,3.7945,34027.2111,24.1667,23592.5,57643.8778
9103,S6_high_demand,C_ai_rolling,2,29,3052.634,1029.6031,1.5245,1031.1276,0.4833,3243.0,471.85,445.25,2.3158,high,2805.6982,4.1482,42791.7958,83.1333,23592.5,66467.4291
9103,S6_high_demand,B_dynamic_buffered,0,63,3114.414,1050.8892,2.8813,1053.7706,1.05,3038.0,440.85,455.5,2.3134,value,2819.8901,7.7104,41244.5804,180.6,22042.5,63467.6804
9103,S6_high_demand,B_dynamic_buffered,0,63,3114.414,1050.8892,2.8813,1053.7706,1.05,3038.0,440.85,455.5,2.3134,low,2622.835,7.1716,34774.429,52.5,22042.5,56869.429
9103,S6_high_demand,B_dynamic_buffered,0,63,3114.414,1050.8892,2.8813,1053.7706,1.05,3038.0,440.85,455.5,2.3134,high,2867.3097,7.8401,43731.4789,180.6,22042.5,65954.5789
9103,S6_high_demand,C_ai_rolling_buffered,0,64,3114.414,1050.3215,3.1092,1053.4306,1.0667,2795.0,404.2167,455.5,2.3127,value,2818.9804,8.3201,41231.2751,183.4667,20210.8333,61625.5751
9103,S6_high_demand,C_ai_rolling_buffered,0,64,3114.414,1050.3215,3.1092,1053.4306,1.0667,2795.0,404.2167,455.5,2.3127,low,2621.9889,7.7387,34763.211,53.3333,20210.8333,55027.3777
9103,S6_high_demand,C_ai_rolling_buffered,0,64,3114.414,1050.3215,3.1092,1053.4306,1.0667,2795.0,404.2167,455.5,2.3127,high,2866.3848,8.46,43717.3714,183.4667,20210.8333,64111.6714
9103,S7_mixed_disruption,A_static_planned,0,329,2030.77,689.0639,16.1122,705.1761,5.4833,970.0,145.3,281.0,2.5095,value,1887.0512,43.1162,27600.5924,943.1333,7265.0,35808.7257
9103,S7_mixed_disruption,A_static_planned,0,329,2030.77,689.0639,16.1122,705.1761,5.4833,970.0,145.3,281.0,2.5095,low,1755.1833,40.1032,23270.8112,274.1667,7265.0,30809.9778
9103,S7_mixed_disruption,A_static_planned,0,329,2030.77,689.0639,16.1122,705.1761,5.4833,970.0,145.3,281.0,2.5095,high,1918.7842,43.8412,29264.808,943.1333,7265.0,37472.9413
9103,S7_mixed_disruption,B_dynamic,0,344,2030.77,684.5774,16.4992,701.0765,5.7333,1153.0,167.9167,281.0,2.4949,value,1876.0808,44.1518,27440.1354,986.1333,8395.8333,36822.1021
9103,S7_mixed_disruption,B_dynamic,0,344,2030.77,684.5774,16.4992,701.0765,5.7333,1153.0,167.9167,281.0,2.4949,low,1744.9795,41.0664,23135.5255,286.6667,8395.8333,31818.0255
9103,S7_mixed_disruption,B_dynamic,0,344,2030.77,684.5774,16.4992,701.0765,5.7333,1153.0,167.9167,281.0,2.4949,high,1907.6292,44.8942,29094.676,986.1333,8395.8333,38476.6427
9103,S7_mixed_disruption,C_ai_rolling,0,46,2030.77,687.9518,2.419,690.3708,0.7667,1313.0,190.3667,281.0,2.4568,value,1847.4323,6.4732,27021.1141,131.8667,9518.3333,36671.3141
9103,S7_mixed_disruption,C_ai_rolling,0,46,2030.77,687.9518,2.419,690.3708,0.7667,1313.0,190.3667,281.0,2.4568,low,1718.333,6.0209,22782.2372,38.3333,9518.3333,32338.9039
9103,S7_mixed_disruption,C_ai_rolling,0,46,2030.77,687.9518,2.419,690.3708,0.7667,1313.0,190.3667,281.0,2.4568,high,1878.499,6.5821,28650.3893,131.8667,9518.3333,38300.5893
9103,S7_mixed_disruption,B_dynamic_buffered,0,466,2030.77,687.8769,22.7948,710.6717,7.7667,866.0,125.2,281.0,2.5291,value,1901.7576,60.999,27815.6916,1335.8667,6260.0,35411.5582
9103,S7_mixed_disruption,B_dynamic_buffered,0,466,2030.77,687.8769,22.7948,710.6717,7.7667,866.0,125.2,281.0,2.5291,low,1768.8619,56.7363,23452.1671,388.3333,6260.0,30100.5005
9103,S7_mixed_disruption,B_dynamic_buffered,0,466,2030.77,687.8769,22.7948,710.6717,7.7667,866.0,125.2,281.0,2.5291,high,1933.7378,62.0247,29492.8768,1335.8667,6260.0,37088.7435
9103,S7_mixed_disruption,C_ai_rolling_buffered,0,203,2030.77,690.2604,9.8285,700.0889,3.3833,872.0,127.9333,281.0,2.4914,value,1873.4378,26.3011,27401.4786,581.9333,6396.6667,34380.0786
9103,S7_mixed_disruption,C_ai_rolling_buffered,0,203,2030.77,690.2604,9.8285,700.0889,3.3833,872.0,127.9333,281.0,2.4914,low,1742.5212,24.4631,23102.9329,169.1667,6396.6667,29668.7663
9103,S7_mixed_disruption,C_ai_rolling_buffered,0,203,2030.77,690.2604,9.8285,700.0889,3.3833,872.0,127.9333,281.0,2.4914,high,1904.9418,26.7433,29053.6884,581.9333,6396.6667,36032.2884
9103,S8_ai_prediction_error,A_static_planned,0,610,2030.77,683.0482,30.2068,713.255,10.1667,871.0,128.35,281.0,2.5383,value,1908.6705,80.8335,27916.8021,1748.6667,6417.5,36082.9688
9103,S8_ai_prediction_error,A_static_planned,0,610,2030.77,683.0482,30.2068,713.255,10.1667,871.0,128.35,281.0,2.5383,low,1775.2918,75.1848,23537.4162,508.3333,6417.5,30463.2495
9103,S8_ai_prediction_error,A_static_planned,0,610,2030.77,683.0482,30.2068,713.255,10.1667,871.0,128.35,281.0,2.5383,high,1940.767,82.1928,29600.084,1748.6667,6417.5,37766.2506
9103,S8_ai_prediction_error,B_dynamic,0,143,2030.77,685.383,6.8733,692.2563,2.3833,1078.0,158.9,281.0,2.4635,value,1852.4779,18.393,27094.9115,409.9333,7945.0,35449.8448
9103,S8_ai_prediction_error,B_dynamic,0,143,2030.77,685.383,6.8733,692.2563,2.3833,1078.0,158.9,281.0,2.4635,low,1723.0259,17.1077,22844.4578,119.1667,7945.0,30908.6245
9103,S8_ai_prediction_error,B_dynamic,0,143,2030.77,685.383,6.8733,692.2563,2.3833,1078.0,158.9,281.0,2.4635,high,1883.6294,18.7023,28728.6363,409.9333,7945.0,37083.5697
9103,S8_ai_prediction_error,C_ai_rolling,0,33,2030.77,686.9449,1.6773,688.6223,0.55,1119.0,164.3333,281.0,2.4506,value,1842.7532,4.4885,26952.6751,94.6,8216.6667,35263.9418
9103,S8_ai_prediction_error,C_ai_rolling,0,33,2030.77,686.9449,1.6773,688.6223,0.55,1119.0,164.3333,281.0,2.4506,low,1713.9808,4.1749,22724.5345,27.5,8216.6667,30968.7011
9103,S8_ai_prediction_error,C_ai_rolling,0,33,2030.77,686.9449,1.6773,688.6223,0.55,1119.0,164.3333,281.0,2.4506,high,1873.7412,4.564,28577.8237,94.6,8216.6667,36889.0903
9103,S8_ai_prediction_error,B_dynamic_buffered,0,240,2030.77,686.3662,10.8545,697.2207,4.0,981.0,143.8,281.0,2.4812,value,1865.7627,29.0466,27289.2194,688.0,7190.0,35167.2194
9103,S8_ai_prediction_error,B_dynamic_buffered,0,240,2030.77,686.3662,10.8545,697.2207,4.0,981.0,143.8,281.0,2.4812,low,1735.3824,27.0169,23008.2841,200.0,7190.0,30398.2841
9103,S8_ai_prediction_error,B_dynamic_buffered,0,240,2030.77,686.3662,10.8545,697.2207,4.0,981.0,143.8,281.0,2.4812,high,1897.1376,29.5351,28934.6604,688.0,7190.0,36812.6604
9103,S8_ai_prediction_error,C_ai_rolling_buffered,0,172,2030.77,687.0035,8.6178,695.6214,2.8667,833.0,121.4333,281.0,2.4755,value,1861.4827,23.0613,27226.6196,493.0667,6071.6667,33791.353
9103,S8_ai_prediction_error,C_ai_rolling_buffered,0,172,2030.77,687.0035,8.6178,695.6214,2.8667,833.0,121.4333,281.0,2.4755,low,1731.4015,21.4498,22955.5046,143.3333,6071.6667,29170.5046
9103,S8_ai_prediction_error,C_ai_rolling_buffered,0,172,2030.77,687.0035,8.6178,695.6214,2.8667,833.0,121.4333,281.0,2.4755,high,1892.7857,23.4491,28868.286,493.0667,6071.6667,35433.0194
9104,S0_normal,A_static_planned,0,513,1847.126,623.3953,24.8187,648.214,8.55,266.0,42.5333,250.0,2.5929,value,1734.6206,66.4148,25371.0951,1470.6,2126.6667,28968.3618
9104,S0_normal,A_static_planned,0,513,1847.126,623.3953,24.8187,648.214,8.55,266.0,42.5333,250.0,2.5929,low,1613.4046,61.7737,21391.0613,427.5,2126.6667,23945.228
9104,S0_normal,A_static_planned,0,513,1847.126,623.3953,24.8187,648.214,8.55,266.0,42.5333,250.0,2.5929,high,1763.7902,67.5316,26900.8801,1470.6,2126.6667,30498.1468
9104,S0_normal,B_dynamic,0,420,1847.126,627.5894,20.1193,647.7087,7.0,356.0,56.9667,250.0,2.5908,value,1733.2685,53.8393,25351.3187,1204.0,2848.3333,29403.652
9104,S0_normal,B_dynamic,0,420,1847.126,627.5894,20.1193,647.7087,7.0,356.0,56.9667,250.0,2.5908,low,1612.147,50.077,21374.3872,350.0,2848.3333,24572.7206
9104,S0_normal,B_dynamic,0,420,1847.126,627.5894,20.1193,647.7087,7.0,356.0,56.9667,250.0,2.5908,high,1762.4154,54.7447,26879.9112,1204.0,2848.3333,30932.2446
9104,S0_normal,C_ai_rolling,0,169,1847.126,626.5321,8.4002,634.9322,2.8167,418.0,64.3833,250.0,2.5397,value,1699.0786,22.4788,24851.2474,484.4667,3219.1667,28554.8808
9104,S0_normal,C_ai_rolling,0,169,1847.126,626.5321,8.4002,634.9322,2.8167,418.0,64.3833,250.0,2.5397,low,1580.3463,20.908,20952.7635,140.8333,3219.1667,24312.7635
9104,S0_normal,C_ai_rolling,0,169,1847.126,626.5321,8.4002,634.9322,2.8167,418.0,64.3833,250.0,2.5397,high,1727.6506,22.8569,26349.6875,484.4667,3219.1667,30053.3208
9104,S0_normal,B_dynamic_buffered,0,460,1847.126,624.4203,21.9395,646.3598,7.6667,261.0,41.5,250.0,2.5854,value,1729.6588,58.7101,25298.5225,1318.6667,2075.0,28692.1892
9104,S0_normal,B_dynamic_buffered,0,460,1847.126,624.4203,21.9395,646.3598,7.6667,261.0,41.5,250.0,2.5854,low,1608.7895,54.6074,21329.8733,383.3333,2075.0,23788.2067
9104,S0_normal,B_dynamic_buffered,0,460,1847.126,624.4203,21.9395,646.3598,7.6667,261.0,41.5,250.0,2.5854,high,1758.745,59.6974,26823.9316,1318.6667,2075.0,30217.5983
9104,S0_normal,C_ai_rolling_buffered,0,337,1847.126,625.2979,16.348,641.6459,5.6167,241.0,38.6167,250.0,2.5666,value,1717.0444,43.7472,25114.02,966.0667,1930.8333,28010.92
9104,S0_normal,C_ai_rolling_buffered,0,337,1847.126,625.2979,16.348,641.6459,5.6167,241.0,38.6167,250.0,2.5666,low,1597.0566,40.6902,21174.3142,280.8333,1930.8333,23385.9809
9104,S0_normal,C_ai_rolling_buffered,0,337,1847.126,625.2979,16.348,641.6459,5.6167,241.0,38.6167,250.0,2.5666,high,1745.9185,44.4829,26628.3042,966.0667,1930.8333,29525.2042
9104,S1_light_traffic,A_static_planned,0,641,1847.126,620.6903,31.7452,652.4355,10.6833,175.0,28.1667,250.0,2.6097,value,1745.9173,84.9501,25536.3241,1837.5333,1408.3333,28782.1908
9104,S1_light_traffic,A_static_planned,0,641,1847.126,620.6903,31.7452,652.4355,10.6833,175.0,28.1667,250.0,2.6097,low,1623.9119,79.0137,21530.3703,534.1667,1408.3333,23472.8703
9104,S1_light_traffic,A_static_planned,0,641,1847.126,620.6903,31.7452,652.4355,10.6833,175.0,28.1667,250.0,2.6097,high,1775.2769,86.3786,27076.0718,1837.5333,1408.3333,30321.9385
9104,S1_light_traffic,B_dynamic,0,418,1847.126,622.562,20.4813,643.0433,6.9667,312.0,48.7,250.0,2.5722,value,1720.7839,54.808,25168.7157,1198.2667,2435.0,28801.9823
9104,S1_light_traffic,B_dynamic,0,418,1847.126,622.562,20.4813,643.0433,6.9667,312.0,48.7,250.0,2.5722,low,1600.5348,50.978,21220.4297,348.3333,2435.0,24003.763
9104,S1_light_traffic,B_dynamic,0,418,1847.126,622.562,20.4813,643.0433,6.9667,312.0,48.7,250.0,2.5722,high,1749.7209,55.7297,26686.2979,1198.2667,2435.0,30319.5646
9104,S1_light_traffic,C_ai_rolling,0,169,1847.126,625.9363,8.247,634.1833,2.8167,420.0,63.6667,250.0,2.5367,value,1697.0744,22.069,24821.9325,484.4667,3183.3333,28489.7325
9104,S1_light_traffic,C_ai_rolling,0,169,1847.126,625.9363,8.247,634.1833,2.8167,420.0,63.6667,250.0,2.5367,low,1578.4821,20.5268,20928.0473,140.8333,3183.3333,24252.214
9104,S1_light_traffic,C_ai_rolling,0,169,1847.126,625.9363,8.247,634.1833,2.8167,420.0,63.6667,250.0,2.5367,high,1725.6126,22.4401,26318.605,484.4667,3183.3333,29986.405
9104,S1_light_traffic,B_dynamic_buffered,0,465,1847.126,624.0114,21.8235,645.8349,7.75,180.0,28.1333,250.0,2.5833,value,1728.2541,58.3997,25277.9767,1333.0,1406.6667,28017.6433
9104,S1_light_traffic,B_dynamic_buffered,0,465,1847.126,624.0114,21.8235,645.8349,7.75,180.0,28.1333,250.0,2.5833,low,1607.483,54.3187,21312.5506,387.5,1406.6667,23106.7172
9104,S1_light_traffic,B_dynamic_buffered,0,465,1847.126,624.0114,21.8235,645.8349,7.75,180.0,28.1333,250.0,2.5833,high,1757.3167,59.3817,26802.1469,1333.0,1406.6667,29541.8136
9104,S1_light_traffic,C_ai_rolling_buffered,0,311,1847.126,624.227,15.3447,639.5717,5.1833,184.0,27.65,250.0,2.5583,value,1711.4939,41.0623,25032.8369,891.5333,1382.5,27306.8702
9104,S1_light_traffic,C_ai_rolling_buffered,0,311,1847.126,624.227,15.3447,639.5717,5.1833,184.0,27.65,250.0,2.5583,low,1591.894,38.1929,21105.8665,259.1667,1382.5,22747.5332
9104,S1_light_traffic,C_ai_rolling_buffered,0,311,1847.126,624.227,15.3447,639.5717,5.1833,184.0,27.65,250.0,2.5583,high,1740.2746,41.7528,26542.2261,891.5333,1382.5,28816.2594
9104,S2_peak_traffic,A_static_planned,0,408,1847.126,622.9128,19.7095,642.6223,6.8,563.0,91.7167,250.0,2.5705,value,1719.6574,52.7426,25152.2382,1169.6,4585.8333,30907.6715
9104,S2_peak_traffic,A_static_planned,0,408,1847.126,622.9128,19.7095,642.6223,6.8,563.0,91.7167,250.0,2.5705,low,1599.487,49.0569,21206.5371,340.0,4585.8333,26132.3704
9104,S2_peak_traffic,A_static_planned,0,408,1847.126,622.9128,19.7095,642.6223,6.8,563.0,91.7167,250.0,2.5705,high,1748.5754,53.6295,26668.8269,1169.6,4585.8333,32424.2602
9104,S2_peak_traffic,B_dynamic,0,363,1847.126,624.7051,17.6458,642.3509,6.05,670.0,107.3,250.0,2.5694,value,1718.9311,47.2203,25141.6152,1040.6,5365.0,31547.2152
9104,S2_peak_traffic,B_dynamic,0,363,1847.126,624.7051,17.6458,642.3509,6.05,670.0,107.3,250.0,2.5694,low,1598.8115,43.9205,21197.5806,302.5,5365.0,26865.0806
9104,S2_peak_traffic,B_dynamic,0,363,1847.126,624.7051,17.6458,642.3509,6.05,670.0,107.3,250.0,2.5694,high,1747.8369,48.0143,26657.5634,1040.6,5365.0,33063.1634
9104,S2_peak_traffic,C_ai_rolling,0,188,1847.126,622.6005,9.4715,632.072,3.1333,665.0,106.8833,250.0,2.5283,value,1691.4248,25.3457,24739.2996,538.9333,5344.1667,30622.3996
9104,S2_peak_traffic,C_ai_rolling,0,188,1847.126,622.6005,9.4715,632.072,3.1333,665.0,106.8833,250.0,2.5283,low,1573.2273,23.5746,20858.3773,156.6667,5344.1667,26359.2106
9104,S2_peak_traffic,C_ai_rolling,0,188,1847.126,622.6005,9.4715,632.072,3.1333,665.0,106.8833,250.0,2.5283,high,1719.868,25.772,26230.9896,538.9333,5344.1667,32114.0896
9104,S2_peak_traffic,B_dynamic_buffered,0,401,1847.126,624.7763,19.8195,644.5958,6.6833,529.0,85.7,250.0,2.5784,value,1724.9385,53.037,25229.481,1149.5333,4285.0,30664.0143
9104,S2_peak_traffic,B_dynamic_buffered,0,401,1847.126,624.7763,19.8195,644.5958,6.6833,529.0,85.7,250.0,2.5784,low,1604.399,49.3307,21271.6626,334.1667,4285.0,25890.8292
9104,S2_peak_traffic,B_dynamic_buffered,0,401,1847.126,624.7763,19.8195,644.5958,6.6833,529.0,85.7,250.0,2.5784,high,1753.9453,53.9289,26750.7272,1149.5333,4285.0,32185.2605
9104,S2_peak_traffic,C_ai_rolling_buffered,0,298,1847.126,624.7178,14.4058,639.1236,4.9667,422.0,69.6333,250.0,2.5565,value,1710.2948,38.55,25015.2983,854.2667,3481.6667,29351.2316
9104,S2_peak_traffic,C_ai_rolling_buffered,0,298,1847.126,624.7178,14.4058,639.1236,4.9667,422.0,69.6333,250.0,2.5565,low,1590.7787,35.8561,21091.0793,248.3333,3481.6667,24821.0793
9104,S2_peak_traffic,C_ai_rolling_buffered,0,298,1847.126,624.7178,14.4058,639.1236,4.9667,422.0,69.6333,250.0,2.5565,high,1739.0554,39.1983,26523.63,854.2667,3481.6667,30859.5633
9104,S3_site_delay,A_static_planned,0,561,1847.126,623.3811,27.8455,651.2266,9.35,266.0,42.5333,250.0,2.6049,value,1742.6824,74.5146,25489.0094,1608.2,2126.6667,29223.876
9104,S3_site_delay,A_static_planned,0,561,1847.126,623.3811,27.8455,651.2266,9.35,266.0,42.5333,250.0,2.6049,low,1620.903,69.3074,21490.478,467.5,2126.6667,24084.6447
9104,S3_site_delay,A_static_planned,0,561,1847.126,623.3811,27.8455,651.2266,9.35,266.0,42.5333,250.0,2.6049,high,1771.9876,75.7676,27025.9041,1608.2,2126.6667,30760.7708
9104,S3_site_delay,B_dynamic,0,420,1847.126,630.127,20.3373,650.4643,7.0,359.0,57.7667,250.0,2.6019,value,1740.6426,54.4227,25459.174,1204.0,2888.3333,29551.5073
9104,S3_site_delay,B_dynamic,0,420,1847.126,630.127,20.3373,650.4643,7.0,359.0,57.7667,250.0,2.6019,low,1619.0057,50.6196,21465.323,350.0,2888.3333,24703.6563
9104,S3_site_delay,B_dynamic,0,420,1847.126,630.127,20.3373,650.4643,7.0,359.0,57.7667,250.0,2.6019,high,1769.9134,55.3379,26994.2698,1204.0,2888.3333,31086.6031
9104,S3_site_delay,C_ai_rolling,0,169,1847.126,625.8763,8.4565,634.3328,2.8167,426.0,65.85,250.0,2.5373,value,1697.4746,22.6296,24827.7866,484.4667,3292.5,28604.7533
9104,S3_site_delay,C_ai_rolling,0,169,1847.126,625.8763,8.4565,634.3328,2.8167,426.0,65.85,250.0,2.5373,low,1578.8544,21.0482,20932.9831,140.8333,3292.5,24366.3164
9104,S3_site_delay,C_ai_rolling,0,169,1847.126,625.8763,8.4565,634.3328,2.8167,426.0,65.85,250.0,2.5373,high,1726.0196,23.0101,26324.8121,484.4667,3292.5,30101.7787
9104,S3_site_delay,B_dynamic_buffered,0,455,1847.126,625.1952,21.9175,647.1127,7.5833,264.0,42.05,250.0,2.5885,value,1731.6735,58.6512,25327.99,1304.3333,2102.5,28734.8233
9104,S3_site_delay,B_dynamic_buffered,0,455,1847.126,625.1952,21.9175,647.1127,7.5833,264.0,42.05,250.0,2.5885,low,1610.6634,54.5527,21354.7182,379.1667,2102.5,23836.3848
9104,S3_site_delay,B_dynamic_buffered,0,455,1847.126,625.1952,21.9175,647.1127,7.5833,264.0,42.05,250.0,2.5885,high,1760.7936,59.6375,26855.1759,1304.3333,2102.5,30262.0092
9104,S3_site_delay,C_ai_rolling_buffered,0,334,1847.126,622.5884,16.039,638.6274,5.5667,251.0,40.45,250.0,2.5545,value,1708.967,42.9204,24995.8782,957.4667,2022.5,27975.8449
9104,S3_site_delay,C_ai_rolling_buffered,0,334,1847.126,622.5884,16.039,638.6274,5.5667,251.0,40.45,250.0,2.5545,low,1589.5437,39.9211,21074.7057,278.3333,2022.5,23375.5391
9104,S3_site_delay,C_ai_rolling_buffered,0,334,1847.126,622.5884,16.039,638.6274,5.5667,251.0,40.45,250.0,2.5545,high,1737.7053,43.6421,26503.039,957.4667,2022.5,29483.0057
9104,S4_multi_site_delay,A_static_planned,0,756,1847.126,623.796,35.9073,659.7034,12.6,342.0,54.7333,250.0,2.6388,value,1765.3662,96.088,25820.79,2167.2,2736.6667,30724.6566
9104,S4_multi_site_delay,A_static_planned,0,756,1847.126,623.796,35.9073,659.7034,12.6,342.0,54.7333,250.0,2.6388,low,1642.0017,89.3734,21770.2113,630.0,2736.6667,25136.8779
9104,S4_multi_site_delay,A_static_planned,0,756,1847.126,623.796,35.9073,659.7034,12.6,342.0,54.7333,250.0,2.6388,high,1795.0529,97.7039,27377.6899,2167.2,2736.6667,32281.5566
9104,S4_multi_site_delay,B_dynamic,0,460,1847.126,624.4412,22.583,647.0242,7.6667,485.0,76.8667,250.0,2.5881,value,1731.4368,60.4321,25324.5273,1318.6667,3843.3333,30486.5273
9104,S4_multi_site_delay,B_dynamic,0,460,1847.126,624.4412,22.583,647.0242,7.6667,485.0,76.8667,250.0,2.5881,low,1610.4432,56.2091,21351.7987,383.3333,3843.3333,25578.4653
9104,S4_multi_site_delay,B_dynamic,0,460,1847.126,624.4412,22.583,647.0242,7.6667,485.0,76.8667,250.0,2.5881,high,1760.5529,61.4483,26851.5044,1318.6667,3843.3333,32013.5044
9104,S4_multi_site_delay,C_ai_rolling,0,188,1847.126,626.7938,9.4737,636.2674,3.1333,539.0,84.7333,250.0,2.5451,value,1702.6517,25.3515,24903.5075,538.9333,4236.6667,29679.1075
9104,S4_multi_site_delay,C_ai_rolling,0,188,1847.126,626.7938,9.4737,636.2674,3.1333,539.0,84.7333,250.0,2.5451,low,1583.6696,23.58,20996.8254,156.6667,4236.6667,25390.1587
9104,S4_multi_site_delay,C_ai_rolling,0,188,1847.126,626.7938,9.4737,636.2674,3.1333,539.0,84.7333,250.0,2.5451,high,1731.2837,25.7778,26405.0986,538.9333,4236.6667,31180.6986
9104,S4_multi_site_delay,B_dynamic_buffered,0,489,1847.126,625.6161,23.3188,648.9349,8.15,368.0,58.1333,250.0,2.5957,value,1736.5499,62.4012,25399.3136,1401.8,2906.6667,29707.7802
9104,S4_multi_site_delay,B_dynamic_buffered,0,489,1847.126,625.6161,23.3188,648.9349,8.15,368.0,58.1333,250.0,2.5957,low,1615.1991,58.0406,21414.853,407.5,2906.6667,24729.0197
9104,S4_multi_site_delay,B_dynamic_buffered,0,489,1847.126,625.6161,23.3188,648.9349,8.15,368.0,58.1333,250.0,2.5957,high,1765.752,63.4505,26930.8,1401.8,2906.6667,31239.2667
9104,S4_multi_site_delay,C_ai_rolling_buffered,0,392,1847.126,625.1071,19.8415,644.9486,6.5333,290.0,46.55,250.0,2.5798,value,1725.8826,53.0959,25243.2901,1123.7333,2327.5,28694.5234
9104,S4_multi_site_delay,C_ai_rolling_buffered,0,392,1847.126,625.1071,19.8415,644.9486,6.5333,290.0,46.55,250.0,2.5798,low,1605.2772,49.3855,21283.3054,326.6667,2327.5,23937.472
9104,S4_multi_site_delay,C_ai_rolling_buffered,0,392,1847.126,625.1071,19.8415,644.9486,6.5333,290.0,46.55,250.0,2.5798,high,1754.9053,53.9887,26765.3689,1123.7333,2327.5,30216.6022
9104,S5_pump_failure,A_static_planned,0,691,1847.126,621.5264,33.5193,655.0457,11.5167,351.0,57.3333,250.0,2.6202,value,1752.9023,89.6977,25638.4888,1980.8667,2866.6667,30486.0222
9104,S5_pump_failure,A_static_planned,0,691,1847.126,621.5264,33.5193,655.0457,11.5167,351.0,57.3333,250.0,2.6202,low,1630.4088,83.4296,21616.5082,575.8333,2866.6667,25059.0082
9104,S5_pump_failure,A_static_planned,0,691,1847.126,621.5264,33.5193,655.0457,11.5167,351.0,57.3333,250.0,2.6202,high,1782.3794,91.2061,27184.3967,1980.8667,2866.6667,32031.93
9104,S5_pump_failure,B_dynamic,0,456,1847.126,628.6721,21.804,650.4761,7.6,372.0,60.3167,250.0,2.6019,value,1740.6739,58.3475,25459.6329,1307.2,3015.8333,29782.6662
9104,S5_pump_failure,B_dynamic,0,456,1847.126,628.6721,21.804,650.4761,7.6,372.0,60.3167,250.0,2.6019,low,1619.0349,54.2702,21465.7099,380.0,3015.8333,24861.5432
9104,S5_pump_failure,B_dynamic,0,456,1847.126,628.6721,21.804,650.4761,7.6,372.0,60.3167,250.0,2.6019,high,1769.9454,59.3287,26994.7564,1307.2,3015.8333,31317.7897
9104,S5_pump_failure,C_ai_rolling,0,221,1847.126,626.2716,11.0228,637.2944,3.6833,449.0,70.2333,250.0,2.5492,value,1705.3998,29.4971,24943.7032,633.5333,3511.6667,29088.9032
9104,S5_pump_failure,C_ai_rolling,0,221,1847.126,626.2716,11.0228,637.2944,3.6833,449.0,70.2333,250.0,2.5492,low,1586.2258,27.4358,21030.7155,184.1667,3511.6667,24726.5488
9104,S5_pump_failure,C_ai_rolling,0,221,1847.126,626.2716,11.0228,637.2944,3.6833,449.0,70.2333,250.0,2.5492,high,1734.0781,29.9931,26447.718,633.5333,3511.6667,30592.918
9104,S5_pump_failure,B_dynamic_buffered,0,505,1847.126,624.9567,24.3468,649.3036,8.4167,253.0,41.55,250.0,2.5972,value,1737.5364,65.1521,25413.7422,1447.6667,2077.5,28938.9089
9104,S5_pump_failure,B_dynamic_buffered,0,505,1847.126,624.9567,24.3468,649.3036,8.4167,253.0,41.55,250.0,2.5972,low,1616.1166,60.5993,21427.0182,420.8333,2077.5,23925.3516
9104,S5_pump_failure,B_dynamic_buffered,0,505,1847.126,624.9567,24.3468,649.3036,8.4167,253.0,41.55,250.0,2.5972,high,1766.7551,66.2477,26946.0987,1447.6667,2077.5,30471.2654
9104,S5_pump_failure,C_ai_rolling_buffered,0,417,1847.126,623.6591,20.656,644.3151,6.95,266.0,43.5,250.0,2.5773,value,1724.1872,55.2755,25218.4932,1195.4,2175.0,28588.8932
9104,S5_pump_failure,C_ai_rolling_buffered,0,417,1847.126,623.6591,20.656,644.3151,6.95,266.0,43.5,250.0,2.5773,low,1603.7003,51.4128,21262.3985,347.5,2175.0,23784.8985
9104,S5_pump_failure,C_ai_rolling_buffered,0,417,1847.126,623.6591,20.656,644.3151,6.95,266.0,43.5,250.0,2.5773,high,1753.1814,56.205,26739.0769,1195.4,2175.0,30109.4769
9104,S6_high_demand,A_static_planned,0,468,2937.008,994.2108,21.9063,1016.1171,7.8,1744.0,271.0667,406.5,2.4997,value,2719.1295,58.6213,39770.8252,1341.6,13553.3333,54665.7586
9104,S6_high_demand,A_static_planned,0,468,2937.008,994.2108,21.9063,1016.1171,7.8,1744.0,271.0667,406.5,2.4997,low,2529.1156,54.5249,33531.8659,390.0,13553.3333,47475.1993
9104,S6_high_demand,A_static_planned,0,468,2937.008,994.2108,21.9063,1016.1171,7.8,1744.0,271.0667,406.5,2.4997,high,2764.8548,59.6071,42168.8617,1341.6,13553.3333,57063.795
9104,S6_high_demand,B_dynamic,0,250,2937.008,993.1843,11.9458,1005.1302,4.1667,2030.0,311.3833,406.5,2.4726,value,2689.7283,31.9671,39340.7948,716.6667,15569.1667,55626.6281
9104,S6_high_demand,B_dynamic,0,250,2937.008,993.1843,11.9458,1005.1302,4.1667,2030.0,311.3833,406.5,2.4726,low,2501.769,29.7332,33169.2955,208.3333,15569.1667,48946.7955
9104,S6_high_demand,B_dynamic,0,250,2937.008,993.1843,11.9458,1005.1302,4.1667,2030.0,311.3833,406.5,2.4726,high,2734.9592,32.5046,41712.902,716.6667,15569.1667,57998.7353
9104,S6_high_demand,C_ai_rolling,0,85,2937.008,993.8033,3.9157,997.719,1.4167,2060.0,305.8167,406.5,2.4544,value,2669.896,10.4783,39050.7213,243.6667,15290.8333,54585.2213
9104,S6_high_demand,C_ai_rolling,0,85,2937.008,993.8033,3.9157,997.719,1.4167,2060.0,305.8167,406.5,2.4544,low,2483.3226,9.7461,32924.7267,70.8333,15290.8333,48286.3934
9104,S6_high_demand,C_ai_rolling,0,85,2937.008,993.8033,3.9157,997.719,1.4167,2060.0,305.8167,406.5,2.4544,high,2714.7934,10.6545,41405.3382,243.6667,15290.8333,56939.8382
9104,S6_high_demand,B_dynamic_buffered,0,274,2937.008,994.492,13.4152,1007.9071,4.5667,1982.0,302.6667,406.5,2.4795,value,2697.1595,35.899,39449.4855,785.4667,15133.3333,55368.2855
9104,S6_high_demand,B_dynamic_buffered,0,274,2937.008,994.492,13.4152,1007.9071,4.5667,1982.0,302.6667,406.5,2.4795,low,2508.6809,33.3903,33260.9356,228.3333,15133.3333,48622.6023
9104,S6_high_demand,B_dynamic_buffered,0,274,2937.008,994.492,13.4152,1007.9071,4.5667,1982.0,302.6667,406.5,2.4795,high,2742.5153,36.5027,41828.1463,785.4667,15133.3333,57746.9463
9104,S6_high_demand,C_ai_rolling_buffered,0,183,2937.008,992.1563,8.7257,1000.882,3.05,2034.0,302.55,406.5,2.4622,value,2678.3602,23.3499,39174.5216,524.6,15127.5,54826.6216
9104,S6_high_demand,C_ai_rolling_buffered,0,183,2937.008,992.1563,8.7257,1000.882,3.05,2034.0,302.55,406.5,2.4622,low,2491.1953,21.7182,33029.1061,152.5,15127.5,48309.1061
9104,S6_high_demand,C_ai_rolling_buffered,0,183,2937.008,992.1563,8.7257,1000.882,3.05,2034.0,302.55,406.5,2.4622,high,2723.3999,23.7425,41536.6031,524.6,15127.5,57188.7031
9104,S7_mixed_disruption,A_static_planned,0,960,1847.126,624.7358,47.2982,672.0339,16.0,603.0,99.6667,250.0,2.6881,value,1798.3628,126.5699,26303.408,2752.0,4983.3333,34038.7413
9104,S7_mixed_disruption,A_static_planned,0,960,1847.126,624.7358,47.2982,672.0339,16.0,603.0,99.6667,250.0,2.6881,low,1672.6924,117.7251,22177.1197,800.0,4983.3333,27960.453
9104,S7_mixed_disruption,A_static_planned,0,960,1847.126,624.7358,47.2982,672.0339,16.0,603.0,99.6667,250.0,2.6881,high,1828.6043,128.6983,27889.408,2752.0,4983.3333,35624.7414
9104,S7_mixed_disruption,B_dynamic,0,675,1847.126,623.844,32.9603,656.8044,11.25,594.0,98.7167,250.0,2.6272,value,1757.6085,88.2019,25707.3226,1935.0,4935.8333,32578.1559
9104,S7_mixed_disruption,B_dynamic,0,675,1847.126,623.844,32.9603,656.8044,11.25,594.0,98.7167,250.0,2.6272,low,1634.786,82.0383,21674.5438,562.5,4935.8333,27172.8771
9104,S7_mixed_disruption,B_dynamic,0,675,1847.126,623.844,32.9603,656.8044,11.25,594.0,98.7167,250.0,2.6272,high,1787.1647,89.6851,27257.3809,1935.0,4935.8333,34128.2142
9104,S7_mixed_disruption,C_ai_rolling,0,205,1847.126,624.3303,10.2972,634.6275,3.4167,783.0,125.6,250.0,2.5385,value,1698.2632,27.5552,24839.3205,587.6667,6280.0,31706.9872
9104,S7_mixed_disruption,C_ai_rolling,0,205,1847.126,624.3303,10.2972,634.6275,3.4167,783.0,125.6,250.0,2.5385,low,1579.5879,25.6296,20942.7076,170.8333,6280.0,27393.541
9104,S7_mixed_disruption,C_ai_rolling,0,205,1847.126,624.3303,10.2972,634.6275,3.4167,783.0,125.6,250.0,2.5385,high,1726.8214,28.0186,26337.0414,587.6667,6280.0,33204.7081
9104,S7_mixed_disruption,B_dynamic_buffered,0,806,1847.126,624.1114,39.1078,663.2192,13.4333,445.0,73.65,250.0,2.6529,value,1774.7746,104.6526,25958.3996,2310.5333,3682.5,31951.4329
9104,S7_mixed_disruption,B_dynamic_buffered,0,806,1847.126,624.1114,39.1078,663.2192,13.4333,445.0,73.65,250.0,2.6529,low,1650.7526,97.3394,21886.2337,671.6667,3682.5,26240.4003
9104,S7_mixed_disruption,B_dynamic_buffered,0,806,1847.126,624.1114,39.1078,663.2192,13.4333,445.0,73.65,250.0,2.6529,high,1804.6194,106.4124,27523.5969,2310.5333,3682.5,33516.6302
9104,S7_mixed_disruption,C_ai_rolling_buffered,0,326,1847.126,624.7134,16.1103,640.8238,5.4333,459.0,75.2833,250.0,2.5633,value,1714.8444,43.1113,25081.8427,934.5333,3764.1667,29780.5427
9104,S7_mixed_disruption,C_ai_rolling_buffered,0,326,1847.126,624.7134,16.1103,640.8238,5.4333,459.0,75.2833,250.0,2.5633,low,1595.0104,40.0986,21147.1847,271.6667,3764.1667,25183.018
9104,S7_mixed_disruption,C_ai_rolling_buffered,0,326,1847.126,624.7134,16.1103,640.8238,5.4333,459.0,75.2833,250.0,2.5633,high,1743.6815,43.8362,26594.1868,934.5333,3764.1667,31292.8868
9104,S8_ai_prediction_error,A_static_planned,0,573,1847.126,627.3781,28.5575,655.9356,9.55,311.0,47.7833,250.0,2.6237,value,1755.2836,76.4199,25673.3182,1642.6,2389.1667,29705.0849
9104,S8_ai_prediction_error,A_static_planned,0,573,1847.126,627.3781,28.5575,655.9356,9.55,311.0,47.7833,250.0,2.6237,low,1632.6236,71.0796,21645.8738,477.5,2389.1667,24512.5405
9104,S8_ai_prediction_error,A_static_planned,0,573,1847.126,627.3781,28.5575,655.9356,9.55,311.0,47.7833,250.0,2.6237,high,1784.8007,77.705,27221.3262,1642.6,2389.1667,31253.0929
9104,S8_ai_prediction_error,B_dynamic,0,297,1847.126,625.7308,14.1745,639.9053,4.95,392.0,61.4833,250.0,2.5596,value,1712.3867,37.931,25045.8945,851.4,3074.1667,28971.4612
9104,S8_ai_prediction_error,B_dynamic,0,297,1847.126,625.7308,14.1745,639.9053,4.95,392.0,61.4833,250.0,2.5596,low,1592.7244,35.2803,21116.8758,247.5,3074.1667,24438.5425
9104,S8_ai_prediction_error,B_dynamic,0,297,1847.126,625.7308,14.1745,639.9053,4.95,392.0,61.4833,250.0,2.5596,high,1741.1824,38.5688,26556.0711,851.4,3074.1667,30481.6378
9104,S8_ai_prediction_error,C_ai_rolling,0,121,1847.126,626.5398,5.7578,632.2976,2.0167,431.0,66.7667,250.0,2.5292,value,1692.0284,15.408,24748.1284,346.8667,3338.3333,28433.3284
9104,S8_ai_prediction_error,C_ai_rolling,0,121,1847.126,626.5398,5.7578,632.2976,2.0167,431.0,66.7667,250.0,2.5292,low,1573.7887,14.3312,20865.8211,100.8333,3338.3333,24304.9878
9104,S8_ai_prediction_error,C_ai_rolling,0,121,1847.126,626.5398,5.7578,632.2976,2.0167,431.0,66.7667,250.0,2.5292,high,1720.4818,15.6671,26240.3508,346.8667,3338.3333,29925.5508
9104,S8_ai_prediction_error,B_dynamic_buffered,0,340,1847.126,623.4225,16.1133,639.5358,5.6667,287.0,45.4333,250.0,2.5581,value,1711.3978,43.1193,25031.4309,974.6667,2271.6667,28277.7642
9104,S8_ai_prediction_error,B_dynamic_buffered,0,340,1847.126,623.4225,16.1133,639.5358,5.6667,287.0,45.4333,250.0,2.5581,low,1591.8046,40.1061,21104.6811,283.3333,2271.6667,23659.6811
9104,S8_ai_prediction_error,B_dynamic_buffered,0,340,1847.126,623.4225,16.1133,639.5358,5.6667,287.0,45.4333,250.0,2.5581,high,1740.1769,43.8444,26540.7353,974.6667,2271.6667,29787.0687
9104,S8_ai_prediction_error,C_ai_rolling_buffered,0,230,1847.126,626.5173,11.1693,637.6867,3.8333,249.0,38.6833,250.0,2.5507,value,1706.4495,29.8891,24959.0563,659.3333,1934.1667,27552.5563
9104,S8_ai_prediction_error,C_ai_rolling_buffered,0,230,1847.126,626.5173,11.1693,637.6867,3.8333,249.0,38.6833,250.0,2.5507,low,1587.2021,27.8005,21043.6601,191.6667,1934.1667,23169.4935
9104,S8_ai_prediction_error,C_ai_rolling_buffered,0,230,1847.126,626.5173,11.1693,637.6867,3.8333,249.0,38.6833,250.0,2.5507,high,1735.1454,30.3918,26463.9968,659.3333,1934.1667,29057.4968
9105,S0_normal,A_static_planned,0,458,2112.898,714.4466,22.1332,736.5798,7.6333,655.0,93.4167,309.5,2.3799,value,1971.0875,59.2284,28829.7329,1312.9333,4670.8333,34813.4996
9105,S0_normal,A_static_planned,0,458,2112.898,714.4466,22.1332,736.5798,7.6333,655.0,93.4167,309.5,2.3799,low,1833.3471,55.0895,24307.133,381.6667,4670.8333,29359.633
9105,S0_normal,A_static_planned,0,458,2112.898,714.4466,22.1332,736.5798,7.6333,655.0,93.4167,309.5,2.3799,high,2004.2336,60.2243,30568.0612,1312.9333,4670.8333,36551.8279
9105,S0_normal,B_dynamic,0,313,2112.898,714.4552,14.7685,729.2237,5.2167,892.0,124.4833,309.5,2.3561,value,1951.4025,39.5205,28541.8138,897.2667,6224.1667,35663.2472
9105,S0_normal,B_dynamic,0,313,2112.898,714.4552,14.7685,729.2237,5.2167,892.0,124.4833,309.5,2.3561,low,1815.0377,36.7588,24064.3806,260.8333,6224.1667,30549.3806
9105,S0_normal,B_dynamic,0,313,2112.898,714.4552,14.7685,729.2237,5.2167,892.0,124.4833,309.5,2.3561,high,1984.2176,40.1851,30262.7817,897.2667,6224.1667,37384.215
9105,S0_normal,C_ai_rolling,0,92,2112.898,715.1143,4.7523,719.8667,1.5333,1007.0,142.05,309.5,2.3259,value,1926.3632,12.7172,28175.5819,263.7333,7102.5,35541.8152
9105,S0_normal,C_ai_rolling,0,92,2112.898,715.1143,4.7523,719.8667,1.5333,1007.0,142.05,309.5,2.3259,low,1791.7482,11.8286,23755.6005,76.6667,7102.5,30934.7671
9105,S0_normal,C_ai_rolling,0,92,2112.898,715.1143,4.7523,719.8667,1.5333,1007.0,142.05,309.5,2.3259,high,1958.7572,12.9311,29874.4672,263.7333,7102.5,37240.7006
9105,S0_normal,B_dynamic_buffered,0,491,2112.898,713.7601,23.2282,736.9883,8.1833,681.0,92.4333,309.5,2.3812,value,1972.1806,62.1586,28845.721,1407.5333,4621.6667,34874.921
9105,S0_normal,B_dynamic_buffered,0,491,2112.898,713.7601,23.2282,736.9883,8.1833,681.0,92.4333,309.5,2.3812,low,1834.3638,57.8149,24320.613,409.1667,4621.6667,29351.4463
9105,S0_normal,B_dynamic_buffered,0,491,2112.898,713.7601,23.2282,736.9883,8.1833,681.0,92.4333,309.5,2.3812,high,2005.3451,63.2038,30585.0133,1407.5333,4621.6667,36614.2133
9105,S0_normal,C_ai_rolling_buffered,0,327,2112.898,712.2598,15.7773,728.0371,5.45,640.0,86.6833,309.5,2.3523,value,1948.2274,42.2201,28495.3734,937.4,4334.1667,33766.94
9105,S0_normal,C_ai_rolling_buffered,0,327,2112.898,712.2598,15.7773,728.0371,5.45,640.0,86.6833,309.5,2.3523,low,1812.0844,39.2698,24025.2254,272.5,4334.1667,28631.892
9105,S0_normal,C_ai_rolling_buffered,0,327,2112.898,712.2598,15.7773,728.0371,5.45,640.0,86.6833,309.5,2.3523,high,1980.989,42.9301,30213.541,937.4,4334.1667,35485.1077
9105,S1_light_traffic,A_static_planned,0,575,2112.898,712.4667,27.5073,739.974,9.5833,556.0,79.15,309.5,2.3909,value,1980.1705,73.6096,28962.5834,1648.3333,3957.5,34568.4167
9105,S1_light_traffic,A_static_planned,0,575,2112.898,712.4667,27.5073,739.974,9.5833,556.0,79.15,309.5,2.3909,low,1841.7954,68.4658,24419.1429,479.1667,3957.5,28855.8095
9105,S1_light_traffic,A_static_planned,0,575,2112.898,712.4667,27.5073,739.974,9.5833,556.0,79.15,309.5,2.3909,high,2013.4693,74.8475,30708.9221,1648.3333,3957.5,36314.7554
9105,S1_light_traffic,B_dynamic,0,381,2112.898,714.5197,18.1745,732.6942,6.35,864.0,120.5667,309.5,2.3673,value,1960.6897,48.635,28677.6518,1092.2,6028.3333,35798.1851
9105,S1_light_traffic,B_dynamic,0,381,2112.898,714.5197,18.1745,732.6942,6.35,864.0,120.5667,309.5,2.3673,low,1823.6759,45.2363,24178.9093,317.5,6028.3333,30524.7426
9105,S1_light_traffic,B_dynamic,0,381,2112.898,714.5197,18.1745,732.6942,6.35,864.0,120.5667,309.5,2.3673,high,1993.661,49.4528,30406.8101,1092.2,6028.3333,37527.3435
9105,S1_light_traffic,C_ai_rolling,0,122,2112.898,713.8523,6.002,719.8543,2.0333,940.0,134.05,309.5,2.3259,value,1926.3301,16.0614,28175.0977,349.7333,6702.5,35227.331
9105,S1_light_traffic,C_ai_rolling,0,122,2112.898,713.8523,6.002,719.8543,2.0333,940.0,134.05,309.5,2.3259,low,1791.7174,14.939,23755.1922,101.6667,6702.5,30559.3589
9105,S1_light_traffic,C_ai_rolling,0,122,2112.898,713.8523,6.002,719.8543,2.0333,940.0,134.05,309.5,2.3259,high,1958.7236,16.3314,29873.9538,349.7333,6702.5,36926.1872
9105,S1_light_traffic,B_dynamic_buffered,0,513,2112.898,713.1009,24.8587,737.9596,8.55,633.0,85.7667,309.5,2.3844,value,1974.7798,66.5218,28883.7374,1470.6,4288.3333,34642.6707
9105,S1_light_traffic,B_dynamic_buffered,0,513,2112.898,713.1009,24.8587,737.9596,8.55,633.0,85.7667,309.5,2.3844,low,1836.7814,61.8732,24352.6657,427.5,4288.3333,29068.499
9105,S1_light_traffic,B_dynamic_buffered,0,513,2112.898,713.1009,24.8587,737.9596,8.55,633.0,85.7667,309.5,2.3844,high,2007.988,67.6404,30625.322,1470.6,4288.3333,36384.2553
9105,S1_light_traffic,C_ai_rolling_buffered,0,308,2112.898,710.9501,15.0355,725.9856,5.1333,587.0,79.8167,309.5,2.3457,value,1942.7374,40.235,28415.075,882.9333,3990.8333,33288.8417
9105,S1_light_traffic,C_ai_rolling_buffered,0,308,2112.898,710.9501,15.0355,725.9856,5.1333,587.0,79.8167,309.5,2.3457,low,1806.9781,37.4234,23957.5236,256.6667,3990.8333,28205.0236
9105,S1_light_traffic,C_ai_rolling_buffered,0,308,2112.898,710.9501,15.0355,725.9856,5.1333,587.0,79.8167,309.5,2.3457,high,1975.4067,40.9116,30128.4009,882.9333,3990.8333,35002.1676
9105,S2_peak_traffic,A_static_planned,0,317,2112.898,712.6433,14.7105,727.3538,5.2833,913.0,131.9333,309.5,2.3501,value,1946.3989,39.3653,28468.6294,908.7333,6596.6667,35974.0294
9105,S2_peak_traffic,A_static_planned,0,317,2112.898,712.6433,14.7105,727.3538,5.2833,913.0,131.9333,309.5,2.3501,low,1810.3837,36.6144,24002.6768,264.1667,6596.6667,30863.5102
9105,S2_peak_traffic,A_static_planned,0,317,2112.898,712.6433,14.7105,727.3538,5.2833,913.0,131.9333,309.5,2.3501,high,1979.1298,40.0273,30185.1845,908.7333,6596.6667,37690.5845
9105,S2_peak_traffic,B_dynamic,0,288,2112.898,713.7495,13.913,727.6625,4.8,1043.0,144.7,309.5,2.3511,value,1947.2248,37.2312,28480.7096,825.6,7235.0,36541.3096
9105,S2_peak_traffic,B_dynamic,0,288,2112.898,713.7495,13.913,727.6625,4.8,1043.0,144.7,309.5,2.3511,low,1811.1519,34.6295,24012.862,240.0,7235.0,31487.862
9105,S2_peak_traffic,B_dynamic,0,288,2112.898,713.7495,13.913,727.6625,4.8,1043.0,144.7,309.5,2.3511,high,1979.9696,37.8573,30197.9931,825.6,7235.0,38258.5931
9105,S2_peak_traffic,C_ai_rolling,0,82,2112.898,714.511,3.9623,718.4733,1.3667,1202.0,169.5333,309.5,2.3214,value,1922.6346,10.6032,28121.0451,235.0667,8476.6667,36832.7785
9105,S2_peak_traffic,C_ai_rolling,0,82,2112.898,714.511,3.9623,718.4733,1.3667,1202.0,169.5333,309.5,2.3214,low,1788.2801,9.8622,23709.619,68.3333,8476.6667,32254.619
9105,S2_peak_traffic,C_ai_rolling,0,82,2112.898,714.511,3.9623,718.4733,1.3667,1202.0,169.5333,309.5,2.3214,high,1954.9659,10.7815,29816.6421,235.0667,8476.6667,38528.3755
9105,S2_peak_traffic,B_dynamic_buffered,0,410,2112.898,712.5966,19.8202,732.4168,6.8333,811.0,111.4667,309.5,2.3665,value,1959.9472,53.0388,28666.7916,1175.3333,5573.3333,35415.4583
9105,S2_peak_traffic,B_dynamic_buffered,0,410,2112.898,712.5966,19.8202,732.4168,6.8333,811.0,111.4667,309.5,2.3665,low,1822.9853,49.3324,24169.7528,341.6667,5573.3333,30084.7528
9105,S2_peak_traffic,B_dynamic_buffered,0,410,2112.898,712.5966,19.8202,732.4168,6.8333,811.0,111.4667,309.5,2.3665,high,1992.906,53.9307,30395.2951,1175.3333,5573.3333,37143.9618
9105,S2_peak_traffic,C_ai_rolling_buffered,0,273,2112.898,714.6039,13.5083,728.1123,4.55,861.0,117.35,309.5,2.3525,value,1948.4285,36.1483,28498.3145,782.6,5867.5,35148.4145
9105,S2_peak_traffic,C_ai_rolling_buffered,0,273,2112.898,714.6039,13.5083,728.1123,4.55,861.0,117.35,309.5,2.3525,low,1812.2715,33.6222,24027.7051,227.5,5867.5,30122.7051
9105,S2_peak_traffic,C_ai_rolling_buffered,0,273,2112.898,714.6039,13.5083,728.1123,4.55,861.0,117.35,309.5,2.3525,high,1981.1935,36.7562,30216.6595,782.6,5867.5,36866.7595
9105,S3_site_delay,A_static_planned,0,537,2112.898,714.9991,25.8233,740.8224,8.95,640.0,91.7167,309.5,2.3936,value,1982.4409,69.1032,28995.7905,1539.4,4585.8333,35121.0238
9105,S3_site_delay,A_static_planned,0,537,2112.898,714.9991,25.8233,740.8224,8.95,640.0,91.7167,309.5,2.3936,low,1843.9071,64.2743,24447.1407,447.5,4585.8333,29480.474
9105,S3_site_delay,A_static_planned,0,537,2112.898,714.9991,25.8233,740.8224,8.95,640.0,91.7167,309.5,2.3936,high,2015.7779,70.2653,30744.1315,1539.4,4585.8333,36869.3648
9105,S3_site_delay,B_dynamic,0,296,2112.898,714.0484,14.9065,728.9549,4.9333,912.0,127.0667,309.5,2.3553,value,1950.6833,39.8898,28531.2945,848.5333,6353.3333,35733.1611
9105,S3_site_delay,B_dynamic,0,296,2112.898,714.0484,14.9065,728.9549,4.9333,912.0,127.0667,309.5,2.3553,low,1814.3687,37.1023,24055.5114,246.6667,6353.3333,30655.5114
9105,S3_site_delay,B_dynamic,0,296,2112.898,714.0484,14.9065,728.9549,4.9333,912.0,127.0667,309.5,2.3553,high,1983.4863,40.5606,30251.628,848.5333,6353.3333,37453.4947
9105,S3_site_delay,C_ai_rolling,0,77,2112.898,714.1046,3.6373,717.7419,1.2833,1045.0,146.8167,309.5,2.319,value,1920.6775,9.7335,28092.4199,220.7333,7340.8333,35653.9865
9105,S3_site_delay,C_ai_rolling,0,77,2112.898,714.1046,3.6373,717.7419,1.2833,1045.0,146.8167,309.5,2.319,low,1786.4597,9.0533,23685.4843,64.1667,7340.8333,31090.4843
9105,S3_site_delay,C_ai_rolling,0,77,2112.898,714.1046,3.6373,717.7419,1.2833,1045.0,146.8167,309.5,2.319,high,1952.9758,9.8972,29786.2909,220.7333,7340.8333,37347.8575
9105,S3_site_delay,B_dynamic_buffered,0,485,2112.898,714.3187,24.2558,738.5745,8.0833,690.0,94.3333,309.5,2.3863,value,1976.4254,64.9086,28907.8069,1390.3333,4716.6667,35014.8069
9105,S3_site_delay,B_dynamic_buffered,0,485,2112.898,714.3187,24.2558,738.5745,8.0833,690.0,94.3333,309.5,2.3863,low,1838.312,60.3728,24372.9593,404.1667,4716.6667,29493.7926
9105,S3_site_delay,B_dynamic_buffered,0,485,2112.898,714.3187,24.2558,738.5745,8.0833,690.0,94.3333,309.5,2.3863,high,2009.6613,66.0001,30650.8427,1390.3333,4716.6667,36757.8427
9105,S3_site_delay,C_ai_rolling_buffered,0,289,2112.898,713.3386,13.9638,727.3025,4.8167,690.0,92.7167,309.5,2.3499,value,1946.2614,37.3672,28466.6185,828.4667,4635.8333,33930.9185
9105,S3_site_delay,C_ai_rolling_buffered,0,289,2112.898,713.3386,13.9638,727.3025,4.8167,690.0,92.7167,309.5,2.3499,low,1810.2558,34.756,24000.9814,240.8333,4635.8333,28877.648
9105,S3_site_delay,C_ai_rolling_buffered,0,289,2112.898,713.3386,13.9638,727.3025,4.8167,690.0,92.7167,309.5,2.3499,high,1978.99,37.9956,30183.0523,828.4667,4635.8333,35647.3523
9105,S4_multi_site_delay,A_static_planned,0,625,2112.898,715.76,30.5338,746.2939,10.4167,654.0,93.0,309.5,2.4113,value,1997.0824,81.7085,29209.9422,1791.6667,4650.0,35651.6088
9105,S4_multi_site_delay,A_static_planned,0,625,2112.898,715.76,30.5338,746.2939,10.4167,654.0,93.0,309.5,2.4113,low,1857.5254,75.9987,24627.6978,520.8333,4650.0,29798.5311
9105,S4_multi_site_delay,A_static_planned,0,625,2112.898,715.76,30.5338,746.2939,10.4167,654.0,93.0,309.5,2.4113,high,2030.6656,83.0826,30971.1957,1791.6667,4650.0,37412.8624
9105,S4_multi_site_delay,B_dynamic,0,339,2112.898,715.0778,16.3737,731.4515,5.65,1005.0,140.5333,309.5,2.3633,value,1957.3641,43.8159,28629.0106,971.8,7026.6667,36627.4772
9105,S4_multi_site_delay,B_dynamic,0,339,2112.898,715.0778,16.3737,731.4515,5.65,1005.0,140.5333,309.5,2.3633,low,1820.5827,40.7541,24137.8985,282.5,7026.6667,31447.0652
9105,S4_multi_site_delay,B_dynamic,0,339,2112.898,715.0778,16.3737,731.4515,5.65,1005.0,140.5333,309.5,2.3633,high,1990.2795,44.5527,30355.236,971.8,7026.6667,38353.7027
9105,S4_multi_site_delay,C_ai_rolling,0,84,2112.898,714.0829,4.1103,718.1932,1.4,1099.0,153.3833,309.5,2.3205,value,1921.8851,10.9993,28110.0836,240.8,7669.1667,36020.0503
9105,S4_multi_site_delay,C_ai_rolling,0,84,2112.898,714.0829,4.1103,718.1932,1.4,1099.0,153.3833,309.5,2.3205,low,1787.583,10.2306,23700.3771,70.0,7669.1667,31439.5437
9105,S4_multi_site_delay,C_ai_rolling,0,84,2112.898,714.0829,4.1103,718.1932,1.4,1099.0,153.3833,309.5,2.3205,high,1954.2038,11.1842,29805.0196,240.8,7669.1667,37714.9863
9105,S4_multi_site_delay,B_dynamic_buffered,0,444,2112.898,714.4684,21.2675,735.7359,7.4,853.0,117.7667,309.5,2.3772,value,1968.8294,56.9118,28796.7046,1272.8,5888.3333,35957.838
9105,S4_multi_site_delay,B_dynamic_buffered,0,444,2112.898,714.4684,21.2675,735.7359,7.4,853.0,117.7667,309.5,2.3772,low,1831.2468,52.9348,24279.286,370.0,5888.3333,30537.6193
9105,S4_multi_site_delay,B_dynamic_buffered,0,444,2112.898,714.4684,21.2675,735.7359,7.4,853.0,117.7667,309.5,2.3772,high,2001.9375,57.8689,30533.0415,1272.8,5888.3333,37694.1748
9105,S4_multi_site_delay,C_ai_rolling_buffered,0,301,2112.898,714.0722,15.2035,729.2757,5.0167,780.0,107.1167,309.5,2.3563,value,1951.5416,40.6846,28543.849,862.8667,5355.8333,34762.549
9105,S4_multi_site_delay,C_ai_rolling_buffered,0,301,2112.898,714.0722,15.2035,729.2757,5.0167,780.0,107.1167,309.5,2.3563,low,1815.1671,37.8415,24066.0965,250.8333,5355.8333,29672.7632
9105,S4_multi_site_delay,C_ai_rolling_buffered,0,301,2112.898,714.0722,15.2035,729.2757,5.0167,780.0,107.1167,309.5,2.3563,high,1984.359,41.3687,30264.9395,862.8667,5355.8333,36483.6395
9105,S5_pump_failure,A_static_planned,0,513,2112.898,714.4466,25.1637,739.6103,8.55,577.0,81.7167,309.5,2.3897,value,1979.1971,67.338,28948.3467,1470.6,4085.8333,34504.78
9105,S5_pump_failure,A_static_planned,0,513,2112.898,714.4466,25.1637,739.6103,8.55,577.0,81.7167,309.5,2.3897,low,1840.89,62.6324,24407.1395,427.5,4085.8333,28920.4728
9105,S5_pump_failure,A_static_planned,0,513,2112.898,714.4466,25.1637,739.6103,8.55,577.0,81.7167,309.5,2.3897,high,2012.4796,68.4703,30693.827,1470.6,4085.8333,36250.2603
9105,S5_pump_failure,B_dynamic,0,313,2112.898,714.0456,14.7685,728.8141,5.2167,773.0,107.9667,309.5,2.3548,value,1950.3066,39.5205,28525.7842,897.2667,5398.3333,34821.3842
9105,S5_pump_failure,B_dynamic,0,313,2112.898,714.0456,14.7685,728.8141,5.2167,773.0,107.9667,309.5,2.3548,low,1814.0183,36.7588,24050.8656,260.8333,5398.3333,29710.0322
9105,S5_pump_failure,B_dynamic,0,313,2112.898,714.0456,14.7685,728.8141,5.2167,773.0,107.9667,309.5,2.3548,high,1983.1032,40.1851,30245.7855,897.2667,5398.3333,36541.3855
9105,S5_pump_failure,C_ai_rolling,0,92,2112.898,714.357,4.7523,719.1093,1.5333,870.0,122.7167,309.5,2.3235,value,1924.3366,12.7172,28145.9398,263.7333,6135.8333,34545.5064
9105,S5_pump_failure,C_ai_rolling,0,92,2112.898,714.357,4.7523,719.1093,1.5333,870.0,122.7167,309.5,2.3235,low,1789.8632,11.8286,23730.6084,76.6667,6135.8333,29943.1084
9105,S5_pump_failure,C_ai_rolling,0,92,2112.898,714.357,4.7523,719.1093,1.5333,870.0,122.7167,309.5,2.3235,high,1956.6965,12.9311,29843.0378,263.7333,6135.8333,36242.6045
9105,S5_pump_failure,B_dynamic_buffered,0,489,2112.898,713.1258,23.1215,736.2473,8.15,570.0,77.2667,309.5,2.3788,value,1970.1978,61.8731,28816.7196,1401.8,3863.3333,34081.8529
9105,S5_pump_failure,B_dynamic_buffered,0,489,2112.898,713.1258,23.1215,736.2473,8.15,570.0,77.2667,309.5,2.3788,low,1832.5195,57.5494,24296.1611,407.5,3863.3333,28566.9944
9105,S5_pump_failure,B_dynamic_buffered,0,489,2112.898,713.1258,23.1215,736.2473,8.15,570.0,77.2667,309.5,2.3788,high,2003.3289,62.9136,30554.2632,1401.8,3863.3333,35819.3965
9105,S5_pump_failure,C_ai_rolling_buffered,0,330,2112.898,713.1927,15.9007,729.0934,5.5,506.0,67.7833,309.5,2.3557,value,1951.0539,42.5502,28536.7154,946.0,3389.1667,32871.882
9105,S5_pump_failure,C_ai_rolling_buffered,0,330,2112.898,713.1927,15.9007,729.0934,5.5,506.0,67.7833,309.5,2.3557,low,1814.7135,39.5768,24060.0819,275.0,3389.1667,27724.2486
9105,S5_pump_failure,C_ai_rolling_buffered,0,330,2112.898,713.1927,15.9007,729.0934,5.5,506.0,67.7833,309.5,2.3557,high,1983.8631,43.2657,30257.3758,946.0,3389.1667,34592.5424
9105,S6_high_demand,A_static_planned,0,299,3067.91,1036.0211,14.2173,1050.2385,4.9833,2258.0,327.0667,496.0,2.1174,value,2810.4382,38.0456,41106.3338,857.1333,16353.3333,58316.8005
9105,S6_high_demand,A_static_planned,0,299,3067.91,1036.0211,14.2173,1050.2385,4.9833,2258.0,327.0667,496.0,2.1174,low,2614.0436,35.3869,34657.8696,249.1667,16353.3333,51260.3696
9105,S6_high_demand,A_static_planned,0,299,3067.91,1036.0211,14.2173,1050.2385,4.9833,2258.0,327.0667,496.0,2.1174,high,2857.6989,38.6854,43584.8966,857.1333,16353.3333,60795.3633
9105,S6_high_demand,B_dynamic,3,224,3012.766,1019.8899,10.6107,1030.5006,3.7333,2963.0,425.75,479.5,2.1491,value,2757.6195,28.3941,40333.7922,642.1333,21287.5,62263.4255
9105,S6_high_demand,B_dynamic,3,224,3012.766,1019.8899,10.6107,1030.5006,3.7333,2963.0,425.75,479.5,2.1491,low,2564.9159,26.4099,34006.5187,186.6667,21287.5,55480.6853
9105,S6_high_demand,B_dynamic,3,224,3012.766,1019.8899,10.6107,1030.5006,3.7333,2963.0,425.75,479.5,2.1491,high,2803.992,28.8716,42765.7735,642.1333,21287.5,64695.4068
9105,S6_high_demand,C_ai_rolling,4,37,2988.762,1010.5828,1.819,1012.4018,0.6167,3214.0,457.5833,474.5,2.1336,value,2709.1872,4.8676,39625.4057,106.0667,22879.1667,62610.639
9105,S6_high_demand,C_ai_rolling,4,37,2988.762,1010.5828,1.819,1012.4018,0.6167,3214.0,457.5833,474.5,2.1336,low,2519.868,4.5275,33409.2588,30.8333,22879.1667,56319.2588
9105,S6_high_demand,C_ai_rolling,4,37,2988.762,1010.5828,1.819,1012.4018,0.6167,3214.0,457.5833,474.5,2.1336,high,2754.7452,4.9495,42014.6739,106.0667,22879.1667,64999.9072
9105,S6_high_demand,B_dynamic_buffered,1,219,3052.34,1031.7628,10.6158,1042.3787,3.65,2435.0,343.3333,490.5,2.1251,value,2789.4053,28.408,40798.7006,627.8,17166.6667,58593.1673
9105,S6_high_demand,B_dynamic_buffered,1,219,3052.34,1031.7628,10.6158,1042.3787,3.65,2435.0,343.3333,490.5,2.1251,low,2594.4805,26.4228,34398.4957,182.5,17166.6667,51747.6623
9105,S6_high_demand,B_dynamic_buffered,1,219,3052.34,1031.7628,10.6158,1042.3787,3.65,2435.0,343.3333,490.5,2.1251,high,2836.3123,28.8857,43258.7142,627.8,17166.6667,61053.1809
9105,S6_high_demand,C_ai_rolling_buffered,1,183,3052.34,1031.8998,8.9787,1040.8785,3.05,2728.0,377.3167,490.5,2.1221,value,2785.3908,24.0269,40739.9828,524.6,18865.8333,60130.4162
9105,S6_high_demand,C_ai_rolling_buffered,1,183,3052.34,1031.8998,8.9787,1040.8785,3.05,2728.0,377.3167,490.5,2.1221,low,2590.7465,22.3479,34348.9891,152.5,18865.8333,53367.3224
9105,S6_high_demand,C_ai_rolling_buffered,1,183,3052.34,1031.8998,8.9787,1040.8785,3.05,2728.0,377.3167,490.5,2.1221,high,2832.2303,24.431,43196.456,524.6,18865.8333,62586.8893
9105,S7_mixed_disruption,A_static_planned,0,597,2112.898,717.5657,28.5815,746.1472,9.95,816.0,116.75,309.5,2.4108,value,1996.6898,76.4841,29204.2003,1711.4,5837.5,36753.1003
9105,S7_mixed_disruption,A_static_planned,0,597,2112.898,717.5657,28.5815,746.1472,9.95,816.0,116.75,309.5,2.4108,low,1857.1603,71.1394,24622.8567,497.5,5837.5,30957.8567
9105,S7_mixed_disruption,A_static_planned,0,597,2112.898,717.5657,28.5815,746.1472,9.95,816.0,116.75,309.5,2.4108,high,2030.2665,77.7703,30965.1076,1711.4,5837.5,38514.0076
9105,S7_mixed_disruption,B_dynamic,0,561,2112.898,714.9449,26.9237,741.8686,9.35,950.0,130.5,309.5,2.397,value,1985.2403,72.0477,29036.7355,1608.2,6525.0,37169.9355
9105,S7_mixed_disruption,B_dynamic,0,561,2112.898,714.9449,26.9237,741.8686,9.35,950.0,130.5,309.5,2.397,low,1846.5108,67.013,24481.6625,467.5,6525.0,31474.1625
9105,S7_mixed_disruption,B_dynamic,0,561,2112.898,714.9449,26.9237,741.8686,9.35,950.0,130.5,309.5,2.397,high,2018.6244,73.2593,30787.5453,1608.2,6525.0,38920.7453
9105,S7_mixed_disruption,C_ai_rolling,0,62,2112.898,715.6405,3.0393,718.6798,1.0333,1143.0,160.5333,309.5,2.3221,value,1923.1871,8.1333,28129.1271,177.7333,8026.6667,36333.5271
9105,S7_mixed_disruption,C_ai_rolling,0,62,2112.898,715.6405,3.0393,718.6798,1.0333,1143.0,160.5333,309.5,2.3221,low,1788.794,7.5649,23716.4332,51.6667,8026.6667,31794.7665
9105,S7_mixed_disruption,C_ai_rolling,0,62,2112.898,715.6405,3.0393,718.6798,1.0333,1143.0,160.5333,309.5,2.3221,high,1955.5277,8.27,29825.2114,177.7333,8026.6667,38029.6114
9105,S7_mixed_disruption,B_dynamic_buffered,0,718,2112.898,714.3954,34.0243,748.4198,11.9667,788.0,107.2667,309.5,2.4182,value,2002.7713,91.0491,29293.149,2058.2667,5363.3333,36714.749
9105,S7_mixed_disruption,B_dynamic_buffered,0,718,2112.898,714.3954,34.0243,748.4198,11.9667,788.0,107.2667,309.5,2.4182,low,1862.8168,84.6866,24697.8518,598.3333,5363.3333,30659.5184
9105,S7_mixed_disruption,B_dynamic_buffered,0,718,2112.898,714.3954,34.0243,748.4198,11.9667,788.0,107.2667,309.5,2.4182,high,2036.4501,92.5802,31059.4197,2058.2667,5363.3333,38481.0197
9105,S7_mixed_disruption,C_ai_rolling_buffered,0,257,2112.898,716.9373,12.4718,729.4091,4.2833,861.0,116.0833,309.5,2.3567,value,1951.8988,33.3746,28549.0731,736.7333,5804.1667,35089.9731
9105,S7_mixed_disruption,C_ai_rolling_buffered,0,257,2112.898,716.9373,12.4718,729.4091,4.2833,861.0,116.0833,309.5,2.3567,low,1815.4993,31.0424,24070.5011,214.1667,5804.1667,30088.8344
9105,S7_mixed_disruption,C_ai_rolling_buffered,0,257,2112.898,716.9373,12.4718,729.4091,4.2833,861.0,116.0833,309.5,2.3567,high,1984.7222,33.9359,30270.4787,736.7333,5804.1667,36811.3787
9105,S8_ai_prediction_error,A_static_planned,0,560,2112.898,714.0622,27.127,741.1892,9.3333,672.0,95.0333,309.5,2.3948,value,1983.4223,72.5919,29010.1457,1605.3333,4751.6667,35367.1457
9105,S8_ai_prediction_error,A_static_planned,0,560,2112.898,714.0622,27.127,741.1892,9.3333,672.0,95.0333,309.5,2.3948,low,1844.8199,67.5191,24459.244,466.6667,4751.6667,29677.5773
9105,S8_ai_prediction_error,A_static_planned,0,560,2112.898,714.0622,27.127,741.1892,9.3333,672.0,95.0333,309.5,2.3948,high,2016.7758,73.8126,30759.3522,1605.3333,4751.6667,37116.3522
9105,S8_ai_prediction_error,B_dynamic,0,286,2112.898,712.7186,14.7412,727.4598,4.7667,860.0,122.5833,309.5,2.3504,value,1946.6823,39.4474,28472.7749,819.8667,6129.1667,35421.8082
9105,S8_ai_prediction_error,B_dynamic,0,286,2112.898,712.7186,14.7412,727.4598,4.7667,860.0,122.5833,309.5,2.3504,low,1810.6473,36.6908,24006.172,238.3333,6129.1667,30373.672
9105,S8_ai_prediction_error,B_dynamic,0,286,2112.898,712.7186,14.7412,727.4598,4.7667,860.0,122.5833,309.5,2.3504,high,1979.418,40.1107,30189.5799,819.8667,6129.1667,37138.6133
9105,S8_ai_prediction_error,C_ai_rolling,0,146,2112.898,716.067,7.5985,723.6655,2.4333,978.0,140.5667,309.5,2.3382,value,1936.5289,20.3336,28324.2683,418.5333,7028.3333,35771.135
9105,S8_ai_prediction_error,C_ai_rolling,0,146,2112.898,716.067,7.5985,723.6655,2.4333,978.0,140.5667,309.5,2.3382,low,1801.2035,18.9127,23880.962,121.6667,7028.3333,31030.962
9105,S8_ai_prediction_error,C_ai_rolling,0,146,2112.898,716.067,7.5985,723.6655,2.4333,978.0,140.5667,309.5,2.3382,high,1969.0939,20.6755,30032.1189,418.5333,7028.3333,37478.9856
9105,S8_ai_prediction_error,B_dynamic_buffered,0,465,2112.898,715.1141,23.2592,738.3733,7.75,694.0,96.75,309.5,2.3857,value,1975.8869,62.2415,28899.93,1333.0,4837.5,35070.43
9105,S8_ai_prediction_error,B_dynamic_buffered,0,465,2112.898,715.1141,23.2592,738.3733,7.75,694.0,96.75,309.5,2.3857,low,1837.8111,57.8921,24366.3181,387.5,4837.5,29591.3181
9105,S8_ai_prediction_error,B_dynamic_buffered,0,465,2112.898,715.1141,23.2592,738.3733,7.75,694.0,96.75,309.5,2.3857,high,2009.1137,63.2882,30642.4909,1333.0,4837.5,36812.9909
9105,S8_ai_prediction_error,C_ai_rolling_buffered,0,425,2112.898,713.044,21.0147,734.0587,7.0833,606.0,82.25,309.5,2.3718,value,1964.341,56.2352,28731.056,1218.3333,4112.5,34061.8894
9105,S8_ai_prediction_error,C_ai_rolling_buffered,0,425,2112.898,713.044,21.0147,734.0587,7.0833,606.0,82.25,309.5,2.3718,low,1827.072,52.3055,24223.9358,354.1667,4112.5,28690.6025
9105,S8_ai_prediction_error,C_ai_rolling_buffered,0,425,2112.898,713.044,21.0147,734.0587,7.0833,606.0,82.25,309.5,2.3718,high,1997.3736,57.1809,30463.4345,1218.3333,4112.5,35794.2678
9106,S0_normal,A_static_planned,0,433,1973.998,666.3337,20.9103,687.2441,7.2167,354.0,51.0833,284.5,2.4156,value,1839.0651,55.9561,26898.7321,1241.2667,2554.1667,30694.1655
9106,S0_normal,A_static_planned,0,433,1973.998,666.3337,20.9103,687.2441,7.2167,354.0,51.0833,284.5,2.4156,low,1710.5504,52.0458,22679.0537,360.8333,2554.1667,25594.0537
9106,S0_normal,A_static_planned,0,433,1973.998,666.3337,20.9103,687.2441,7.2167,354.0,51.0833,284.5,2.4156,high,1869.9911,56.897,28520.6281,1241.2667,2554.1667,32316.0614
9106,S0_normal,B_dynamic,0,267,1973.998,668.8076,13.4205,682.2281,4.45,502.0,73.9167,284.5,2.398,value,1825.6423,35.9133,26702.4062,765.4,3695.8333,31163.6396
9106,S0_normal,B_dynamic,0,267,1973.998,668.8076,13.4205,682.2281,4.45,502.0,73.9167,284.5,2.398,low,1698.0656,33.4036,22513.526,222.5,3695.8333,26431.8593
9106,S0_normal,B_dynamic,0,267,1973.998,668.8076,13.4205,682.2281,4.45,502.0,73.9167,284.5,2.398,high,1856.3425,36.5172,28312.4645,765.4,3695.8333,32773.6978
9106,S0_normal,C_ai_rolling,0,67,1973.998,668.2012,3.3443,671.5455,1.1167,580.0,85.35,284.5,2.3604,value,1797.0558,8.9494,26284.2913,192.0667,4267.5,30743.8579
9106,S0_normal,C_ai_rolling,0,67,1973.998,668.2012,3.3443,671.5455,1.1167,580.0,85.35,284.5,2.3604,low,1671.4768,8.324,22161.0018,55.8333,4267.5,26484.3352
9106,S0_normal,C_ai_rolling,0,67,1973.998,668.2012,3.3443,671.5455,1.1167,580.0,85.35,284.5,2.3604,high,1827.2753,9.0999,27869.1387,192.0667,4267.5,32328.7053
9106,S0_normal,B_dynamic_buffered,0,400,1973.998,668.9118,19.1882,688.1,6.6667,387.0,57.2333,284.5,2.4186,value,1841.3555,51.3475,26932.2324,1146.6667,2861.6667,30940.5658
9106,S0_normal,B_dynamic_buffered,0,400,1973.998,668.9118,19.1882,688.1,6.6667,387.0,57.2333,284.5,2.4186,low,1712.6808,47.7593,22707.2987,333.3333,2861.6667,25902.2987
9106,S0_normal,B_dynamic_buffered,0,400,1973.998,668.9118,19.1882,688.1,6.6667,387.0,57.2333,284.5,2.4186,high,1872.32,52.211,28556.1483,1146.6667,2861.6667,32564.4817
9106,S0_normal,C_ai_rolling_buffered,0,347,1973.998,668.9707,17.6293,686.6001,5.7833,333.0,49.05,284.5,2.4134,value,1837.3418,47.1761,26873.5264,994.7333,2452.5,30320.7597
9106,S0_normal,C_ai_rolling_buffered,0,347,1973.998,668.9707,17.6293,686.6001,5.7833,333.0,49.05,284.5,2.4134,low,1708.9476,43.8794,22657.802,289.1667,2452.5,25399.4687
9106,S0_normal,C_ai_rolling_buffered,0,347,1973.998,668.9707,17.6293,686.6001,5.7833,333.0,49.05,284.5,2.4134,high,1868.2388,47.9694,28493.9025,994.7333,2452.5,31941.1359
9106,S1_light_traffic,A_static_planned,0,528,1973.998,668.716,25.7827,694.4987,8.8,266.0,38.4167,284.5,2.4411,value,1858.4784,68.9944,27182.6775,1513.6,1920.8333,30617.1109
9106,S1_light_traffic,A_static_planned,0,528,1973.998,668.716,25.7827,694.4987,8.8,266.0,38.4167,284.5,2.4411,low,1728.6072,64.1731,22918.4558,440.0,1920.8333,25279.2891
9106,S1_light_traffic,A_static_planned,0,528,1973.998,668.716,25.7827,694.4987,8.8,266.0,38.4167,284.5,2.4411,high,1889.7309,70.1546,28821.6944,1513.6,1920.8333,32256.1277
9106,S1_light_traffic,B_dynamic,0,273,1973.998,670.4764,13.2787,683.7551,4.55,428.0,62.7,284.5,2.4034,value,1829.7285,35.5337,26762.1729,782.6,3135.0,30679.7729
9106,S1_light_traffic,B_dynamic,0,273,1973.998,670.4764,13.2787,683.7551,4.55,428.0,62.7,284.5,2.4034,low,1701.8663,33.0506,22563.9169,227.5,3135.0,25926.4169
9106,S1_light_traffic,B_dynamic,0,273,1973.998,670.4764,13.2787,683.7551,4.55,428.0,62.7,284.5,2.4034,high,1860.4975,36.1313,28375.8349,782.6,3135.0,32293.4349
9106,S1_light_traffic,C_ai_rolling,0,109,1973.998,668.6267,5.5057,674.1324,1.8167,501.0,73.5167,284.5,2.3695,value,1803.9783,14.7332,26385.5419,312.4667,3675.8333,30373.8419
9106,S1_light_traffic,C_ai_rolling,0,109,1973.998,668.6267,5.5057,674.1324,1.8167,501.0,73.5167,284.5,2.3695,low,1677.9155,13.7036,22246.369,90.8333,3675.8333,26013.0357
9106,S1_light_traffic,C_ai_rolling,0,109,1973.998,668.6267,5.5057,674.1324,1.8167,501.0,73.5167,284.5,2.3695,high,1834.3142,14.9809,27976.4944,312.4667,3675.8333,31964.7944
9106,S1_light_traffic,B_dynamic_buffered,0,457,1973.998,666.8558,22.3285,689.1843,7.6167,325.0,47.0167,284.5,2.4224,value,1844.2572,59.7511,26974.6733,1310.0667,2350.8333,30635.5733
9106,S1_light_traffic,B_dynamic_buffered,0,457,1973.998,666.8558,22.3285,689.1843,7.6167,325.0,47.0167,284.5,2.4224,low,1715.3797,55.5756,22743.0818,380.8333,2350.8333,25474.7484
9106,S1_light_traffic,B_dynamic_buffered,0,457,1973.998,666.8558,22.3285,689.1843,7.6167,325.0,47.0167,284.5,2.4224,high,1875.2705,60.7558,28601.1483,1310.0667,2350.8333,32262.0483
9106,S1_light_traffic,C_ai_rolling_buffered,0,359,1973.998,666.436,18.123,684.559,5.9833,275.0,40.55,284.5,2.4062,value,1831.8798,48.4971,26793.6375,1029.1333,2027.5,29850.2708
9106,S1_light_traffic,C_ai_rolling_buffered,0,359,1973.998,666.436,18.123,684.559,5.9833,275.0,40.55,284.5,2.4062,low,1703.8672,45.1081,22590.4455,299.1667,2027.5,24917.1122
9106,S1_light_traffic,C_ai_rolling_buffered,0,359,1973.998,666.436,18.123,684.559,5.9833,275.0,40.55,284.5,2.4062,high,1862.6849,49.3127,28409.1966,1029.1333,2027.5,31465.8299
9106,S2_peak_traffic,A_static_planned,0,287,1973.998,667.8329,14.4802,682.3131,4.7833,710.0,101.85,284.5,2.3983,value,1825.8698,38.7489,26705.7343,822.7333,5092.5,32620.9676
9106,S2_peak_traffic,A_static_planned,0,287,1973.998,667.8329,14.4802,682.3131,4.7833,710.0,101.85,284.5,2.3983,low,1698.2773,36.0411,22516.3319,239.1667,5092.5,27847.9986
9106,S2_peak_traffic,A_static_planned,0,287,1973.998,667.8329,14.4802,682.3131,4.7833,710.0,101.85,284.5,2.3983,high,1856.5739,39.4005,28315.9932,822.7333,5092.5,34231.2265
9106,S2_peak_traffic,B_dynamic,0,205,1973.998,666.2618,10.0875,676.3493,3.4167,800.0,115.75,284.5,2.3773,value,1809.9108,26.9942,26472.3123,587.6667,5787.5,32847.479
9106,S2_peak_traffic,B_dynamic,0,205,1973.998,666.2618,10.0875,676.3493,3.4167,800.0,115.75,284.5,2.3773,low,1683.4335,25.1078,22319.5275,170.8333,5787.5,28277.8608
9106,S2_peak_traffic,B_dynamic,0,205,1973.998,666.2618,10.0875,676.3493,3.4167,800.0,115.75,284.5,2.3773,high,1840.3465,27.4481,28068.4967,587.6667,5787.5,34443.6634
9106,S2_peak_traffic,C_ai_rolling,0,105,1973.998,668.4559,5.1242,673.58,1.75,895.0,130.5167,284.5,2.3676,value,1802.5002,13.7123,26363.9228,301.0,6525.8333,33190.7561
9106,S2_peak_traffic,C_ai_rolling,0,105,1973.998,668.4559,5.1242,673.58,1.75,895.0,130.5167,284.5,2.3676,low,1676.5407,12.7541,22228.1413,87.5,6525.8333,28841.4747
9106,S2_peak_traffic,C_ai_rolling,0,105,1973.998,668.4559,5.1242,673.58,1.75,895.0,130.5167,284.5,2.3676,high,1832.8113,13.9429,27953.5717,301.0,6525.8333,34780.405
9106,S2_peak_traffic,B_dynamic_buffered,0,281,1973.998,666.5231,13.867,680.3901,4.6833,698.0,100.6333,284.5,2.3915,value,1820.7238,37.1081,26630.4669,805.5333,5031.6667,32467.6669
9106,S2_peak_traffic,B_dynamic_buffered,0,281,1973.998,666.5231,13.867,680.3901,4.6833,698.0,100.6333,284.5,2.3915,low,1693.4909,34.515,22452.8719,234.1667,5031.6667,27718.7053
9106,S2_peak_traffic,B_dynamic_buffered,0,281,1973.998,666.5231,13.867,680.3901,4.6833,698.0,100.6333,284.5,2.3915,high,1851.3413,37.7321,28236.1874,805.5333,5031.6667,34073.3874
9106,S2_peak_traffic,C_ai_rolling_buffered,0,283,1973.998,670.4556,13.7937,684.2493,4.7167,628.0,91.7,284.5,2.4051,value,1831.0511,36.9119,26781.5167,811.2667,4585.0,32177.7834
9106,S2_peak_traffic,C_ai_rolling_buffered,0,283,1973.998,670.4556,13.7937,684.2493,4.7167,628.0,91.7,284.5,2.4051,low,1703.0965,34.3324,22580.2261,235.8333,4585.0,27401.0595
9106,S2_peak_traffic,C_ai_rolling_buffered,0,283,1973.998,670.4556,13.7937,684.2493,4.7167,628.0,91.7,284.5,2.4051,high,1861.8423,37.5326,28396.345,811.2667,4585.0,33792.6117
9106,S3_site_delay,A_static_planned,0,490,1973.998,666.3337,23.9978,690.3316,8.1667,354.0,51.0833,284.5,2.4265,value,1847.3272,64.2182,27019.5769,1404.6667,2554.1667,30978.4102
9106,S3_site_delay,A_static_planned,0,490,1973.998,666.3337,23.9978,690.3316,8.1667,354.0,51.0833,284.5,2.4265,low,1718.2352,59.7306,22780.9412,408.3333,2554.1667,25743.4412
9106,S3_site_delay,A_static_planned,0,490,1973.998,666.3337,23.9978,690.3316,8.1667,354.0,51.0833,284.5,2.4265,high,1878.3921,65.2981,28648.7593,1404.6667,2554.1667,32607.5927
9106,S3_site_delay,B_dynamic,0,264,1973.998,668.2216,13.1473,681.369,4.4,502.0,73.9167,284.5,2.395,value,1823.3434,35.1823,26668.7819,756.8,3695.8333,31121.4152
9106,S3_site_delay,B_dynamic,0,264,1973.998,668.2216,13.1473,681.369,4.4,502.0,73.9167,284.5,2.395,low,1695.9274,32.7237,22485.1764,220.0,3695.8333,26401.0097
9106,S3_site_delay,B_dynamic,0,264,1973.998,668.2216,13.1473,681.369,4.4,502.0,73.9167,284.5,2.395,high,1854.005,35.7739,28276.8127,756.8,3695.8333,32729.446
9106,S3_site_delay,C_ai_rolling,0,66,1973.998,667.9789,3.3748,671.3537,1.1,587.0,86.4,284.5,2.3598,value,1796.5426,9.0311,26276.7851,189.2,4320.0,30785.9851
9106,S3_site_delay,C_ai_rolling,0,66,1973.998,667.9789,3.3748,671.3537,1.1,587.0,86.4,284.5,2.3598,low,1670.9994,8.4,22154.6732,55.0,4320.0,26529.6732
9106,S3_site_delay,C_ai_rolling,0,66,1973.998,667.9789,3.3748,671.3537,1.1,587.0,86.4,284.5,2.3598,high,1826.7535,9.1829,27861.1799,189.2,4320.0,32370.3799
9106,S3_site_delay,B_dynamic_buffered,0,397,1973.998,669.2044,19.1138,688.3182,6.6167,387.0,57.2333,284.5,2.4194,value,1841.9395,51.1486,26940.7747,1138.0667,2861.6667,30940.508
9106,S3_site_delay,B_dynamic_buffered,0,397,1973.998,669.2044,19.1138,688.3182,6.6167,387.0,57.2333,284.5,2.4194,low,1713.224,47.5743,22714.5009,330.8333,2861.6667,25907.0009
9106,S3_site_delay,B_dynamic_buffered,0,397,1973.998,669.2044,19.1138,688.3182,6.6167,387.0,57.2333,284.5,2.4194,high,1872.9138,52.0087,28565.2057,1138.0667,2861.6667,32564.939
9106,S3_site_delay,C_ai_rolling_buffered,0,351,1973.998,668.8153,17.812,686.6273,5.85,335.0,49.35,284.5,2.4135,value,1837.4145,47.6649,26874.5906,1006.2,2467.5,30348.2906
9106,S3_site_delay,C_ai_rolling_buffered,0,351,1973.998,668.8153,17.812,686.6273,5.85,335.0,49.35,284.5,2.4135,low,1709.0152,44.3341,22658.6993,292.5,2467.5,25418.6993
9106,S3_site_delay,C_ai_rolling_buffered,0,351,1973.998,668.8153,17.812,686.6273,5.85,335.0,49.35,284.5,2.4135,high,1868.3128,48.4665,28495.0309,1006.2,2467.5,31968.7309
9106,S4_multi_site_delay,A_static_planned,0,565,1973.998,666.0448,28.5047,694.5495,9.4167,358.0,52.4833,284.5,2.4413,value,1858.6144,76.2785,27184.6672,1619.6667,2624.1667,31428.5006
9106,S4_multi_site_delay,A_static_planned,0,565,1973.998,666.0448,28.5047,694.5495,9.4167,358.0,52.4833,284.5,2.4413,low,1728.7337,70.9481,22920.1333,470.8333,2624.1667,26015.1333
9106,S4_multi_site_delay,A_static_planned,0,565,1973.998,666.0448,28.5047,694.5495,9.4167,358.0,52.4833,284.5,2.4413,high,1889.8692,77.5612,28823.804,1619.6667,2624.1667,33067.6374
9106,S4_multi_site_delay,B_dynamic,0,248,1973.998,667.703,11.9038,679.6069,4.1333,492.0,72.6167,284.5,2.3888,value,1818.628,31.8547,26599.8125,710.9333,3630.8333,30941.5792
9106,S4_multi_site_delay,B_dynamic,0,248,1973.998,667.703,11.9038,679.6069,4.1333,492.0,72.6167,284.5,2.3888,low,1691.5415,29.6286,22427.0264,206.6667,3630.8333,26264.5264
9106,S4_multi_site_delay,B_dynamic,0,248,1973.998,667.703,11.9038,679.6069,4.1333,492.0,72.6167,284.5,2.3888,high,1849.2103,32.3903,28203.6847,710.9333,3630.8333,32545.4514
9106,S4_multi_site_delay,C_ai_rolling,0,59,1973.998,669.4771,2.8085,672.2856,0.9833,623.0,93.65,284.5,2.363,value,1799.0362,7.5155,26313.2581,169.1333,4682.5,31164.8914
9106,S4_multi_site_delay,C_ai_rolling,0,59,1973.998,669.4771,2.8085,672.2856,0.9833,623.0,93.65,284.5,2.363,low,1673.3188,6.9904,22185.4246,49.1667,4682.5,26917.0912
9106,S4_multi_site_delay,C_ai_rolling,0,59,1973.998,669.4771,2.8085,672.2856,0.9833,623.0,93.65,284.5,2.363,high,1829.2891,7.6419,27899.8521,169.1333,4682.5,32751.4854
9106,S4_multi_site_delay,B_dynamic_buffered,0,370,1973.998,667.789,18.3793,686.1684,6.1667,376.0,56.9333,284.5,2.4118,value,1836.1866,49.1831,26856.63,1060.6667,2846.6667,30763.9633
9106,S4_multi_site_delay,B_dynamic_buffered,0,370,1973.998,667.789,18.3793,686.1684,6.1667,376.0,56.9333,284.5,2.4118,low,1707.8731,45.7462,22643.5562,308.3333,2846.6667,25798.5562
9106,S4_multi_site_delay,B_dynamic_buffered,0,370,1973.998,667.789,18.3793,686.1684,6.1667,376.0,56.9333,284.5,2.4118,high,1867.0641,50.0102,28475.9873,1060.6667,2846.6667,32383.3207
9106,S4_multi_site_delay,C_ai_rolling_buffered,0,363,1973.998,666.6628,17.6615,684.3243,6.05,309.0,47.1,284.5,2.4054,value,1831.2518,47.2622,26784.4532,1040.6,2355.0,30180.0532
9106,S4_multi_site_delay,C_ai_rolling_buffered,0,363,1973.998,666.6628,17.6615,684.3243,6.05,309.0,47.1,284.5,2.4054,low,1703.2832,43.9595,22582.702,302.5,2355.0,25240.202
9106,S4_multi_site_delay,C_ai_rolling_buffered,0,363,1973.998,666.6628,17.6615,684.3243,6.05,309.0,47.1,284.5,2.4054,high,1862.0464,48.0569,28399.4586,1040.6,2355.0,31795.0586
9106,S5_pump_failure,A_static_planned,0,514,1973.998,666.3337,25.2978,691.6316,8.5667,354.0,51.0833,284.5,2.431,value,1850.806,67.697,27070.4589,1473.4667,2554.1667,31098.0922
9106,S5_pump_failure,A_static_planned,0,514,1973.998,666.3337,25.2978,691.6316,8.5667,354.0,51.0833,284.5,2.431,low,1721.4709,62.9663,22823.8412,428.3333,2554.1667,25806.3412
9106,S5_pump_failure,A_static_planned,0,514,1973.998,666.3337,25.2978,691.6316,8.5667,354.0,51.0833,284.5,2.431,high,1881.9294,68.8354,28702.7093,1473.4667,2554.1667,32730.3427
9106,S5_pump_failure,B_dynamic,0,268,1973.998,668.2216,13.3153,681.537,4.4667,502.0,73.9167,284.5,2.3956,value,1823.793,35.6318,26675.3574,768.2667,3695.8333,31139.4574
9106,S5_pump_failure,B_dynamic,0,268,1973.998,668.2216,13.3153,681.537,4.4667,502.0,73.9167,284.5,2.3956,low,1696.3455,33.1419,22490.7204,223.3333,3695.8333,26409.887
9106,S5_pump_failure,B_dynamic,0,268,1973.998,668.2216,13.3153,681.537,4.4667,502.0,73.9167,284.5,2.3956,high,1854.4621,36.231,28283.7847,768.2667,3695.8333,32747.8847
9106,S5_pump_failure,C_ai_rolling,0,66,1973.998,667.9789,3.3748,671.3537,1.1,583.0,85.8,284.5,2.3598,value,1796.5426,9.0311,26276.7851,189.2,4290.0,30755.9851
9106,S5_pump_failure,C_ai_rolling,0,66,1973.998,667.9789,3.3748,671.3537,1.1,583.0,85.8,284.5,2.3598,low,1670.9994,8.4,22154.6732,55.0,4290.0,26499.6732
9106,S5_pump_failure,C_ai_rolling,0,66,1973.998,667.9789,3.3748,671.3537,1.1,583.0,85.8,284.5,2.3598,high,1826.7535,9.1829,27861.1799,189.2,4290.0,32340.3799
9106,S5_pump_failure,B_dynamic_buffered,0,401,1973.998,669.2044,19.2925,688.4969,6.6833,387.0,57.2333,284.5,2.42,value,1842.4176,51.6267,26947.7677,1149.5333,2861.6667,30958.9677
9106,S5_pump_failure,B_dynamic_buffered,0,401,1973.998,669.2044,19.2925,688.4969,6.6833,387.0,57.2333,284.5,2.42,low,1713.6687,48.019,22720.3969,334.1667,2861.6667,25916.2302
9106,S5_pump_failure,B_dynamic_buffered,0,401,1973.998,669.2044,19.2925,688.4969,6.6833,387.0,57.2333,284.5,2.42,high,1873.4,52.4949,28572.6203,1149.5333,2861.6667,32583.8203
9106,S5_pump_failure,C_ai_rolling_buffered,0,351,1973.998,668.8153,17.812,686.6273,5.85,336.0,49.5,284.5,2.4135,value,1837.4145,47.6649,26874.5906,1006.2,2475.0,30355.7906
9106,S5_pump_failure,C_ai_rolling_buffered,0,351,1973.998,668.8153,17.812,686.6273,5.85,336.0,49.5,284.5,2.4135,low,1709.0152,44.3341,22658.6993,292.5,2475.0,25426.1993
9106,S5_pump_failure,C_ai_rolling_buffered,0,351,1973.998,668.8153,17.812,686.6273,5.85,336.0,49.5,284.5,2.4135,high,1868.3128,48.4665,28495.0309,1006.2,2475.0,31976.2309
9106,S6_high_demand,A_static_planned,0,229,3365.926,1140.017,11.1438,1151.1608,3.8167,2734.0,405.4833,505.5,2.2773,value,3080.5063,29.8209,45056.4335,656.4667,20274.1667,65987.0669
9106,S6_high_demand,A_static_planned,0,229,3365.926,1140.017,11.1438,1151.1608,3.8167,2734.0,405.4833,505.5,2.2773,low,2865.2392,27.737,37988.3063,190.8333,20274.1667,58453.3063
9106,S6_high_demand,A_static_planned,0,229,3365.926,1140.017,11.1438,1151.1608,3.8167,2734.0,405.4833,505.5,2.2773,high,3132.3085,30.3224,47773.173,656.4667,20274.1667,68703.8064
9106,S6_high_demand,B_dynamic,2,105,3284.558,1113.3511,5.598,1118.9491,1.75,3231.0,460.9833,494.75,2.2616,value,2994.3078,14.9802,43795.6674,301.0,23049.1667,67145.8341
9106,S6_high_demand,B_dynamic,2,105,3284.558,1113.3511,5.598,1118.9491,1.75,3231.0,460.9833,494.75,2.2616,low,2785.0643,13.9334,36925.32,87.5,23049.1667,60061.9867
9106,S6_high_demand,B_dynamic,2,105,3284.558,1113.3511,5.598,1118.9491,1.75,3231.0,460.9833,494.75,2.2616,high,3044.6605,15.2322,46436.3873,301.0,23049.1667,69786.554
9106,S6_high_demand,C_ai_rolling,2,40,3284.558,1111.3126,1.9708,1113.2834,0.6667,3235.0,460.6,494.75,2.2502,value,2979.1465,5.274,43573.9136,114.6667,23030.0,66718.5803
9106,S6_high_demand,C_ai_rolling,2,40,3284.558,1111.3126,1.9708,1113.2834,0.6667,3235.0,460.6,494.75,2.2502,low,2770.9625,4.9054,36738.3533,33.3333,23030.0,59801.6867
9106,S6_high_demand,C_ai_rolling,2,40,3284.558,1111.3126,1.9708,1113.2834,0.6667,3235.0,460.6,494.75,2.2502,high,3029.2442,5.3626,46201.2625,114.6667,23030.0,69345.9292
9106,S6_high_demand,B_dynamic_buffered,2,184,3284.558,1109.271,8.8315,1118.1025,3.0667,3157.0,451.6,494.75,2.2599,value,2992.0422,23.6331,43762.5299,527.4667,22580.0,66869.9966
9106,S6_high_demand,B_dynamic_buffered,2,184,3284.558,1109.271,8.8315,1118.1025,3.0667,3157.0,451.6,494.75,2.2599,low,2782.957,21.9816,36897.3809,153.3333,22580.0,59630.7142
9106,S6_high_demand,B_dynamic_buffered,2,184,3284.558,1109.271,8.8315,1118.1025,3.0667,3157.0,451.6,494.75,2.2599,high,3042.3568,24.0305,46401.2517,527.4667,22580.0,69508.7184
9106,S6_high_demand,C_ai_rolling_buffered,0,138,3365.926,1138.166,6.9362,1145.1022,2.3,2931.0,416.3333,505.5,2.2653,value,3064.2935,18.5612,44819.3002,395.6,20816.6667,66031.5669
9106,S6_high_demand,C_ai_rolling_buffered,0,138,3365.926,1138.166,6.9362,1145.1022,2.3,2931.0,416.3333,505.5,2.2653,low,2850.1594,17.2641,37788.3727,115.0,20816.6667,58720.0394
9106,S6_high_demand,C_ai_rolling_buffered,0,138,3365.926,1138.166,6.9362,1145.1022,2.3,2931.0,416.3333,505.5,2.2653,high,3115.8231,18.8733,47521.7414,395.6,20816.6667,68734.0081
9106,S7_mixed_disruption,A_static_planned,0,650,1973.998,670.272,31.0223,701.2943,10.8333,574.0,83.8833,284.5,2.465,value,1876.6636,83.0158,27448.6601,1863.3333,4194.1667,33506.1601
9106,S7_mixed_disruption,A_static_planned,0,650,1973.998,670.272,31.0223,701.2943,10.8333,574.0,83.8833,284.5,2.465,low,1745.5216,77.2146,23142.7129,541.6667,4194.1667,27878.5463
9106,S7_mixed_disruption,A_static_planned,0,650,1973.998,670.272,31.0223,701.2943,10.8333,574.0,83.8833,284.5,2.465,high,1908.2219,84.4118,29103.7148,1863.3333,4194.1667,35161.2148
9106,S7_mixed_disruption,B_dynamic,0,373,1973.998,666.283,17.8483,684.1313,6.2167,734.0,106.1833,284.5,2.4047,value,1830.7354,47.7621,26776.9002,1069.2667,5309.1667,33155.3335
9106,S7_mixed_disruption,B_dynamic,0,373,1973.998,666.283,17.8483,684.1313,6.2167,734.0,106.1833,284.5,2.4047,low,1702.8029,44.4245,22576.3338,310.8333,5309.1667,28196.3338
9106,S7_mixed_disruption,B_dynamic,0,373,1973.998,666.283,17.8483,684.1313,6.2167,734.0,106.1833,284.5,2.4047,high,1861.5213,48.5653,28391.4501,1069.2667,5309.1667,34769.8834
9106,S7_mixed_disruption,C_ai_rolling,0,134,1973.998,668.4426,6.5268,674.9695,2.2333,874.0,126.4833,284.5,2.3725,value,1806.2183,17.4658,26418.3046,384.1333,6324.1667,33126.6046
9106,S7_mixed_disruption,C_ai_rolling,0,134,1973.998,668.4426,6.5268,674.9695,2.2333,874.0,126.4833,284.5,2.3725,low,1679.999,16.2453,22273.9922,111.6667,6324.1667,28709.8255
9106,S7_mixed_disruption,C_ai_rolling,0,134,1973.998,668.4426,6.5268,674.9695,2.2333,874.0,126.4833,284.5,2.3725,high,1836.5919,17.7595,28011.2326,384.1333,6324.1667,34719.5326
9106,S7_mixed_disruption,B_dynamic_buffered,0,496,1973.998,670.9434,24.4348,695.3783,8.2667,695.0,100.6833,284.5,2.4442,value,1860.8323,65.3876,27217.1056,1421.8667,5034.1667,33673.139
9106,S7_mixed_disruption,B_dynamic_buffered,0,496,1973.998,670.9434,24.4348,695.3783,8.2667,695.0,100.6833,284.5,2.4442,low,1730.7965,60.8183,22947.483,413.3333,5034.1667,28394.983
9106,S7_mixed_disruption,B_dynamic_buffered,0,496,1973.998,670.9434,24.4348,695.3783,8.2667,695.0,100.6833,284.5,2.4442,high,1892.1243,66.4872,28858.1984,1421.8667,5034.1667,35314.2317
9106,S7_mixed_disruption,C_ai_rolling_buffered,0,279,1973.998,666.9935,13.375,680.3685,4.65,725.0,104.3333,284.5,2.3915,value,1820.6661,35.7915,26629.6225,799.8,5216.6667,32646.0892
9106,S7_mixed_disruption,C_ai_rolling_buffered,0,279,1973.998,666.9935,13.375,680.3685,4.65,725.0,104.3333,284.5,2.3915,low,1693.4372,33.2904,22452.16,232.5,5216.6667,27901.3267
9106,S7_mixed_disruption,C_ai_rolling_buffered,0,279,1973.998,666.9935,13.375,680.3685,4.65,725.0,104.3333,284.5,2.3915,high,1851.2826,36.3934,28235.2921,799.8,5216.6667,34251.7588
9106,S8_ai_prediction_error,A_static_planned,0,405,1973.998,666.7845,19.6585,686.443,6.75,389.0,53.9,284.5,2.4128,value,1836.9215,52.6061,26867.3794,1161.0,2695.0,30723.3794
9106,S8_ai_prediction_error,A_static_planned,0,405,1973.998,666.7845,19.6585,686.443,6.75,389.0,53.9,284.5,2.4128,low,1708.5567,48.93,22652.6193,337.5,2695.0,25685.1193
9106,S8_ai_prediction_error,A_static_planned,0,405,1973.998,666.7845,19.6585,686.443,6.75,389.0,53.9,284.5,2.4128,high,1867.8114,53.4908,28487.3849,1161.0,2695.0,32343.3849
9106,S8_ai_prediction_error,B_dynamic,0,203,1973.998,669.0131,9.5877,678.6007,3.3833,489.0,70.4833,284.5,2.3852,value,1815.9356,25.6566,26560.4328,581.9333,3524.1667,30666.5328
9106,S8_ai_prediction_error,B_dynamic,0,203,1973.998,669.0131,9.5877,678.6007,3.3833,489.0,70.4833,284.5,2.3852,low,1689.0372,23.8637,22393.8243,169.1667,3524.1667,26087.1576
9106,S8_ai_prediction_error,B_dynamic,0,203,1973.998,669.0131,9.5877,678.6007,3.3833,489.0,70.4833,284.5,2.3852,high,1846.4726,26.088,28161.9305,581.9333,3524.1667,32268.0305
9106,S8_ai_prediction_error,C_ai_rolling,0,45,1973.998,666.7813,2.0498,668.8311,0.75,597.0,87.0833,284.5,2.3509,value,1789.7921,5.4854,26178.0501,129.0,4354.1667,30661.2168
9106,S8_ai_prediction_error,C_ai_rolling,0,45,1973.998,666.7813,2.0498,668.8311,0.75,597.0,87.0833,284.5,2.3509,low,1664.7207,5.102,22071.427,37.5,4354.1667,26463.0937
9106,S8_ai_prediction_error,C_ai_rolling,0,45,1973.998,666.7813,2.0498,668.8311,0.75,597.0,87.0833,284.5,2.3509,high,1819.8895,5.5776,27756.4916,129.0,4354.1667,32239.6582
9106,S8_ai_prediction_error,B_dynamic_buffered,0,309,1973.998,668.7185,14.9022,683.6207,5.15,384.0,55.2667,284.5,2.4029,value,1829.369,39.8782,26756.9142,885.8,2763.3333,30406.0476
9106,S8_ai_prediction_error,B_dynamic_buffered,0,309,1973.998,668.7185,14.9022,683.6207,5.15,384.0,55.2667,284.5,2.4029,low,1701.5319,37.0915,22559.4831,257.5,2763.3333,25580.3165
9106,S8_ai_prediction_error,B_dynamic_buffered,0,309,1973.998,668.7185,14.9022,683.6207,5.15,384.0,55.2667,284.5,2.4029,high,1860.1319,40.5488,28370.2591,885.8,2763.3333,32019.3924
9106,S8_ai_prediction_error,C_ai_rolling_buffered,0,329,1973.998,665.9592,15.7992,681.7583,5.4833,361.0,52.2333,284.5,2.3963,value,1824.3853,42.2786,26684.0215,943.1333,2611.6667,30238.8215
9106,S8_ai_prediction_error,C_ai_rolling_buffered,0,329,1973.998,665.9592,15.7992,681.7583,5.4833,361.0,52.2333,284.5,2.3963,low,1696.8965,39.3241,22498.0253,274.1667,2611.6667,25383.8586
9106,S8_ai_prediction_error,C_ai_rolling_buffered,0,329,1973.998,665.9592,15.7992,681.7583,5.4833,361.0,52.2333,284.5,2.3963,high,1855.0644,42.9895,28292.9712,943.1333,2611.6667,31847.7712
9107,S0_normal,A_static_planned,0,403,2323.144,783.9687,19.2323,803.201,6.7167,306.0,43.3667,313.5,2.562,value,2149.3658,51.4657,31437.2865,1155.2667,2168.3333,34760.8865
9107,S0_normal,A_static_planned,0,403,2323.144,783.9687,19.2323,803.201,6.7167,306.0,43.3667,313.5,2.562,low,1999.1672,47.8693,26505.6325,335.8333,2168.3333,29009.7991
9107,S0_normal,A_static_planned,0,403,2323.144,783.9687,19.2323,803.201,6.7167,306.0,43.3667,313.5,2.562,high,2185.5099,52.3312,33332.8408,1155.2667,2168.3333,36656.4408
9107,S0_normal,B_dynamic,0,316,2323.144,788.0946,14.919,803.0136,5.2667,487.0,66.7,313.5,2.5614,value,2148.8645,39.9232,31429.9542,905.8667,3335.0,35670.8209
9107,S0_normal,B_dynamic,0,316,2323.144,788.0946,14.919,803.0136,5.2667,487.0,66.7,313.5,2.5614,low,1998.701,37.1334,26499.4504,263.3333,3335.0,30097.7837
9107,S0_normal,B_dynamic,0,316,2323.144,788.0946,14.919,803.0136,5.2667,487.0,66.7,313.5,2.5614,high,2185.0001,40.5946,33325.0664,905.8667,3335.0,37565.9331
9107,S0_normal,C_ai_rolling,0,155,2323.144,786.3267,7.8052,794.1319,2.5833,432.0,59.05,313.5,2.5331,value,2125.097,20.8866,31082.3226,444.3333,2952.5,34479.156
9107,S0_normal,C_ai_rolling,0,155,2323.144,786.3267,7.8052,794.1319,2.5833,432.0,59.05,313.5,2.5331,low,1976.5943,19.4271,26206.3528,129.1667,2952.5,29288.0194
9107,S0_normal,C_ai_rolling,0,155,2323.144,786.3267,7.8052,794.1319,2.5833,432.0,59.05,313.5,2.5331,high,2160.8329,21.2379,32956.4739,444.3333,2952.5,36353.3072
9107,S0_normal,B_dynamic_buffered,0,372,2323.144,785.8314,18.2473,804.0788,6.2,363.0,50.6833,313.5,2.5648,value,2151.7148,48.8299,31471.6432,1066.4,2534.1667,35072.2099
9107,S0_normal,B_dynamic_buffered,0,372,2323.144,785.8314,18.2473,804.0788,6.2,363.0,50.6833,313.5,2.5648,low,2001.3521,45.4176,26534.5996,310.0,2534.1667,29378.7662
9107,S0_normal,B_dynamic_buffered,0,372,2323.144,785.8314,18.2473,804.0788,6.2,363.0,50.6833,313.5,2.5648,high,2187.8983,49.651,33369.2692,1066.4,2534.1667,36969.8358
9107,S0_normal,C_ai_rolling_buffered,0,354,2323.144,782.4011,17.2645,799.6656,5.9,213.0,30.0,313.5,2.5508,value,2139.9052,46.1998,31298.9122,1014.8,1500.0,33813.7122
9107,S0_normal,C_ai_rolling_buffered,0,354,2323.144,782.4011,17.2645,799.6656,5.9,213.0,30.0,313.5,2.5508,low,1990.3677,42.9713,26388.9654,295.0,1500.0,28183.9654
9107,S0_normal,C_ai_rolling_buffered,0,354,2323.144,782.4011,17.2645,799.6656,5.9,213.0,30.0,313.5,2.5508,high,2175.8901,46.9767,33186.1231,1014.8,1500.0,35700.9231
9107,S1_light_traffic,A_static_planned,0,500,2323.144,785.5113,24.402,809.9133,8.3333,206.0,28.5833,313.5,2.5835,value,2167.3279,65.2998,31700.0048,1433.3333,1429.1667,34562.5048
9107,S1_light_traffic,A_static_planned,0,500,2323.144,785.5113,24.402,809.9133,8.3333,206.0,28.5833,313.5,2.5835,low,2015.8741,60.7366,26727.1374,416.6667,1429.1667,28572.9708
9107,S1_light_traffic,A_static_planned,0,500,2323.144,785.5113,24.402,809.9133,8.3333,206.0,28.5833,313.5,2.5835,high,2203.774,66.3978,33611.4001,1433.3333,1429.1667,36473.9001
9107,S1_light_traffic,B_dynamic,0,371,2323.144,783.548,18.1862,801.7342,6.1833,402.0,54.8667,313.5,2.5574,value,2145.4406,48.6662,31379.8747,1063.5333,2743.3333,35186.7414
9107,S1_light_traffic,B_dynamic,0,371,2323.144,783.548,18.1862,801.7342,6.1833,402.0,54.8667,313.5,2.5574,low,1995.5163,45.2654,26457.227,309.1667,2743.3333,29509.727
9107,S1_light_traffic,B_dynamic,0,371,2323.144,783.548,18.1862,801.7342,6.1833,402.0,54.8667,313.5,2.5574,high,2181.5186,49.4846,33271.9673,1063.5333,2743.3333,37078.834
9107,S1_light_traffic,C_ai_rolling,0,138,2323.144,783.499,6.8258,790.3249,2.3,431.0,57.3167,313.5,2.521,value,2114.9093,18.2659,30933.3148,395.6,2865.8333,34194.7481
9107,S1_light_traffic,C_ai_rolling,0,138,2323.144,783.499,6.8258,790.3249,2.3,431.0,57.3167,313.5,2.521,low,1967.1186,16.9895,26080.7202,115.0,2865.8333,29061.5535
9107,S1_light_traffic,C_ai_rolling,0,138,2323.144,783.499,6.8258,790.3249,2.3,431.0,57.3167,313.5,2.521,high,2150.4739,18.5731,32798.4815,395.6,2865.8333,36059.9148
9107,S1_light_traffic,B_dynamic_buffered,0,452,2323.144,785.5178,21.9452,807.4629,7.5333,284.0,39.65,313.5,2.5756,value,2160.7708,58.7253,31604.0998,1295.7333,1982.5,34882.3331
9107,S1_light_traffic,B_dynamic_buffered,0,452,2323.144,785.5178,21.9452,807.4629,7.5333,284.0,39.65,313.5,2.5756,low,2009.7753,54.6215,26646.2773,376.6667,1982.5,29005.4439
9107,S1_light_traffic,B_dynamic_buffered,0,452,2323.144,785.5178,21.9452,807.4629,7.5333,284.0,39.65,313.5,2.5756,high,2197.1067,59.7128,33509.7123,1295.7333,1982.5,36787.9456
9107,S1_light_traffic,C_ai_rolling_buffered,0,399,2323.144,784.0887,19.6132,803.7019,6.65,166.0,21.7667,313.5,2.5636,value,2150.7062,52.4848,31456.8904,1143.8,1088.3333,33689.0238
9107,S1_light_traffic,C_ai_rolling_buffered,0,399,2323.144,784.0887,19.6132,803.7019,6.65,166.0,21.7667,313.5,2.5636,low,2000.4139,48.8172,26522.1611,332.5,1088.3333,27942.9944
9107,S1_light_traffic,C_ai_rolling_buffered,0,399,2323.144,784.0887,19.6132,803.7019,6.65,166.0,21.7667,313.5,2.5636,high,2186.8727,53.3674,33353.6268,1143.8,1088.3333,35585.7601
9107,S2_peak_traffic,A_static_planned,0,306,2323.144,783.2824,14.5028,797.7852,5.1,702.0,97.4667,313.5,2.5448,value,2134.8732,38.8096,31225.3121,877.2,4873.3333,36975.8455
9107,S2_peak_traffic,A_static_planned,0,306,2323.144,783.2824,14.5028,797.7852,5.1,702.0,97.4667,313.5,2.5448,low,1985.6873,36.0976,26326.9111,255.0,4873.3333,31455.2444
9107,S2_peak_traffic,A_static_planned,0,306,2323.144,783.2824,14.5028,797.7852,5.1,702.0,97.4667,313.5,2.5448,high,2170.7735,39.4622,33108.0852,877.2,4873.3333,38858.6185
9107,S2_peak_traffic,B_dynamic,0,319,2323.144,786.1899,14.8848,801.0747,5.3167,876.0,120.5833,313.5,2.5553,value,2143.6759,39.8318,31354.0644,914.4667,6029.1667,38297.6978
9107,S2_peak_traffic,B_dynamic,0,319,2323.144,786.1899,14.8848,801.0747,5.3167,876.0,120.5833,313.5,2.5553,low,1993.875,37.0484,26435.4657,265.8333,6029.1667,32730.4657
9107,S2_peak_traffic,B_dynamic,0,319,2323.144,786.1899,14.8848,801.0747,5.3167,876.0,120.5833,313.5,2.5553,high,2179.7243,40.5016,33244.6008,914.4667,6029.1667,40188.2341
9107,S2_peak_traffic,C_ai_rolling,0,136,2323.144,783.8849,6.8317,790.7165,2.2667,763.0,105.0667,313.5,2.5222,value,2115.9575,18.2815,30948.6456,389.8667,5253.3333,36591.8456
9107,S2_peak_traffic,C_ai_rolling,0,136,2323.144,783.8849,6.8317,790.7165,2.2667,763.0,105.0667,313.5,2.5222,low,1968.0935,17.004,26093.646,113.3333,5253.3333,31460.3127
9107,S2_peak_traffic,C_ai_rolling,0,136,2323.144,783.8849,6.8317,790.7165,2.2667,763.0,105.0667,313.5,2.5222,high,2151.5397,18.589,32814.7367,389.8667,5253.3333,38457.9367
9107,S2_peak_traffic,B_dynamic_buffered,0,324,2323.144,783.749,15.8822,799.6312,5.4,802.0,110.25,313.5,2.5507,value,2139.813,42.5007,31297.5645,928.8,5512.5,37738.8645
9107,S2_peak_traffic,B_dynamic_buffered,0,324,2323.144,783.749,15.8822,799.6312,5.4,802.0,110.25,313.5,2.5507,low,1990.282,39.5307,26387.829,270.0,5512.5,32170.329
9107,S2_peak_traffic,B_dynamic_buffered,0,324,2323.144,783.749,15.8822,799.6312,5.4,802.0,110.25,313.5,2.5507,high,2175.7964,43.2154,33184.6941,928.8,5512.5,39625.9941
9107,S2_peak_traffic,C_ai_rolling_buffered,0,280,2323.144,784.1966,13.7117,797.9082,4.6667,564.0,80.6167,313.5,2.5452,value,2135.2025,36.6924,31230.1288,802.6667,4030.8333,36063.6288
9107,S2_peak_traffic,C_ai_rolling_buffered,0,280,2323.144,784.1966,13.7117,797.9082,4.6667,564.0,80.6167,313.5,2.5452,low,1985.9936,34.1283,26330.9721,233.3333,4030.8333,30595.1388
9107,S2_peak_traffic,C_ai_rolling_buffered,0,280,2323.144,784.1966,13.7117,797.9082,4.6667,564.0,80.6167,313.5,2.5452,high,2171.1083,37.3094,33113.1922,802.6667,4030.8333,37946.6922
9107,S3_site_delay,A_static_planned,0,436,2323.144,783.898,21.6702,805.5682,7.2667,315.0,44.55,313.5,2.5696,value,2155.7004,57.9894,31529.9376,1249.8667,2227.5,35007.3043
9107,S3_site_delay,A_static_planned,0,436,2323.144,783.898,21.6702,805.5682,7.2667,315.0,44.55,313.5,2.5696,low,2005.0591,53.937,26583.7491,363.3333,2227.5,29174.5825
9107,S3_site_delay,A_static_planned,0,436,2323.144,783.898,21.6702,805.5682,7.2667,315.0,44.55,313.5,2.5696,high,2191.951,58.9645,33431.0784,1249.8667,2227.5,36908.4451
9107,S3_site_delay,B_dynamic,0,301,2323.144,784.0192,14.5188,798.5381,5.0167,507.0,69.95,313.5,2.5472,value,2136.8879,38.8524,31254.78,862.8667,3497.5,35615.1467
9107,S3_site_delay,B_dynamic,0,301,2323.144,784.0192,14.5188,798.5381,5.0167,507.0,69.95,313.5,2.5472,low,1987.5613,36.1374,26351.7563,250.8333,3497.5,30100.0896
9107,S3_site_delay,B_dynamic,0,301,2323.144,784.0192,14.5188,798.5381,5.0167,507.0,69.95,313.5,2.5472,high,2172.8221,39.5057,33139.3299,862.8667,3497.5,37499.6965
9107,S3_site_delay,C_ai_rolling,0,126,2323.144,784.7954,6.3602,791.1556,2.1,434.0,59.3,313.5,2.5236,value,2117.1323,17.0198,30965.8296,361.2,2965.0,34292.0296
9107,S3_site_delay,C_ai_rolling,0,126,2323.144,784.7954,6.3602,791.1556,2.1,434.0,59.3,313.5,2.5236,low,1969.1862,15.8305,26108.1343,105.0,2965.0,29178.1343
9107,S3_site_delay,C_ai_rolling,0,126,2323.144,784.7954,6.3602,791.1556,2.1,434.0,59.3,313.5,2.5236,high,2152.7343,17.306,32832.9567,361.2,2965.0,36159.1567
9107,S3_site_delay,B_dynamic_buffered,0,361,2323.144,786.7009,16.996,803.6969,6.0167,383.0,53.9333,313.5,2.5636,value,2150.6929,45.4813,31456.696,1034.8667,2696.6667,35188.2293
9107,S3_site_delay,B_dynamic_buffered,0,361,2323.144,786.7009,16.996,803.6969,6.0167,383.0,53.9333,313.5,2.5636,low,2000.4015,42.303,26521.9971,300.8333,2696.6667,29519.4971
9107,S3_site_delay,B_dynamic_buffered,0,361,2323.144,786.7009,16.996,803.6969,6.0167,383.0,53.9333,313.5,2.5636,high,2186.8592,46.2461,33353.4206,1034.8667,2696.6667,37084.9539
9107,S3_site_delay,C_ai_rolling_buffered,0,361,2323.144,783.7456,17.695,801.4406,6.0167,242.0,34.0333,313.5,2.5564,value,2144.655,47.3518,31368.3839,1034.8667,1701.6667,34104.9173
9107,S3_site_delay,C_ai_rolling_buffered,0,361,2323.144,783.7456,17.695,801.4406,6.0167,242.0,34.0333,313.5,2.5564,low,1994.7856,44.0429,26447.5388,300.8333,1701.6667,28450.0388
9107,S3_site_delay,C_ai_rolling_buffered,0,361,2323.144,783.7456,17.695,801.4406,6.0167,242.0,34.0333,313.5,2.5564,high,2180.7198,48.1481,33259.7837,1034.8667,1701.6667,35996.317
9107,S4_multi_site_delay,A_static_planned,0,508,2323.144,787.1516,24.9268,812.0784,8.4667,305.0,42.8,313.5,2.5904,value,2173.1218,66.7042,31784.7481,1456.2667,2140.0,35381.0148
9107,S4_multi_site_delay,A_static_planned,0,508,2323.144,787.1516,24.9268,812.0784,8.4667,305.0,42.8,313.5,2.5904,low,2021.2631,62.0429,26798.5868,423.3333,2140.0,29361.9201
9107,S4_multi_site_delay,A_static_planned,0,508,2323.144,787.1516,24.9268,812.0784,8.4667,305.0,42.8,313.5,2.5904,high,2209.6653,67.8259,33701.2531,1456.2667,2140.0,37297.5198
9107,S4_multi_site_delay,B_dynamic,0,323,2323.144,786.0419,15.7045,801.7464,5.3833,476.0,64.4333,313.5,2.5574,value,2145.4735,42.0252,31380.3555,925.9333,3221.6667,35527.9555
9107,S4_multi_site_delay,B_dynamic,0,323,2323.144,786.0419,15.7045,801.7464,5.3833,476.0,64.4333,313.5,2.5574,low,1995.5469,39.0885,26457.6324,269.1667,3221.6667,29948.4657
9107,S4_multi_site_delay,B_dynamic,0,323,2323.144,786.0419,15.7045,801.7464,5.3833,476.0,64.4333,313.5,2.5574,high,2181.5521,42.7319,33272.4771,925.9333,3221.6667,37420.0771
9107,S4_multi_site_delay,C_ai_rolling,0,163,2323.144,785.8722,8.5305,794.4027,2.7167,419.0,55.7167,313.5,2.534,value,2125.8217,22.8276,31092.9233,467.2667,2785.8333,34346.0233
9107,S4_multi_site_delay,C_ai_rolling,0,163,2323.144,785.8722,8.5305,794.4027,2.7167,419.0,55.7167,313.5,2.534,low,1977.2684,21.2324,26215.2905,135.8333,2785.8333,29136.9572
9107,S4_multi_site_delay,C_ai_rolling,0,163,2323.144,785.8722,8.5305,794.4027,2.7167,419.0,55.7167,313.5,2.534,high,2161.5699,23.2115,32967.7138,467.2667,2785.8333,36220.8138
9107,S4_multi_site_delay,B_dynamic_buffered,0,397,2323.144,786.0917,19.4763,805.568,6.6167,314.0,43.6167,313.5,2.5696,value,2155.7,52.1187,31529.9313,1138.0667,2180.8333,34848.8313
9107,S4_multi_site_delay,B_dynamic_buffered,0,397,2323.144,786.0917,19.4763,805.568,6.6167,314.0,43.6167,313.5,2.5696,low,2005.0587,48.4766,26583.7438,330.8333,2180.8333,29095.4105
9107,S4_multi_site_delay,B_dynamic_buffered,0,397,2323.144,786.0917,19.4763,805.568,6.6167,314.0,43.6167,313.5,2.5696,high,2191.9505,52.9951,33431.0718,1138.0667,2180.8333,36749.9718
9107,S4_multi_site_delay,C_ai_rolling_buffered,0,442,2323.144,784.2553,21.7815,806.0368,7.3667,177.0,23.8333,313.5,2.5711,value,2156.9545,58.2873,31548.2807,1267.0667,1191.6667,34007.0141
9107,S4_multi_site_delay,C_ai_rolling_buffered,0,442,2323.144,784.2553,21.7815,806.0368,7.3667,177.0,23.8333,313.5,2.5711,low,2006.2256,54.2142,26599.2147,368.3333,1191.6667,28159.2147
9107,S4_multi_site_delay,C_ai_rolling_buffered,0,442,2323.144,784.2553,21.7815,806.0368,7.3667,177.0,23.8333,313.5,2.5711,high,2193.2262,59.2675,33450.5276,1267.0667,1191.6667,35909.2609
9107,S5_pump_failure,A_static_planned,0,534,2323.144,784.5022,25.3108,809.813,8.9,373.0,51.7333,313.5,2.5831,value,2167.0595,67.7318,31696.0803,1530.8,2586.6667,35813.5469
9107,S5_pump_failure,A_static_planned,0,534,2323.144,784.5022,25.3108,809.813,8.9,373.0,51.7333,313.5,2.5831,low,2015.6245,62.9987,26723.8285,445.0,2586.6667,29755.4952
9107,S5_pump_failure,A_static_planned,0,534,2323.144,784.5022,25.3108,809.813,8.9,373.0,51.7333,313.5,2.5831,high,2203.5011,68.8708,33607.2389,1530.8,2586.6667,37724.7056
9107,S5_pump_failure,B_dynamic,0,314,2323.144,785.7101,14.8055,800.5156,5.2333,466.0,62.2,313.5,2.5535,value,2142.1797,39.6195,31332.1796,900.1333,3110.0,35342.3129
9107,S5_pump_failure,B_dynamic,0,314,2323.144,785.7101,14.8055,800.5156,5.2333,466.0,62.2,313.5,2.5535,low,1992.4833,36.8509,26417.014,261.6667,3110.0,29788.6806
9107,S5_pump_failure,B_dynamic,0,314,2323.144,785.7101,14.8055,800.5156,5.2333,466.0,62.2,313.5,2.5535,high,2178.2029,40.2858,33221.3963,900.1333,3110.0,37231.5297
9107,S5_pump_failure,C_ai_rolling,0,188,2323.144,783.0191,9.1707,792.1897,3.1333,417.0,55.4,313.5,2.5269,value,2119.8997,24.5407,31006.3059,538.9333,2770.0,34315.2393
9107,S5_pump_failure,C_ai_rolling,0,188,2323.144,783.0191,9.1707,792.1897,3.1333,417.0,55.4,313.5,2.5269,low,1971.7602,22.8258,26142.261,156.6667,2770.0,29068.9277
9107,S5_pump_failure,C_ai_rolling,0,188,2323.144,783.0191,9.1707,792.1897,3.1333,417.0,55.4,313.5,2.5269,high,2155.5482,24.9534,32875.8737,538.9333,2770.0,36184.807
9107,S5_pump_failure,B_dynamic_buffered,0,388,2323.144,786.0234,18.917,804.9404,6.4667,380.0,52.2833,313.5,2.5676,value,2154.0204,50.6219,31505.3663,1112.2667,2614.1667,35231.7996
9107,S5_pump_failure,B_dynamic_buffered,0,388,2323.144,786.0234,18.917,804.9404,6.4667,380.0,52.2833,313.5,2.5676,low,2003.4966,47.0844,26563.0324,323.3333,2614.1667,29500.5324
9107,S5_pump_failure,B_dynamic_buffered,0,388,2323.144,786.0234,18.917,804.9404,6.4667,380.0,52.2833,313.5,2.5676,high,2190.2428,51.4732,33405.0256,1112.2667,2614.1667,37131.4589
9107,S5_pump_failure,C_ai_rolling_buffered,0,440,2323.144,783.67,21.7753,805.4453,7.3333,230.0,31.3667,313.5,2.5692,value,2155.3716,58.2708,31525.1286,1261.3333,1568.3333,34354.7952
9107,S5_pump_failure,C_ai_rolling_buffered,0,440,2323.144,783.67,21.7753,805.4453,7.3333,230.0,31.3667,313.5,2.5692,low,2004.7533,54.1988,26579.6945,366.6667,1568.3333,28514.6945
9107,S5_pump_failure,C_ai_rolling_buffered,0,440,2323.144,783.67,21.7753,805.4453,7.3333,230.0,31.3667,313.5,2.5692,high,2191.6166,59.2507,33425.9794,1261.3333,1568.3333,36255.6461
9107,S6_high_demand,A_static_planned,5,241,3424.54,1162.4322,11.4682,1173.9003,4.0167,3960.0,544.5667,511.5,2.295,value,3141.3573,30.6888,45946.4595,690.8667,27228.3333,73865.6595
9107,S6_high_demand,A_static_planned,5,241,3424.54,1162.4322,11.4682,1173.9003,4.0167,3960.0,544.5667,511.5,2.295,low,2921.838,28.5443,38738.7114,200.8333,27228.3333,66167.878
9107,S6_high_demand,A_static_planned,5,241,3424.54,1162.4322,11.4682,1173.9003,4.0167,3960.0,544.5667,511.5,2.295,high,3194.1828,31.2049,48716.8643,690.8667,27228.3333,76636.0643
9107,S6_high_demand,B_dynamic,8,227,3384.64,1142.7224,10.9175,1153.6399,3.7833,4925.0,675.35,494.75,2.3318,value,3087.1405,29.2152,45153.4674,650.7333,33767.5,79571.7008
9107,S6_high_demand,B_dynamic,8,227,3384.64,1142.7224,10.9175,1153.6399,3.7833,4925.0,675.35,494.75,2.3318,low,2871.4098,27.1737,38070.1182,189.1667,33767.5,72026.7848
9107,S6_high_demand,B_dynamic,8,227,3384.64,1142.7224,10.9175,1153.6399,3.7833,4925.0,675.35,494.75,2.3318,high,3139.0543,29.7065,47876.0577,650.7333,33767.5,82294.291
9107,S6_high_demand,C_ai_rolling,6,40,3442.554,1162.2699,2.0108,1164.2807,0.6667,4460.0,606.3667,505.5,2.3032,value,3115.6152,5.381,45569.9476,114.6667,30318.3333,76002.9476
9107,S6_high_demand,C_ai_rolling,6,40,3442.554,1162.2699,2.0108,1164.2807,0.6667,4460.0,606.3667,505.5,2.3032,low,2897.8947,5.005,38421.2639,33.3333,30318.3333,68772.9306
9107,S6_high_demand,C_ai_rolling,6,40,3442.554,1162.2699,2.0108,1164.2807,0.6667,4460.0,606.3667,505.5,2.3032,high,3168.0079,5.4715,48317.6501,114.6667,30318.3333,78750.6501
9107,S6_high_demand,B_dynamic_buffered,9,271,3354.324,1136.7788,13.3163,1150.0952,4.5167,4824.0,658.6333,489.25,2.3507,value,3077.6547,35.6345,45014.7248,776.8667,32931.6667,78723.2582
9107,S6_high_demand,B_dynamic_buffered,9,271,3354.324,1136.7788,13.3163,1150.0952,4.5167,4824.0,658.6333,489.25,2.3507,low,2862.5869,33.1444,37953.1405,225.8333,32931.6667,71110.6405
9107,S6_high_demand,B_dynamic_buffered,9,271,3354.324,1136.7788,13.3163,1150.0952,4.5167,4824.0,658.6333,489.25,2.3507,high,3129.409,36.2337,47728.9494,776.8667,32931.6667,81437.4828
9107,S6_high_demand,C_ai_rolling_buffered,8,63,3384.64,1146.1994,3.1758,1149.3752,1.05,4494.0,610.6167,494.75,2.3231,value,3075.7281,8.4985,44986.5459,180.6,30530.8333,75697.9793
9107,S6_high_demand,C_ai_rolling_buffered,8,63,3384.64,1146.1994,3.1758,1149.3752,1.05,4494.0,610.6167,494.75,2.3231,low,2860.7949,7.9046,37929.3821,52.5,30530.8333,68512.7155
9107,S6_high_demand,C_ai_rolling_buffered,8,63,3384.64,1146.1994,3.1758,1149.3752,1.05,4494.0,610.6167,494.75,2.3231,high,3127.45,8.6414,47699.0715,180.6,30530.8333,78410.5048
9107,S7_mixed_disruption,A_static_planned,0,788,2323.144,788.1686,37.4065,825.5751,13.1333,722.0,99.3167,313.5,2.6334,value,2209.2391,100.0998,32313.011,2258.9333,4965.8333,39537.7776
9107,S7_mixed_disruption,A_static_planned,0,788,2323.144,788.1686,37.4065,825.5751,13.1333,722.0,99.3167,313.5,2.6334,low,2054.8565,93.1048,27243.9796,656.6667,4965.8333,32866.4796
9107,S7_mixed_disruption,A_static_planned,0,788,2323.144,788.1686,37.4065,825.5751,13.1333,722.0,99.3167,313.5,2.6334,high,2246.39,101.7831,34261.3683,2258.9333,4965.8333,41486.135
9107,S7_mixed_disruption,B_dynamic,0,459,2323.144,785.3415,23.8387,809.1802,7.65,787.0,105.3333,313.5,2.5811,value,2165.3661,63.7923,31671.3118,1315.8,5266.6667,38253.7785
9107,S7_mixed_disruption,B_dynamic,0,459,2323.144,785.3415,23.8387,809.1802,7.65,787.0,105.3333,313.5,2.5811,low,2014.0494,59.3344,26702.9456,382.5,5266.6667,32352.1123
9107,S7_mixed_disruption,B_dynamic,0,459,2323.144,785.3415,23.8387,809.1802,7.65,787.0,105.3333,313.5,2.5811,high,2201.7792,64.865,33580.977,1315.8,5266.6667,40163.4437
9107,S7_mixed_disruption,C_ai_rolling,0,125,2323.144,785.2181,6.4938,791.712,2.0833,764.0,102.8667,313.5,2.5254,value,2118.6212,17.3775,30987.6062,358.3333,5143.3333,36489.2729
9107,S7_mixed_disruption,C_ai_rolling,0,125,2323.144,785.2181,6.4938,791.712,2.0833,764.0,102.8667,313.5,2.5254,low,1970.5711,16.1632,26126.4947,104.1667,5143.3333,31373.9947
9107,S7_mixed_disruption,C_ai_rolling,0,125,2323.144,785.2181,6.4938,791.712,2.0833,764.0,102.8667,313.5,2.5254,high,2154.2482,17.6697,32856.0464,358.3333,5143.3333,38357.7131
9107,S7_mixed_disruption,B_dynamic_buffered,0,581,2323.144,785.8316,29.3783,815.2099,9.6833,535.0,72.0667,313.5,2.6004,value,2181.5017,78.6164,31907.3151,1665.5333,3603.3333,37176.1817
9107,S7_mixed_disruption,B_dynamic_buffered,0,581,2323.144,785.8316,29.3783,815.2099,9.6833,535.0,72.0667,313.5,2.6004,low,2029.0574,73.1227,26901.9264,484.1667,3603.3333,30989.4264
9107,S7_mixed_disruption,B_dynamic_buffered,0,581,2323.144,785.8316,29.3783,815.2099,9.6833,535.0,72.0667,313.5,2.6004,high,2218.1861,79.9384,33831.2104,1665.5333,3603.3333,39100.0771
9107,S7_mixed_disruption,C_ai_rolling_buffered,0,421,2323.144,783.6129,20.2213,803.8342,7.0167,542.0,71.8667,313.5,2.5641,value,2151.0603,54.1123,31462.0705,1206.8667,3593.3333,36262.2705
9107,S7_mixed_disruption,C_ai_rolling_buffered,0,421,2323.144,783.6129,20.2213,803.8342,7.0167,542.0,71.8667,313.5,2.5641,low,2000.7433,50.3309,26526.5285,350.8333,3593.3333,30470.6952
9107,S7_mixed_disruption,C_ai_rolling_buffered,0,421,2323.144,783.6129,20.2213,803.8342,7.0167,542.0,71.8667,313.5,2.5641,high,2187.2328,55.0222,33359.1192,1206.8667,3593.3333,38159.3192
9107,S8_ai_prediction_error,A_static_planned,0,478,2323.144,785.7413,23.467,809.2083,7.9667,440.0,61.05,313.5,2.5812,value,2165.4413,62.7977,31672.4109,1370.2667,3052.5,36095.1776
9107,S8_ai_prediction_error,A_static_planned,0,478,2323.144,785.7413,23.467,809.2083,7.9667,440.0,61.05,313.5,2.5812,low,2014.1193,58.4094,26703.8723,398.3333,3052.5,30154.7056
9107,S8_ai_prediction_error,A_static_planned,0,478,2323.144,785.7413,23.467,809.2083,7.9667,440.0,61.05,313.5,2.5812,high,2201.8556,63.8537,33582.1424,1370.2667,3052.5,38004.909
9107,S8_ai_prediction_error,B_dynamic,0,193,2323.144,784.171,9.2222,793.3931,3.2167,584.0,79.75,313.5,2.5308,value,2123.12,24.6785,31053.4074,553.2667,3987.5,35594.174
9107,S8_ai_prediction_error,B_dynamic,0,193,2323.144,784.171,9.2222,793.3931,3.2167,584.0,79.75,313.5,2.5308,low,1974.7555,22.954,26181.9735,160.8333,3987.5,30330.3068
9107,S8_ai_prediction_error,B_dynamic,0,193,2323.144,784.171,9.2222,793.3931,3.2167,584.0,79.75,313.5,2.5308,high,2158.8227,25.0935,32925.8152,553.2667,3987.5,37466.5818
9107,S8_ai_prediction_error,C_ai_rolling,0,111,2323.144,784.9653,5.7815,790.7468,1.85,630.0,85.8667,313.5,2.5223,value,2116.0383,15.4713,30949.8279,318.2,4293.3333,35561.3613
9107,S8_ai_prediction_error,C_ai_rolling,0,111,2323.144,784.9653,5.7815,790.7468,1.85,630.0,85.8667,313.5,2.5223,low,1968.1687,14.3902,26094.6429,92.5,4293.3333,30480.4762
9107,S8_ai_prediction_error,C_ai_rolling,0,111,2323.144,784.9653,5.7815,790.7468,1.85,630.0,85.8667,313.5,2.5223,high,2151.6219,15.7315,32815.9903,318.2,4293.3333,37427.5236
9107,S8_ai_prediction_error,B_dynamic_buffered,0,265,2323.144,788.3405,12.8113,801.1518,4.4167,458.0,63.0167,313.5,2.5555,value,2143.8823,34.2831,31357.0821,759.6667,3150.8333,35267.5821
9107,S8_ai_prediction_error,B_dynamic_buffered,0,265,2323.144,788.3405,12.8113,801.1518,4.4167,458.0,63.0167,313.5,2.5555,low,1994.0669,31.8874,26438.0099,220.8333,3150.8333,29809.6766
9107,S8_ai_prediction_error,B_dynamic_buffered,0,265,2323.144,788.3405,12.8113,801.1518,4.4167,458.0,63.0167,313.5,2.5555,high,2179.9341,34.8596,33247.8004,759.6667,3150.8333,37158.3004
9107,S8_ai_prediction_error,C_ai_rolling_buffered,0,367,2323.144,785.9965,17.2422,803.2387,6.1167,408.0,56.5833,313.5,2.5622,value,2149.4667,46.14,31438.7623,1052.0667,2829.1667,35319.9957
9107,S8_ai_prediction_error,C_ai_rolling_buffered,0,367,2323.144,785.9965,17.2422,803.2387,6.1167,408.0,56.5833,313.5,2.5622,low,1999.2611,42.9158,26506.8768,305.8333,2829.1667,29641.8768
9107,S8_ai_prediction_error,C_ai_rolling_buffered,0,367,2323.144,785.9965,17.2422,803.2387,6.1167,408.0,56.5833,313.5,2.5622,high,2185.6125,46.9159,33334.4056,1052.0667,2829.1667,37215.639
9108,S0_normal,A_static_planned,0,352,2210.642,746.7085,15.868,762.5765,5.8667,549.0,80.55,289.0,2.6387,value,2040.6546,42.4628,29847.2425,1009.0667,4027.5,34883.8092
9108,S0_normal,A_static_planned,0,352,2210.642,746.7085,15.868,762.5765,5.8667,549.0,80.55,289.0,2.6387,low,1898.0528,39.4955,25165.0231,293.3333,4027.5,29485.8564
9108,S0_normal,A_static_planned,0,352,2210.642,746.7085,15.868,762.5765,5.8667,549.0,80.55,289.0,2.6387,high,2074.9705,43.1768,31646.923,1009.0667,4027.5,36683.4896
9108,S0_normal,B_dynamic,0,244,2210.642,747.1565,11.4278,758.5844,4.0667,663.0,96.8333,289.0,2.6249,value,2029.9718,30.5809,29690.9924,699.4667,4841.6667,35232.1257
9108,S0_normal,B_dynamic,0,244,2210.642,747.1565,11.4278,758.5844,4.0667,663.0,96.8333,289.0,2.6249,low,1888.1165,28.4439,25033.2843,203.3333,4841.6667,30078.2843
9108,S0_normal,B_dynamic,0,244,2210.642,747.1565,11.4278,758.5844,4.0667,663.0,96.8333,289.0,2.6249,high,2064.1081,31.0951,31481.2515,699.4667,4841.6667,37022.3848
9108,S0_normal,C_ai_rolling,0,174,2210.642,747.5142,8.3473,755.8615,2.9,644.0,88.9167,289.0,2.6154,value,2022.6855,22.3375,29584.4203,498.8,4445.8333,34529.0536
9108,S0_normal,C_ai_rolling,0,174,2210.642,747.5142,8.3473,755.8615,2.9,644.0,88.9167,289.0,2.6154,low,1881.3393,20.7765,24943.4305,145.0,4445.8333,29534.2638
9108,S0_normal,C_ai_rolling,0,174,2210.642,747.5142,8.3473,755.8615,2.9,644.0,88.9167,289.0,2.6154,high,2056.6992,22.7131,31368.2535,498.8,4445.8333,36312.8868
9108,S0_normal,B_dynamic_buffered,0,284,2210.642,748.5783,13.5528,762.1311,4.7333,558.0,81.2833,289.0,2.6371,value,2039.4629,36.2674,29829.8121,814.1333,4064.1667,34708.1121
9108,S0_normal,B_dynamic_buffered,0,284,2210.642,748.5783,13.5528,762.1311,4.7333,558.0,81.2833,289.0,2.6371,low,1896.9444,33.733,25150.327,236.6667,4064.1667,29451.1604
9108,S0_normal,B_dynamic_buffered,0,284,2210.642,748.5783,13.5528,762.1311,4.7333,558.0,81.2833,289.0,2.6371,high,2073.7588,36.8773,31628.4416,814.1333,4064.1667,36506.7416
9108,S0_normal,C_ai_rolling_buffered,0,351,2210.642,748.0785,16.706,764.7845,5.85,441.0,63.6,289.0,2.6463,value,2046.5634,44.7053,29933.6663,1006.2,3180.0,34119.8663
9108,S0_normal,C_ai_rolling_buffered,0,351,2210.642,748.0785,16.706,764.7845,5.85,441.0,63.6,289.0,2.6463,low,1903.5487,41.5812,25237.8893,292.5,3180.0,28710.3893
9108,S0_normal,C_ai_rolling_buffered,0,351,2210.642,748.0785,16.706,764.7845,5.85,441.0,63.6,289.0,2.6463,high,2080.9787,45.457,31738.5578,1006.2,3180.0,35924.7578
9108,S1_light_traffic,A_static_planned,0,555,2210.642,746.0292,26.149,772.1782,9.25,370.0,54.0,289.0,2.6719,value,2066.3488,69.9747,30223.0542,1591.0,2700.0,34514.0542
9108,S1_light_traffic,A_static_planned,0,555,2210.642,746.0292,26.149,772.1782,9.25,370.0,54.0,289.0,2.6719,low,1921.9515,65.0849,25481.8801,462.5,2700.0,28644.3801
9108,S1_light_traffic,A_static_planned,0,555,2210.642,746.0292,26.149,772.1782,9.25,370.0,54.0,289.0,2.6719,high,2101.0968,71.1514,32045.3947,1591.0,2700.0,36336.3947
9108,S1_light_traffic,B_dynamic,0,333,2210.642,745.2608,15.3295,760.5903,5.55,615.0,88.7833,289.0,2.6318,value,2035.3395,41.0217,29769.5026,954.6,4439.1667,35163.2693
9108,S1_light_traffic,B_dynamic,0,333,2210.642,745.2608,15.3295,760.5903,5.55,615.0,88.7833,289.0,2.6318,low,1893.1091,38.1551,25099.4785,277.5,4439.1667,29816.1451
9108,S1_light_traffic,B_dynamic,0,333,2210.642,745.2608,15.3295,760.5903,5.55,615.0,88.7833,289.0,2.6318,high,2069.5661,41.7116,31564.4956,954.6,4439.1667,36958.2623
9108,S1_light_traffic,C_ai_rolling,0,168,2210.642,746.9856,8.5372,755.5227,2.8,584.0,83.5667,289.0,2.6143,value,2021.7788,22.8455,29571.1598,481.6,4178.3333,34231.0931
9108,S1_light_traffic,C_ai_rolling,0,168,2210.642,746.9856,8.5372,755.5227,2.8,584.0,83.5667,289.0,2.6143,low,1880.4961,21.249,24932.2502,140.0,4178.3333,29250.5836
9108,S1_light_traffic,C_ai_rolling,0,168,2210.642,746.9856,8.5372,755.5227,2.8,584.0,83.5667,289.0,2.6143,high,2055.7774,23.2296,31354.1935,481.6,4178.3333,36014.1268
9108,S1_light_traffic,B_dynamic_buffered,0,396,2210.642,747.9097,19.312,767.2217,6.6,405.0,59.9333,289.0,2.6547,value,2053.0853,51.6789,30029.0582,1135.2,2996.6667,34160.9249
9108,S1_light_traffic,B_dynamic_buffered,0,396,2210.642,747.9097,19.312,767.2217,6.6,405.0,59.9333,289.0,2.6547,low,1909.6149,48.0676,25318.3168,330.0,2996.6667,28644.9835
9108,S1_light_traffic,B_dynamic_buffered,0,396,2210.642,747.9097,19.312,767.2217,6.6,405.0,59.9333,289.0,2.6547,high,2087.6103,52.548,31839.7014,1135.2,2996.6667,35971.5681
9108,S1_light_traffic,C_ai_rolling_buffered,0,386,2210.642,747.4292,19.0938,766.5231,6.4333,376.0,52.75,289.0,2.6523,value,2051.2157,51.0951,30001.7123,1106.5333,2637.5,33745.7456
9108,S1_light_traffic,C_ai_rolling_buffered,0,386,2210.642,747.4292,19.0938,766.5231,6.4333,376.0,52.75,289.0,2.6523,low,1907.8759,47.5246,25295.2607,321.6667,2637.5,28254.4274
9108,S1_light_traffic,C_ai_rolling_buffered,0,386,2210.642,747.4292,19.0938,766.5231,6.4333,376.0,52.75,289.0,2.6523,high,2085.7092,51.9543,31810.7067,1106.5333,2637.5,35554.74
9108,S2_peak_traffic,A_static_planned,0,157,2210.642,747.8054,6.9505,754.7559,2.6167,965.0,139.8833,289.0,2.6116,value,2019.7268,18.5995,29541.1464,450.0667,6994.1667,36985.3797
9108,S2_peak_traffic,A_static_planned,0,157,2210.642,747.8054,6.9505,754.7559,2.6167,965.0,139.8833,289.0,2.6116,low,1878.5875,17.2998,24906.9451,130.8333,6994.1667,32031.9451
9108,S2_peak_traffic,A_static_planned,0,157,2210.642,747.8054,6.9505,754.7559,2.6167,965.0,139.8833,289.0,2.6116,high,2053.6908,18.9123,31322.3703,450.0667,6994.1667,38766.6036
9108,S2_peak_traffic,B_dynamic,0,183,2210.642,748.2257,8.4228,756.6486,3.05,1107.0,158.0667,289.0,2.6182,value,2024.7916,22.5395,29615.2253,524.6,7903.3333,38043.1586
9108,S2_peak_traffic,B_dynamic,0,183,2210.642,748.2257,8.4228,756.6486,3.05,1107.0,158.0667,289.0,2.6182,low,1883.2983,20.9644,24969.403,152.5,7903.3333,33025.2364
9108,S2_peak_traffic,B_dynamic,0,183,2210.642,748.2257,8.4228,756.6486,3.05,1107.0,158.0667,289.0,2.6182,high,2058.8408,22.9185,31400.9159,524.6,7903.3333,39828.8493
9108,S2_peak_traffic,C_ai_rolling,0,125,2210.642,747.0288,5.9822,753.011,2.0833,1134.0,158.25,289.0,2.6056,value,2015.0574,16.0083,29472.8506,358.3333,7912.5,37743.684
9108,S2_peak_traffic,C_ai_rolling,0,125,2210.642,747.0288,5.9822,753.011,2.0833,1134.0,158.25,289.0,2.6056,low,1874.2444,14.8896,24849.3631,104.1667,7912.5,32866.0297
9108,S2_peak_traffic,C_ai_rolling,0,125,2210.642,747.0288,5.9822,753.011,2.0833,1134.0,158.25,289.0,2.6056,high,2048.9429,16.2775,31249.9566,358.3333,7912.5,39520.7899
9108,S2_peak_traffic,B_dynamic_buffered,0,194,2210.642,749.1653,9.1872,758.3525,3.2333,824.0,119.7,289.0,2.6241,value,2029.3513,24.5849,29681.9165,556.1333,5985.0,36223.0499
9108,S2_peak_traffic,B_dynamic_buffered,0,194,2210.642,749.1653,9.1872,758.3525,3.2333,824.0,119.7,289.0,2.6241,low,1887.5394,22.8669,25025.6322,161.6667,5985.0,31172.2989
9108,S2_peak_traffic,B_dynamic_buffered,0,194,2210.642,749.1653,9.1872,758.3525,3.2333,824.0,119.7,289.0,2.6241,high,2063.4771,24.9983,31471.6284,556.1333,5985.0,38012.7618
9108,S2_peak_traffic,C_ai_rolling_buffered,0,260,2210.642,745.3653,12.4927,757.8579,4.3333,818.0,114.9833,289.0,2.6223,value,2028.0278,33.4304,29662.5594,745.3333,5749.1667,36157.0594
9108,S2_peak_traffic,C_ai_rolling_buffered,0,260,2210.642,745.3653,12.4927,757.8579,4.3333,818.0,114.9833,289.0,2.6223,low,1886.3084,31.0942,25009.3117,216.6667,5749.1667,30975.1451
9108,S2_peak_traffic,C_ai_rolling_buffered,0,260,2210.642,745.3653,12.4927,757.8579,4.3333,818.0,114.9833,289.0,2.6223,high,2062.1314,33.9925,31451.1041,745.3333,5749.1667,37945.6041
9108,S3_site_delay,A_static_planned,0,408,2210.642,747.5201,18.658,766.1781,6.8,552.0,80.6,289.0,2.6511,value,2050.2926,49.9288,29988.2107,1169.6,4030.0,35187.8107
9108,S3_site_delay,A_static_planned,0,408,2210.642,747.5201,18.658,766.1781,6.8,552.0,80.6,289.0,2.6511,low,1907.0173,46.4398,25283.8772,340.0,4030.0,29653.8772
9108,S3_site_delay,A_static_planned,0,408,2210.642,747.5201,18.658,766.1781,6.8,552.0,80.6,289.0,2.6511,high,2084.7706,50.7684,31796.391,1169.6,4030.0,36995.991
9108,S3_site_delay,B_dynamic,0,264,2210.642,746.5431,12.5798,759.1229,4.4,660.0,96.6167,289.0,2.6267,value,2031.4129,33.6636,29712.0709,756.8,4830.8333,35299.7043
9108,S3_site_delay,B_dynamic,0,264,2210.642,746.5431,12.5798,759.1229,4.4,660.0,96.6167,289.0,2.6267,low,1889.4569,31.3112,25051.0562,220.0,4830.8333,30101.8896
9108,S3_site_delay,B_dynamic,0,264,2210.642,746.5431,12.5798,759.1229,4.4,660.0,96.6167,289.0,2.6267,high,2065.5735,34.2297,31503.601,756.8,4830.8333,37091.2344
9108,S3_site_delay,C_ai_rolling,0,227,2210.642,748.9224,11.101,760.0234,3.7833,651.0,89.4,289.0,2.6298,value,2033.8226,29.7063,29747.3153,650.7333,4470.0,34868.0486
9108,S3_site_delay,C_ai_rolling,0,227,2210.642,748.9224,11.101,760.0234,3.7833,651.0,89.4,289.0,2.6298,low,1891.6982,27.6304,25080.7717,189.1667,4470.0,29739.9384
9108,S3_site_delay,C_ai_rolling,0,227,2210.642,748.9224,11.101,760.0234,3.7833,651.0,89.4,289.0,2.6298,high,2068.0236,30.2058,31540.9705,650.7333,4470.0,36661.7038
9108,S3_site_delay,B_dynamic_buffered,0,341,2210.642,746.7579,16.6055,763.3634,5.6833,524.0,78.25,289.0,2.6414,value,2042.7604,44.4363,29878.0431,977.5333,3912.5,34768.0764
9108,S3_site_delay,B_dynamic_buffered,0,341,2210.642,746.7579,16.6055,763.3634,5.6833,524.0,78.25,289.0,2.6414,low,1900.0115,41.3311,25190.9919,284.1667,3912.5,29387.6585
9108,S3_site_delay,B_dynamic_buffered,0,341,2210.642,746.7579,16.6055,763.3634,5.6833,524.0,78.25,289.0,2.6414,high,2077.1118,45.1836,31679.5807,977.5333,3912.5,36569.614
9108,S3_site_delay,C_ai_rolling_buffered,0,425,2210.642,746.2569,20.2613,766.5183,7.0833,504.0,74.2833,289.0,2.6523,value,2051.2029,54.2193,30001.5254,1218.3333,3714.1667,34934.0254
9108,S3_site_delay,C_ai_rolling_buffered,0,425,2210.642,746.2569,20.2613,766.5183,7.0833,504.0,74.2833,289.0,2.6523,low,1907.864,50.4305,25295.1031,354.1667,3714.1667,29363.4365
9108,S3_site_delay,C_ai_rolling_buffered,0,425,2210.642,746.2569,20.2613,766.5183,7.0833,504.0,74.2833,289.0,2.6523,high,2085.6962,55.1311,31810.5085,1218.3333,3714.1667,36743.0085
9108,S4_multi_site_delay,A_static_planned,0,477,2210.642,747.9284,22.3995,770.3279,7.95,590.0,85.95,289.0,2.6655,value,2061.3975,59.9411,30150.635,1367.4,4297.5,35815.535
9108,S4_multi_site_delay,A_static_planned,0,477,2210.642,747.9284,22.3995,770.3279,7.95,590.0,85.95,289.0,2.6655,low,1917.3462,55.7524,25420.8215,397.5,4297.5,30115.8215
9108,S4_multi_site_delay,A_static_planned,0,477,2210.642,747.9284,22.3995,770.3279,7.95,590.0,85.95,289.0,2.6655,high,2096.0623,60.949,31968.6089,1367.4,4297.5,37633.5089
9108,S4_multi_site_delay,B_dynamic,0,269,2210.642,746.9133,13.1517,760.065,4.4833,664.0,95.0667,289.0,2.63,value,2033.9339,35.1939,29748.9442,771.1333,4753.3333,35273.4109
9108,S4_multi_site_delay,B_dynamic,0,269,2210.642,746.9133,13.1517,760.065,4.4833,664.0,95.0667,289.0,2.63,low,1891.8018,32.7345,25082.1451,224.1667,4753.3333,30059.6451
9108,S4_multi_site_delay,B_dynamic,0,269,2210.642,746.9133,13.1517,760.065,4.4833,664.0,95.0667,289.0,2.63,high,2068.1369,35.7857,31542.6976,771.1333,4753.3333,37067.1643
9108,S4_multi_site_delay,C_ai_rolling,0,221,2210.642,746.1027,10.9525,757.0552,3.6833,607.0,83.2667,289.0,2.6196,value,2025.8798,29.3089,29631.1424,633.5333,4163.3333,34428.0091
9108,S4_multi_site_delay,C_ai_rolling,0,221,2210.642,746.1027,10.9525,757.0552,3.6833,607.0,83.2667,289.0,2.6196,low,1884.3105,27.2608,24982.8232,184.1667,4163.3333,29330.3232
9108,S4_multi_site_delay,C_ai_rolling,0,221,2210.642,746.1027,10.9525,757.0552,3.6833,607.0,83.2667,289.0,2.6196,high,2059.9473,29.8018,31417.7928,633.5333,4163.3333,36214.6595
9108,S4_multi_site_delay,B_dynamic_buffered,0,317,2210.642,747.4123,15.6007,763.013,5.2833,546.0,81.0,289.0,2.6402,value,2041.8227,41.7474,29864.3269,908.7333,4050.0,34823.0602
9108,S4_multi_site_delay,B_dynamic_buffered,0,317,2210.642,747.4123,15.6007,763.013,5.2833,546.0,81.0,289.0,2.6402,low,1899.1392,38.8301,25179.4274,264.1667,4050.0,29493.5941
9108,S4_multi_site_delay,B_dynamic_buffered,0,317,2210.642,747.4123,15.6007,763.013,5.2833,546.0,81.0,289.0,2.6402,high,2076.1582,42.4494,31665.0375,908.7333,4050.0,36623.7708
9108,S4_multi_site_delay,C_ai_rolling_buffered,0,403,2210.642,745.615,19.8923,765.5073,6.7167,400.0,56.9,289.0,2.6488,value,2048.4976,53.2319,29961.9571,1155.2667,2845.0,33962.2237
9108,S4_multi_site_delay,C_ai_rolling_buffered,0,403,2210.642,745.615,19.8923,765.5073,6.7167,400.0,56.9,289.0,2.6488,low,1905.3478,49.512,25261.742,335.8333,2845.0,28442.5754
9108,S4_multi_site_delay,C_ai_rolling_buffered,0,403,2210.642,745.615,19.8923,765.5073,6.7167,400.0,56.9,289.0,2.6488,high,2082.9455,54.127,31768.5544,1155.2667,2845.0,35768.821
9108,S5_pump_failure,A_static_planned,0,429,2210.642,747.7611,20.0453,767.8064,7.15,548.0,80.65,289.0,2.6568,value,2054.65,53.6413,30051.944,1229.8,4032.5,35314.244
9108,S5_pump_failure,A_static_planned,0,429,2210.642,747.7611,20.0453,767.8064,7.15,548.0,80.65,289.0,2.6568,low,1911.0702,49.8928,25337.6124,357.5,4032.5,29727.6124
9108,S5_pump_failure,A_static_planned,0,429,2210.642,747.7611,20.0453,767.8064,7.15,548.0,80.65,289.0,2.6568,high,2089.2013,54.5434,31863.9671,1229.8,4032.5,37126.2671
9108,S5_pump_failure,B_dynamic,0,235,2210.642,747.2243,11.312,758.5363,3.9167,630.0,88.5333,289.0,2.6247,value,2029.8432,30.2709,29689.1122,673.6667,4426.6667,34789.4455
9108,S5_pump_failure,B_dynamic,0,235,2210.642,747.2243,11.312,758.5363,3.9167,630.0,88.5333,289.0,2.6247,low,1887.9969,28.1556,25031.6991,195.8333,4426.6667,29654.1991
9108,S5_pump_failure,B_dynamic,0,235,2210.642,747.2243,11.312,758.5363,3.9167,630.0,88.5333,289.0,2.6247,high,2063.9774,30.78,31479.2579,673.6667,4426.6667,36579.5913
9108,S5_pump_failure,C_ai_rolling,0,198,2210.642,746.6372,9.6725,756.3097,3.3,574.0,78.7,289.0,2.617,value,2023.8847,25.8836,29601.9603,567.6,3935.0,34104.5603
9108,S5_pump_failure,C_ai_rolling,0,198,2210.642,746.6372,9.6725,756.3097,3.3,574.0,78.7,289.0,2.617,low,1882.4548,24.0749,24958.2189,165.0,3935.0,29058.2189
9108,S5_pump_failure,C_ai_rolling,0,198,2210.642,746.6372,9.6725,756.3097,3.3,574.0,78.7,289.0,2.617,high,2057.9186,26.3189,31386.8511,567.6,3935.0,35889.4511
9108,S5_pump_failure,B_dynamic_buffered,0,312,2210.642,747.5533,14.9245,762.4778,5.2,513.0,76.7333,289.0,2.6383,value,2040.3905,39.938,29843.3802,894.4,3836.6667,34574.4469
9108,S5_pump_failure,B_dynamic_buffered,0,312,2210.642,747.5533,14.9245,762.4778,5.2,513.0,76.7333,289.0,2.6383,low,1897.8072,37.1471,25161.7667,260.0,3836.6667,29258.4333
9108,S5_pump_failure,B_dynamic_buffered,0,312,2210.642,747.5533,14.9245,762.4778,5.2,513.0,76.7333,289.0,2.6383,high,2074.702,40.6096,31642.8278,894.4,3836.6667,36373.8945
9108,S5_pump_failure,C_ai_rolling_buffered,0,352,2210.642,745.5555,17.0737,762.6291,5.8667,413.0,58.8,289.0,2.6389,value,2040.7955,45.6891,29849.3039,1009.0667,2940.0,33798.3706
9108,S5_pump_failure,C_ai_rolling_buffered,0,352,2210.642,745.5555,17.0737,762.6291,5.8667,413.0,58.8,289.0,2.6389,low,1898.1839,42.4964,25166.7611,293.3333,2940.0,28400.0944
9108,S5_pump_failure,C_ai_rolling_buffered,0,352,2210.642,745.5555,17.0737,762.6291,5.8667,413.0,58.8,289.0,2.6389,high,2075.1138,46.4574,31649.1086,1009.0667,2940.0,35598.1753
9108,S6_high_demand,A_static_planned,4,265,3491.79,1181.0371,12.309,1193.3461,4.4167,4672.0,650.5167,488.75,2.4416,value,3193.3941,32.9389,46707.5651,759.6667,32525.8333,79993.0651
9108,S6_high_demand,A_static_planned,4,265,3491.79,1181.0371,12.309,1193.3461,4.4167,4672.0,650.5167,488.75,2.4416,low,2970.2384,30.6371,39380.4203,220.8333,32525.8333,72127.0869
9108,S6_high_demand,A_static_planned,4,265,3491.79,1181.0371,12.309,1193.3461,4.4167,4672.0,650.5167,488.75,2.4416,high,3247.0947,33.4928,49523.8619,759.6667,32525.8333,82809.3619
9108,S6_high_demand,B_dynamic,6,165,3388.002,1145.6678,7.661,1153.3288,2.75,4475.0,650.6667,477.0,2.4179,value,3086.3078,20.5008,45141.2877,473.0,32533.3333,78147.621
9108,S6_high_demand,B_dynamic,6,165,3388.002,1145.6678,7.661,1153.3288,2.75,4475.0,650.6667,477.0,2.4179,low,2870.6353,19.0682,38059.8491,137.5,32533.3333,70730.6824
9108,S6_high_demand,B_dynamic,6,165,3388.002,1145.6678,7.661,1153.3288,2.75,4475.0,650.6667,477.0,2.4179,high,3138.2076,20.8456,47863.1436,473.0,32533.3333,80869.4769
9108,S6_high_demand,C_ai_rolling,6,98,3388.002,1144.0126,4.7793,1148.7919,1.6333,4223.0,603.7167,477.0,2.4084,value,3074.1672,12.7895,44963.7154,280.9333,30185.8333,75430.4821
9108,S6_high_demand,C_ai_rolling,6,98,3388.002,1144.0126,4.7793,1148.7919,1.6333,4223.0,603.7167,477.0,2.4084,low,2859.3431,11.8958,37910.1331,81.6667,30185.8333,68177.6331
9108,S6_high_demand,C_ai_rolling,6,98,3388.002,1144.0126,4.7793,1148.7919,1.6333,4223.0,603.7167,477.0,2.4084,high,3125.8628,13.0046,47674.8644,280.9333,30185.8333,78141.631
9108,S6_high_demand,B_dynamic_buffered,5,202,3412.006,1154.2686,9.6625,1163.9311,3.3667,4387.0,645.2667,482.75,2.411,value,3114.6797,25.8569,45556.2648,579.0667,32263.3333,78398.6648
9108,S6_high_demand,B_dynamic_buffered,5,202,3412.006,1154.2686,9.6625,1163.9311,3.3667,4387.0,645.2667,482.75,2.411,low,2897.0246,24.05,38409.7276,168.3333,32263.3333,70841.3943
9108,S6_high_demand,B_dynamic_buffered,5,202,3412.006,1154.2686,9.6625,1163.9311,3.3667,4387.0,645.2667,482.75,2.411,high,3167.0566,26.2917,48303.1423,579.0667,32263.3333,81145.5423
9108,S6_high_demand,C_ai_rolling_buffered,4,213,3450.76,1166.0222,9.7252,1175.7474,3.55,3860.0,559.1,488.25,2.4081,value,3146.3001,26.0245,46018.7535,610.6,27955.0,74584.3535
9108,S6_high_demand,C_ai_rolling_buffered,4,213,3450.76,1166.0222,9.7252,1175.7474,3.55,3860.0,559.1,488.25,2.4081,low,2926.4353,24.2059,38799.6644,177.5,27955.0,66932.1644
9108,S6_high_demand,C_ai_rolling_buffered,4,213,3450.76,1166.0222,9.7252,1175.7474,3.55,3860.0,559.1,488.25,2.4081,high,3199.2087,26.4622,48793.5174,610.6,27955.0,77359.1174
9108,S7_mixed_disruption,A_static_planned,0,618,2210.642,750.9812,29.6868,780.668,10.3,999.0,139.0,289.0,2.7013,value,2089.0676,79.442,30555.3462,1771.6,6950.0,39276.9462
9108,S7_mixed_disruption,A_static_planned,0,618,2210.642,750.9812,29.6868,780.668,10.3,999.0,139.0,289.0,2.7013,low,1943.0827,73.8905,25762.0446,515.0,6950.0,33227.0446
9108,S7_mixed_disruption,A_static_planned,0,618,2210.642,750.9812,29.6868,780.668,10.3,999.0,139.0,289.0,2.7013,high,2124.1977,80.7779,32397.7227,1771.6,6950.0,41119.3227
9108,S7_mixed_disruption,B_dynamic,0,476,2210.642,748.0459,22.3922,770.438,7.9333,803.0,111.75,289.0,2.6659,value,2061.6922,59.9214,30154.9448,1364.5333,5587.5,37106.9781
9108,S7_mixed_disruption,B_dynamic,0,476,2210.642,748.0459,22.3922,770.438,7.9333,803.0,111.75,289.0,2.6659,low,1917.6203,55.7341,25424.4553,396.6667,5587.5,31408.6219
9108,S7_mixed_disruption,B_dynamic,0,476,2210.642,748.0459,22.3922,770.438,7.9333,803.0,111.75,289.0,2.6659,high,2096.3619,60.9291,31973.1786,1364.5333,5587.5,38925.2119
9108,S7_mixed_disruption,C_ai_rolling,0,162,2210.642,748.975,7.9313,756.9063,2.7,807.0,110.4667,289.0,2.6191,value,2025.4813,21.2242,29625.3129,464.4,5523.3333,35613.0463
9108,S7_mixed_disruption,C_ai_rolling,0,162,2210.642,748.975,7.9313,756.9063,2.7,807.0,110.4667,289.0,2.6191,low,1883.9398,19.7411,24977.9082,135.0,5523.3333,30636.2415
9108,S7_mixed_disruption,C_ai_rolling,0,162,2210.642,748.975,7.9313,756.9063,2.7,807.0,110.4667,289.0,2.6191,high,2059.5421,21.5812,31411.6118,464.4,5523.3333,37399.3451
9108,S7_mixed_disruption,B_dynamic_buffered,0,548,2210.642,747.9873,25.583,773.5703,9.1333,684.0,98.5833,289.0,2.6767,value,2070.0741,68.4601,30277.5416,1570.9333,4929.1667,36777.6416
9108,S7_mixed_disruption,B_dynamic_buffered,0,548,2210.642,747.9873,25.583,773.5703,9.1333,684.0,98.5833,289.0,2.6767,low,1925.4165,63.6761,25527.8199,456.6667,4929.1667,30913.6533
9108,S7_mixed_disruption,B_dynamic_buffered,0,548,2210.642,747.9873,25.583,773.5703,9.1333,684.0,98.5833,289.0,2.6767,high,2104.8848,69.6113,32103.1675,1570.9333,4929.1667,38603.2675
9108,S7_mixed_disruption,C_ai_rolling_buffered,0,370,2210.642,747.9065,17.9735,765.88,6.1667,579.0,78.1,289.0,2.6501,value,2049.4948,48.0971,29976.5417,1060.6667,3905.0,34942.2084
9108,S7_mixed_disruption,C_ai_rolling_buffered,0,370,2210.642,747.9065,17.9735,765.88,6.1667,579.0,78.1,289.0,2.6501,low,1906.2752,44.736,25274.0388,308.3333,3905.0,29487.3721
9108,S7_mixed_disruption,C_ai_rolling_buffered,0,370,2210.642,747.9065,17.9735,765.88,6.1667,579.0,78.1,289.0,2.6501,high,2083.9594,48.9059,31784.0184,1060.6667,3905.0,36749.6851
9108,S8_ai_prediction_error,A_static_planned,0,578,2210.642,747.6511,27.0355,774.6866,9.6333,568.0,81.4,289.0,2.6806,value,2073.0613,72.347,30321.2326,1656.9333,4070.0,36048.166
9108,S8_ai_prediction_error,A_static_planned,0,578,2210.642,747.6511,27.0355,774.6866,9.6333,568.0,81.4,289.0,2.6806,low,1928.1949,67.2914,25564.6571,481.6667,4070.0,30116.3237
9108,S8_ai_prediction_error,A_static_planned,0,578,2210.642,747.6511,27.0355,774.6866,9.6333,568.0,81.4,289.0,2.6806,high,2107.9222,73.5636,32149.493,1656.9333,4070.0,37876.4263
9108,S8_ai_prediction_error,B_dynamic,0,297,2210.642,747.8908,13.8063,761.6972,4.95,659.0,94.5833,289.0,2.6356,value,2038.3016,36.9457,29812.8267,851.4,4729.1667,35393.3934
9108,S8_ai_prediction_error,B_dynamic,0,297,2210.642,747.8908,13.8063,761.6972,4.95,659.0,94.5833,289.0,2.6356,low,1895.8642,34.364,25136.0062,247.5,4729.1667,30112.6728
9108,S8_ai_prediction_error,B_dynamic,0,297,2210.642,747.8908,13.8063,761.6972,4.95,659.0,94.5833,289.0,2.6356,high,2072.578,37.567,31610.432,851.4,4729.1667,37190.9987
9108,S8_ai_prediction_error,C_ai_rolling,0,248,2210.642,746.9602,12.5257,759.4859,4.1333,631.0,86.4333,289.0,2.628,value,2032.3843,33.5187,29726.2786,710.9333,4321.6667,34758.8786
9108,S8_ai_prediction_error,C_ai_rolling,0,248,2210.642,746.9602,12.5257,759.4859,4.1333,631.0,86.4333,289.0,2.628,low,1890.3604,31.1764,25063.0351,206.6667,4321.6667,29591.3684
9108,S8_ai_prediction_error,C_ai_rolling,0,248,2210.642,746.9602,12.5257,759.4859,4.1333,631.0,86.4333,289.0,2.628,high,2066.5612,34.0823,31518.6653,710.9333,4321.6667,36551.2653
9108,S8_ai_prediction_error,B_dynamic_buffered,0,347,2210.642,745.3363,16.7057,762.042,5.7833,525.0,75.6,289.0,2.6368,value,2039.2244,44.7044,29826.324,994.7333,3780.0,34601.0573
9108,S8_ai_prediction_error,B_dynamic_buffered,0,347,2210.642,745.3363,16.7057,762.042,5.7833,525.0,75.6,289.0,2.6368,low,1896.7225,41.5804,25147.3861,289.1667,3780.0,29216.5527
9108,S8_ai_prediction_error,B_dynamic_buffered,0,347,2210.642,745.3363,16.7057,762.042,5.7833,525.0,75.6,289.0,2.6368,high,2073.5163,45.4561,31624.7431,994.7333,3780.0,36399.4764
9108,S8_ai_prediction_error,C_ai_rolling_buffered,0,400,2210.642,747.2394,19.7775,767.0169,6.6667,507.0,71.0,289.0,2.654,value,2052.5372,52.9246,30021.0414,1146.6667,3550.0,34717.7081
9108,S8_ai_prediction_error,C_ai_rolling_buffered,0,400,2210.642,747.2394,19.7775,767.0169,6.6667,507.0,71.0,289.0,2.654,low,1909.1051,49.2262,25311.5577,333.3333,3550.0,29194.891
9108,S8_ai_prediction_error,C_ai_rolling_buffered,0,400,2210.642,747.2394,19.7775,767.0169,6.6667,507.0,71.0,289.0,2.654,high,2087.053,53.8146,31831.2013,1146.6667,3550.0,36527.868
9109,S0_normal,A_static_planned,0,337,2281.146,772.9835,16.9393,789.9228,5.6167,843.0,123.9167,314.5,2.5117,value,2113.8335,45.3297,30917.5794,966.0667,6195.8333,38079.4794
9109,S0_normal,A_static_planned,0,337,2281.146,772.9835,16.9393,789.9228,5.6167,843.0,123.9167,314.5,2.5117,low,1966.1179,42.162,26067.4532,280.8333,6195.8333,32544.1199
9109,S0_normal,A_static_planned,0,337,2281.146,772.9835,16.9393,789.9228,5.6167,843.0,123.9167,314.5,2.5117,high,2149.38,46.0919,32781.7972,966.0667,6195.8333,39943.6972
9109,S0_normal,B_dynamic,0,248,2281.146,771.2153,11.975,783.1903,4.1333,1305.0,189.1,314.5,2.4903,value,2095.8173,32.0451,30654.0694,710.9333,9455.0,40820.0027
9109,S0_normal,B_dynamic,0,248,2281.146,771.2153,11.975,783.1903,4.1333,1305.0,189.1,314.5,2.4903,low,1949.3607,29.8058,25845.2808,206.6667,9455.0,35506.9474
9109,S0_normal,B_dynamic,0,248,2281.146,771.2153,11.975,783.1903,4.1333,1305.0,189.1,314.5,2.4903,high,2131.0609,32.584,32502.3986,710.9333,9455.0,42668.3319
9109,S0_normal,C_ai_rolling,0,75,2281.146,770.3152,3.649,773.9642,1.25,1163.0,163.9333,314.5,2.4609,value,2071.1282,9.7647,30292.9594,215.0,8196.6667,38704.626
9109,S0_normal,C_ai_rolling,0,75,2281.146,770.3152,3.649,773.9642,1.25,1163.0,163.9333,314.5,2.4609,low,1926.3969,9.0824,25540.8191,62.5,8196.6667,33799.9857
9109,S0_normal,C_ai_rolling,0,75,2281.146,770.3152,3.649,773.9642,1.25,1163.0,163.9333,314.5,2.4609,high,2105.9566,9.9289,32119.5149,215.0,8196.6667,40531.1816
9109,S0_normal,B_dynamic_buffered,0,352,2281.146,773.5468,17.5928,791.1397,5.8667,1197.0,177.4,314.5,2.5155,value,2117.0897,47.0784,30965.2064,1009.0667,8870.0,40844.2731
9109,S0_normal,B_dynamic_buffered,0,352,2281.146,773.5468,17.5928,791.1397,5.8667,1197.0,177.4,314.5,2.5155,low,1969.1466,43.7886,26107.6089,293.3333,8870.0,35270.9422
9109,S0_normal,B_dynamic_buffered,0,352,2281.146,773.5468,17.5928,791.1397,5.8667,1197.0,177.4,314.5,2.5155,high,2152.691,47.8701,32832.2961,1009.0667,8870.0,42711.3627
9109,S0_normal,C_ai_rolling_buffered,0,179,2281.146,768.466,8.7287,777.1947,2.9833,764.0,110.85,314.5,2.4712,value,2079.773,23.3579,30419.4005,513.1333,5542.5,36475.0339
9109,S0_normal,C_ai_rolling_buffered,0,179,2281.146,768.466,8.7287,777.1947,2.9833,764.0,110.85,314.5,2.4712,low,1934.4376,21.7257,25647.4251,149.1667,5542.5,31339.0917
9109,S0_normal,C_ai_rolling_buffered,0,179,2281.146,768.466,8.7287,777.1947,2.9833,764.0,110.85,314.5,2.4712,high,2114.7468,23.7507,32253.58,513.1333,5542.5,38309.2133
9109,S1_light_traffic,A_static_planned,0,476,2281.146,768.7624,23.2135,791.9759,7.9333,679.0,99.9833,314.5,2.5182,value,2119.3275,62.1193,30997.9372,1364.5333,4999.1667,37361.6372
9109,S1_light_traffic,A_static_planned,0,476,2281.146,768.7624,23.2135,791.9759,7.9333,679.0,99.9833,314.5,2.5182,low,1971.228,57.7784,26135.2051,396.6667,4999.1667,31531.0384
9109,S1_light_traffic,A_static_planned,0,476,2281.146,768.7624,23.2135,791.9759,7.9333,679.0,99.9833,314.5,2.5182,high,2154.9665,63.1639,32867.0004,1364.5333,4999.1667,39230.7004
9109,S1_light_traffic,B_dynamic,0,263,2281.146,771.1647,12.8703,784.035,4.3833,984.0,144.45,314.5,2.493,value,2098.0777,34.441,30687.1309,753.9333,7222.5,38663.5642
9109,S1_light_traffic,B_dynamic,0,263,2281.146,771.1647,12.8703,784.035,4.3833,984.0,144.45,314.5,2.493,low,1951.4632,32.0343,25873.1558,219.1667,7222.5,33314.8225
9109,S1_light_traffic,B_dynamic,0,263,2281.146,771.1647,12.8703,784.035,4.3833,984.0,144.45,314.5,2.493,high,2133.3593,35.0202,32537.4535,753.9333,7222.5,40513.8869
9109,S1_light_traffic,C_ai_rolling,0,74,2281.146,769.5224,3.5023,773.0248,1.2333,905.0,126.7333,314.5,2.4579,value,2068.6142,9.3722,30256.189,212.1333,6336.6667,36804.989
9109,S1_light_traffic,C_ai_rolling,0,74,2281.146,769.5224,3.5023,773.0248,1.2333,905.0,126.7333,314.5,2.4579,low,1924.0586,8.7173,25509.817,61.6667,6336.6667,31908.1503
9109,S1_light_traffic,C_ai_rolling,0,74,2281.146,769.5224,3.5023,773.0248,1.2333,905.0,126.7333,314.5,2.4579,high,2103.4004,9.5298,32080.5274,212.1333,6336.6667,38629.3274
9109,S1_light_traffic,B_dynamic_buffered,0,403,2281.146,770.5401,20.1593,790.6995,6.7167,873.0,130.9,314.5,2.5141,value,2115.9118,53.9464,30947.9777,1155.2667,6545.0,38648.2444
9109,S1_light_traffic,B_dynamic_buffered,0,403,2281.146,770.5401,20.1593,790.6995,6.7167,873.0,130.9,314.5,2.5141,low,1968.051,50.1766,26093.0829,335.8333,6545.0,32973.9162
9109,S1_light_traffic,B_dynamic_buffered,0,403,2281.146,770.5401,20.1593,790.6995,6.7167,873.0,130.9,314.5,2.5141,high,2151.4933,54.8535,32814.0285,1155.2667,6545.0,40514.2952
9109,S1_light_traffic,C_ai_rolling_buffered,0,211,2281.146,772.3891,10.2678,782.6569,3.5167,576.0,84.7167,314.5,2.4886,value,2094.3899,27.4767,30633.192,604.8667,4235.8333,35473.892
9109,S1_light_traffic,C_ai_rolling_buffered,0,211,2281.146,772.3891,10.2678,782.6569,3.5167,576.0,84.7167,314.5,2.4886,low,1948.0331,25.5566,25827.6785,175.8333,4235.8333,30239.3452
9109,S1_light_traffic,C_ai_rolling_buffered,0,211,2281.146,772.3891,10.2678,782.6569,3.5167,576.0,84.7167,314.5,2.4886,high,2129.6095,27.9388,32480.2624,604.8667,4235.8333,37320.9624
9109,S2_peak_traffic,A_static_planned,0,169,2281.146,771.1617,8.4168,779.5785,2.8167,1506.0,218.9833,314.5,2.4788,value,2086.1521,22.5234,30512.7031,484.4667,10949.1667,41946.3364
9109,S2_peak_traffic,A_static_planned,0,169,2281.146,771.1617,8.4168,779.5785,2.8167,1506.0,218.9833,314.5,2.4788,low,1940.3709,20.9495,25726.091,140.8333,10949.1667,36816.091
9109,S2_peak_traffic,A_static_planned,0,169,2281.146,771.1617,8.4168,779.5785,2.8167,1506.0,218.9833,314.5,2.4788,high,2121.2331,22.9022,32352.5084,484.4667,10949.1667,43786.1417
9109,S2_peak_traffic,B_dynamic,0,210,2281.146,770.6342,10.6507,781.2848,3.5,1850.0,269.1333,314.5,2.4842,value,2090.7182,28.5012,30579.4879,602.0,13456.6667,44638.1546
9109,S2_peak_traffic,B_dynamic,0,210,2281.146,770.6342,10.6507,781.2848,3.5,1850.0,269.1333,314.5,2.4842,low,1944.6179,26.5095,25782.3991,175.0,13456.6667,39414.0658
9109,S2_peak_traffic,B_dynamic,0,210,2281.146,770.6342,10.6507,781.2848,3.5,1850.0,269.1333,314.5,2.4842,high,2125.876,28.9805,32423.3201,602.0,13456.6667,46481.9868
9109,S2_peak_traffic,C_ai_rolling,0,60,2281.146,768.7832,2.746,771.5292,1.0,1738.0,247.2,314.5,2.4532,value,2064.6121,7.3483,30197.6522,172.0,12360.0,42729.6522
9109,S2_peak_traffic,C_ai_rolling,0,60,2281.146,768.7832,2.746,771.5292,1.0,1738.0,247.2,314.5,2.4532,low,1920.3361,6.8348,25460.463,50.0,12360.0,37870.463
9109,S2_peak_traffic,C_ai_rolling,0,60,2281.146,768.7832,2.746,771.5292,1.0,1738.0,247.2,314.5,2.4532,high,2099.3309,7.4719,32018.4611,172.0,12360.0,44550.4611
9109,S2_peak_traffic,B_dynamic_buffered,0,273,2281.146,771.2964,14.0232,785.3195,4.55,1820.0,272.4333,314.5,2.497,value,2101.515,37.526,30737.4061,782.6,13621.6667,45141.6728
9109,S2_peak_traffic,B_dynamic_buffered,0,273,2281.146,771.2964,14.0232,785.3195,4.55,1820.0,272.4333,314.5,2.497,low,1954.6603,34.9037,25915.5442,227.5,13621.6667,39764.7109
9109,S2_peak_traffic,B_dynamic_buffered,0,273,2281.146,771.2964,14.0232,785.3195,4.55,1820.0,272.4333,314.5,2.497,high,2136.8544,38.157,32590.7602,782.6,13621.6667,46995.0269
9109,S2_peak_traffic,C_ai_rolling_buffered,0,148,2281.146,768.3444,7.1592,775.5036,2.4667,1395.0,205.2,314.5,2.4658,value,2075.2475,19.1579,30353.2096,424.2667,10260.0,41037.4762
9109,S2_peak_traffic,C_ai_rolling_buffered,0,148,2281.146,768.3444,7.1592,775.5036,2.4667,1395.0,205.2,314.5,2.4658,low,1930.2284,17.8192,25591.6177,123.3333,10260.0,35974.951
9109,S2_peak_traffic,C_ai_rolling_buffered,0,148,2281.146,768.3444,7.1592,775.5036,2.4667,1395.0,205.2,314.5,2.4658,high,2110.1452,19.4801,32183.398,424.2667,10260.0,42867.6646
9109,S3_site_delay,A_static_planned,0,362,2281.146,769.3794,18.6518,788.0313,6.0333,870.0,127.9,314.5,2.5057,value,2108.7716,49.9123,30843.5433,1037.7333,6395.0,38276.2766
9109,S3_site_delay,A_static_planned,0,362,2281.146,769.3794,18.6518,788.0313,6.0333,870.0,127.9,314.5,2.5057,low,1961.4098,46.4244,26005.0314,301.6667,6395.0,32701.6981
9109,S3_site_delay,A_static_planned,0,362,2281.146,769.3794,18.6518,788.0313,6.0333,870.0,127.9,314.5,2.5057,high,2144.233,50.7516,32703.2971,1037.7333,6395.0,40136.0304
9109,S3_site_delay,B_dynamic,0,258,2281.146,768.9618,12.5437,781.5055,4.3,1250.0,183.4667,314.5,2.4849,value,2091.3087,33.5669,30588.1247,739.6,9173.3333,40501.0581
9109,S3_site_delay,B_dynamic,0,258,2281.146,768.9618,12.5437,781.5055,4.3,1250.0,183.4667,314.5,2.4849,low,1945.1672,31.2212,25789.681,215.0,9173.3333,35178.0144
9109,S3_site_delay,B_dynamic,0,258,2281.146,768.9618,12.5437,781.5055,4.3,1250.0,183.4667,314.5,2.4849,high,2126.4764,34.1313,32432.4777,739.6,9173.3333,42345.411
9109,S3_site_delay,C_ai_rolling,0,61,2281.146,771.7585,2.953,774.7115,1.0167,1244.0,177.4667,314.5,2.4633,value,2073.1279,7.9022,30322.2064,174.8667,8873.3333,39370.4064
9109,S3_site_delay,C_ai_rolling,0,61,2281.146,771.7585,2.953,774.7115,1.0167,1244.0,177.4667,314.5,2.4633,low,1928.2568,7.35,25565.4781,50.8333,8873.3333,34489.6447
9109,S3_site_delay,C_ai_rolling,0,61,2281.146,771.7585,2.953,774.7115,1.0167,1244.0,177.4667,314.5,2.4633,high,2107.9899,8.0351,32150.5254,174.8667,8873.3333,41198.7254
9109,S3_site_delay,B_dynamic_buffered,0,331,2281.146,771.2061,16.1198,787.326,5.5167,1110.0,164.95,314.5,2.5034,value,2106.8843,43.1367,30815.9379,948.8667,8247.5,40012.3046
9109,S3_site_delay,B_dynamic_buffered,0,331,2281.146,771.2061,16.1198,787.326,5.5167,1110.0,164.95,314.5,2.5034,low,1959.6543,40.1223,25981.7566,275.8333,8247.5,34505.0899
9109,S3_site_delay,B_dynamic_buffered,0,331,2281.146,771.2061,16.1198,787.326,5.5167,1110.0,164.95,314.5,2.5034,high,2142.3139,43.8621,32674.0272,948.8667,8247.5,41870.3939
9109,S3_site_delay,C_ai_rolling_buffered,0,215,2281.146,772.0239,10.3845,782.4084,3.5833,935.0,135.7667,314.5,2.4878,value,2093.7248,27.7889,30623.4641,616.3333,6788.3333,38028.1308
9109,S3_site_delay,C_ai_rolling_buffered,0,215,2281.146,772.0239,10.3845,782.4084,3.5833,935.0,135.7667,314.5,2.4878,low,1947.4145,25.847,25819.4766,179.1667,6788.3333,32786.9766
9109,S3_site_delay,C_ai_rolling_buffered,0,215,2281.146,772.0239,10.3845,782.4084,3.5833,935.0,135.7667,314.5,2.4878,high,2128.9332,28.2562,32469.9479,616.3333,6788.3333,39874.6146
9109,S4_multi_site_delay,A_static_planned,0,522,2281.146,770.0505,25.4045,795.455,8.7,997.0,147.1667,314.5,2.5293,value,2128.6376,67.9824,31134.1087,1496.4,7358.3333,39988.8421
9109,S4_multi_site_delay,A_static_planned,0,522,2281.146,770.0505,25.4045,795.455,8.7,997.0,147.1667,314.5,2.5293,low,1979.8875,63.2318,26250.015,435.0,7358.3333,34043.3484
9109,S4_multi_site_delay,A_static_planned,0,522,2281.146,770.0505,25.4045,795.455,8.7,997.0,147.1667,314.5,2.5293,high,2164.4331,69.1256,33011.3825,1496.4,7358.3333,41866.1159
9109,S4_multi_site_delay,B_dynamic,0,331,2281.146,770.5861,16.8765,787.4626,5.5167,1326.0,192.5167,314.5,2.5039,value,2107.2499,45.1615,30821.2853,948.8667,9625.8333,41395.9853
9109,S4_multi_site_delay,B_dynamic,0,331,2281.146,770.5861,16.8765,787.4626,5.5167,1326.0,192.5167,314.5,2.5039,low,1959.9944,42.0056,25986.265,275.8333,9625.8333,35887.9317
9109,S4_multi_site_delay,B_dynamic,0,331,2281.146,770.5861,16.8765,787.4626,5.5167,1326.0,192.5167,314.5,2.5039,high,2142.6857,45.921,32679.6969,948.8667,9625.8333,43254.3969
9109,S4_multi_site_delay,C_ai_rolling,0,74,2281.146,770.0633,3.6667,773.7299,1.2333,1561.0,223.5667,314.5,2.4602,value,2070.5013,9.812,30283.789,212.1333,11178.3333,41674.2556
9109,S4_multi_site_delay,C_ai_rolling,0,74,2281.146,770.0633,3.6667,773.7299,1.2333,1561.0,223.5667,314.5,2.4602,low,1925.8138,9.1263,25533.0873,61.6667,11178.3333,36773.0873
9109,S4_multi_site_delay,C_ai_rolling,0,74,2281.146,770.0633,3.6667,773.7299,1.2333,1561.0,223.5667,314.5,2.4602,high,2105.3191,9.977,32109.7916,212.1333,11178.3333,43500.2582
9109,S4_multi_site_delay,B_dynamic_buffered,0,398,2281.146,771.4731,19.5005,790.9736,6.6333,1368.0,203.6833,314.5,2.515,value,2116.6453,52.1833,30958.7055,1140.9333,10184.1667,42283.8055
9109,S4_multi_site_delay,B_dynamic_buffered,0,398,2281.146,771.4731,19.5005,790.9736,6.6333,1368.0,203.6833,314.5,2.515,low,1968.7332,48.5367,26102.1278,331.6667,10184.1667,36617.9611
9109,S4_multi_site_delay,B_dynamic_buffered,0,398,2281.146,771.4731,19.5005,790.9736,6.6333,1368.0,203.6833,314.5,2.515,high,2152.2391,53.0609,32825.4032,1140.9333,10184.1667,44150.5032
9109,S4_multi_site_delay,C_ai_rolling_buffered,0,240,2281.146,770.5371,12.4748,783.012,4.0,1132.0,164.6,314.5,2.4897,value,2095.3401,33.3827,30647.089,688.0,8230.0,39565.089
9109,S4_multi_site_delay,C_ai_rolling_buffered,0,240,2281.146,770.5371,12.4748,783.012,4.0,1132.0,164.6,314.5,2.4897,low,1948.9168,31.0499,25839.3954,200.0,8230.0,34269.3954
9109,S4_multi_site_delay,C_ai_rolling_buffered,0,240,2281.146,770.5371,12.4748,783.012,4.0,1132.0,164.6,314.5,2.4897,high,2130.5756,33.944,32494.9972,688.0,8230.0,41412.9972
9109,S5_pump_failure,A_static_planned,0,433,2281.146,774.5101,21.6882,796.1983,7.2167,971.0,143.05,314.5,2.5316,value,2130.6267,58.0375,31163.2017,1241.2667,7152.5,39556.9683
9109,S5_pump_failure,A_static_planned,0,433,2281.146,774.5101,21.6882,796.1983,7.2167,971.0,143.05,314.5,2.5316,low,1981.7376,53.9818,26274.5441,360.8333,7152.5,33787.8774
9109,S5_pump_failure,A_static_planned,0,433,2281.146,774.5101,21.6882,796.1983,7.2167,971.0,143.05,314.5,2.5316,high,2166.4556,59.0135,33042.2297,1241.2667,7152.5,41435.9963
9109,S5_pump_failure,B_dynamic,0,210,2281.146,770.8101,10.8687,781.6787,3.5,1372.0,200.2833,314.5,2.4855,value,2091.7723,29.0846,30594.9051,602.0,10014.1667,41211.0717
9109,S5_pump_failure,B_dynamic,0,210,2281.146,770.8101,10.8687,781.6787,3.5,1372.0,200.2833,314.5,2.4855,low,1945.5983,27.0521,25795.3977,175.0,10014.1667,35984.5644
9109,S5_pump_failure,B_dynamic,0,210,2281.146,770.8101,10.8687,781.6787,3.5,1372.0,200.2833,314.5,2.4855,high,2126.9478,29.5736,32439.6668,602.0,10014.1667,43055.8335
9109,S5_pump_failure,C_ai_rolling,0,89,2281.146,770.6914,4.4103,775.1017,1.4833,1305.0,184.45,314.5,2.4646,value,2074.1722,11.8021,30337.4808,255.1333,9222.5,39815.1142
9109,S5_pump_failure,C_ai_rolling,0,89,2281.146,770.6914,4.4103,775.1017,1.4833,1305.0,184.45,314.5,2.4646,low,1929.2281,10.9773,25578.3563,74.1667,9222.5,34875.023
9109,S5_pump_failure,C_ai_rolling,0,89,2281.146,770.6914,4.4103,775.1017,1.4833,1305.0,184.45,314.5,2.4646,high,2109.0517,12.0005,32166.7209,255.1333,9222.5,41644.3542
9109,S5_pump_failure,B_dynamic_buffered,0,316,2281.146,772.7708,16.2283,788.9992,5.2667,1233.0,181.4667,314.5,2.5087,value,2111.3618,43.427,30881.4275,905.8667,9073.3333,40860.6275
9109,S5_pump_failure,B_dynamic_buffered,0,316,2281.146,772.7708,16.2283,788.9992,5.2667,1233.0,181.4667,314.5,2.5087,low,1963.8189,40.3923,26036.9726,263.3333,9073.3333,35373.6393
9109,S5_pump_failure,B_dynamic_buffered,0,316,2281.146,772.7708,16.2283,788.9992,5.2667,1233.0,181.4667,314.5,2.5087,high,2146.8667,44.1573,32743.4656,905.8667,9073.3333,42722.6656
9109,S5_pump_failure,C_ai_rolling_buffered,0,139,2281.146,771.8681,6.7652,778.6333,2.3167,983.0,142.9333,314.5,2.4758,value,2083.6226,18.1036,30475.7059,398.4667,7146.6667,38020.8392
9109,S5_pump_failure,C_ai_rolling_buffered,0,139,2281.146,771.8681,6.7652,778.6333,2.3167,983.0,142.9333,314.5,2.4758,low,1938.0182,16.8385,25694.8977,115.8333,7146.6667,32957.3977
9109,S5_pump_failure,C_ai_rolling_buffered,0,139,2281.146,771.8681,6.7652,778.6333,2.3167,983.0,142.9333,314.5,2.4758,high,2118.6611,18.408,32313.2804,398.4667,7146.6667,39858.4137
9109,S6_high_demand,A_static_planned,12,221,3267.948,1104.9425,10.6403,1115.5828,3.6833,4372.0,618.9667,467.0,2.3888,value,2985.2997,28.4735,43663.9126,633.5333,30948.3333,75245.7792
9109,S6_high_demand,A_static_planned,12,221,3267.948,1104.9425,10.6403,1115.5828,3.6833,4372.0,618.9667,467.0,2.3888,low,2776.6857,26.4838,36814.2339,184.1667,30948.3333,67946.7339
9109,S6_high_demand,A_static_planned,12,221,3267.948,1104.9425,10.6403,1115.5828,3.6833,4372.0,618.9667,467.0,2.3888,high,3035.5009,28.9523,46296.6881,633.5333,30948.3333,77878.5548
9109,S6_high_demand,B_dynamic,15,173,3181.124,1078.1373,8.5433,1086.6806,2.8833,4848.0,681.9333,453.75,2.3949,value,2907.9574,22.862,42532.6797,495.9333,34096.6667,77125.2797
9109,S6_high_demand,B_dynamic,15,173,3181.124,1078.1373,8.5433,1086.6806,2.8833,4848.0,681.9333,453.75,2.3949,low,2704.7481,21.2644,35860.4606,144.1667,34096.6667,70101.2939
9109,S6_high_demand,B_dynamic,15,173,3181.124,1078.1373,8.5433,1086.6806,2.8833,4848.0,681.9333,453.75,2.3949,high,2956.858,23.2464,45097.2459,495.9333,34096.6667,79689.8459
9109,S6_high_demand,C_ai_rolling,15,82,3159.294,1069.4586,3.852,1073.3106,1.3667,4211.0,594.6167,452.5,2.372,value,2872.1791,10.308,42009.3756,235.0667,29730.8333,71975.2756
9109,S6_high_demand,C_ai_rolling,15,82,3159.294,1069.4586,3.852,1073.3106,1.3667,4211.0,594.6167,452.5,2.372,low,2671.47,9.5876,35419.2487,68.3333,29730.8333,65218.4154
9109,S6_high_demand,C_ai_rolling,15,82,3159.294,1069.4586,3.852,1073.3106,1.3667,4211.0,594.6167,452.5,2.372,high,2920.4781,10.4813,44542.3885,235.0667,29730.8333,74508.2885
9109,S6_high_demand,B_dynamic_buffered,15,225,3148.994,1064.34,10.6573,1074.9973,3.75,4967.0,705.8,452.0,2.3783,value,2876.6929,28.519,42075.3956,645.0,35290.0,78010.3956
9109,S6_high_demand,B_dynamic_buffered,15,225,3148.994,1064.34,10.6573,1074.9973,3.75,4967.0,705.8,452.0,2.3783,low,2675.6684,26.5261,35474.912,187.5,35290.0,70952.412
9109,S6_high_demand,B_dynamic_buffered,15,225,3148.994,1064.34,10.6573,1074.9973,3.75,4967.0,705.8,452.0,2.3783,high,2925.0677,28.9986,44612.3893,645.0,35290.0,80547.3893
9109,S6_high_demand,C_ai_rolling_buffered,13,149,3225.642,1090.8494,7.7568,1098.6063,2.4833,4403.0,610.1667,464.5,2.3651,value,2939.8704,20.7573,42999.4495,427.1333,30508.3333,73934.9162
9109,S6_high_demand,C_ai_rolling_buffered,13,149,3225.642,1090.8494,7.7568,1098.6063,2.4833,4403.0,610.1667,464.5,2.3651,low,2734.431,19.3068,36254.007,124.1667,30508.3333,66886.507
9109,S6_high_demand,C_ai_rolling_buffered,13,149,3225.642,1090.8494,7.7568,1098.6063,2.4833,4403.0,610.1667,464.5,2.3651,high,2989.3077,21.1063,45592.1604,427.1333,30508.3333,76527.627
9109,S7_mixed_disruption,A_static_planned,0,601,2281.146,764.5311,29.6032,794.1343,10.0167,2194.0,313.7667,314.5,2.5251,value,2125.1034,79.2181,31082.4169,1722.8667,15688.3333,48493.6169
9109,S7_mixed_disruption,A_static_planned,0,601,2281.146,764.5311,29.6032,794.1343,10.0167,2194.0,313.7667,314.5,2.5251,low,1976.6003,73.6823,26206.4322,500.8333,15688.3333,42395.5989
9109,S7_mixed_disruption,A_static_planned,0,601,2281.146,764.5311,29.6032,794.1343,10.0167,2194.0,313.7667,314.5,2.5251,high,2160.8395,80.5502,32956.5739,1722.8667,15688.3333,50367.7739
9109,S7_mixed_disruption,B_dynamic,0,428,2281.146,765.7853,21.1558,786.9411,7.1333,2532.0,368.8167,314.5,2.5022,value,2105.8544,56.613,30800.8755,1226.9333,18440.8333,50468.6421
9109,S7_mixed_disruption,B_dynamic,0,428,2281.146,765.7853,21.1558,786.9411,7.1333,2532.0,368.8167,314.5,2.5022,low,1958.6964,52.6569,25969.057,356.6667,18440.8333,44766.557
9109,S7_mixed_disruption,B_dynamic,0,428,2281.146,765.7853,21.1558,786.9411,7.1333,2532.0,368.8167,314.5,2.5022,high,2141.2668,57.565,32658.0565,1226.9333,18440.8333,52325.8232
9109,S7_mixed_disruption,C_ai_rolling,0,158,2281.146,766.7902,7.8535,774.6437,2.6333,2306.0,335.65,314.5,2.4631,value,2072.9465,21.016,30319.5545,452.9333,16782.5,47554.9879
9109,S7_mixed_disruption,C_ai_rolling,0,158,2281.146,766.7902,7.8535,774.6437,2.6333,2306.0,335.65,314.5,2.4631,low,1928.0882,19.5474,25563.2422,131.6667,16782.5,42477.4089
9109,S7_mixed_disruption,C_ai_rolling,0,158,2281.146,766.7902,7.8535,774.6437,2.6333,2306.0,335.65,314.5,2.4631,high,2107.8055,21.3694,32147.7137,452.9333,16782.5,49383.147
9109,S7_mixed_disruption,B_dynamic_buffered,0,506,2281.146,765.8258,25.2722,791.098,8.4333,2540.0,374.4167,314.5,2.5154,value,2116.9781,67.6283,30963.5738,1450.5333,18720.8333,51134.9405
9109,S7_mixed_disruption,B_dynamic_buffered,0,506,2281.146,765.8258,25.2722,791.098,8.4333,2540.0,374.4167,314.5,2.5154,low,1969.0428,62.9024,26106.2324,421.6667,18720.8333,45248.7324
9109,S7_mixed_disruption,B_dynamic_buffered,0,506,2281.146,765.8258,25.2722,791.098,8.4333,2540.0,374.4167,314.5,2.5154,high,2152.5775,68.7656,32830.565,1450.5333,18720.8333,53001.9316
9109,S7_mixed_disruption,C_ai_rolling_buffered,0,319,2281.146,765.2568,15.64,780.8968,5.3167,2228.0,321.9333,314.5,2.483,value,2089.6799,41.8526,30564.3016,914.4667,16096.6667,47575.4349
9109,S7_mixed_disruption,C_ai_rolling_buffered,0,319,2281.146,765.2568,15.64,780.8968,5.3167,2228.0,321.9333,314.5,2.483,low,1943.6522,38.928,25769.5951,265.8333,16096.6667,42132.0951
9109,S7_mixed_disruption,C_ai_rolling_buffered,0,319,2281.146,765.2568,15.64,780.8968,5.3167,2228.0,321.9333,314.5,2.483,high,2124.8202,42.5564,32407.2181,914.4667,16096.6667,49418.3514
9109,S8_ai_prediction_error,A_static_planned,0,447,2281.146,768.643,21.9762,790.6192,7.45,1031.0,150.7667,314.5,2.5139,value,2115.6968,58.8082,30944.8335,1281.4,7538.3333,39764.5669
9109,S8_ai_prediction_error,A_static_planned,0,447,2281.146,768.643,21.9762,790.6192,7.45,1031.0,150.7667,314.5,2.5139,low,1967.8511,54.6987,26090.432,372.5,7538.3333,34001.2653
9109,S8_ai_prediction_error,A_static_planned,0,447,2281.146,768.643,21.9762,790.6192,7.45,1031.0,150.7667,314.5,2.5139,high,2151.2747,59.7971,32810.6947,1281.4,7538.3333,41630.4281
9109,S8_ai_prediction_error,B_dynamic,0,217,2281.146,772.0926,11.303,783.3956,3.6167,1642.0,240.85,314.5,2.4909,value,2096.3666,30.2468,30662.104,622.0667,12042.5,43326.6707
9109,S8_ai_prediction_error,B_dynamic,0,217,2281.146,772.0926,11.303,783.3956,3.6167,1642.0,240.85,314.5,2.4909,low,1949.8717,28.1332,25852.055,180.8333,12042.5,38075.3883
9109,S8_ai_prediction_error,B_dynamic,0,217,2281.146,772.0926,11.303,783.3956,3.6167,1642.0,240.85,314.5,2.4909,high,2131.6194,30.7555,32510.9177,622.0667,12042.5,45175.4843
9109,S8_ai_prediction_error,C_ai_rolling,0,62,2281.146,770.6892,3.1035,773.7927,1.0333,1485.0,211.8,314.5,2.4604,value,2070.6693,8.305,30286.247,177.7333,10590.0,41053.9803
9109,S8_ai_prediction_error,C_ai_rolling,0,62,2281.146,770.6892,3.1035,773.7927,1.0333,1485.0,211.8,314.5,2.4604,low,1925.9701,7.7246,25535.1597,51.6667,10590.0,36176.8264
9109,S8_ai_prediction_error,C_ai_rolling,0,62,2281.146,770.6892,3.1035,773.7927,1.0333,1485.0,211.8,314.5,2.4604,high,2105.49,8.4446,32112.3978,177.7333,10590.0,42880.1312
9109,S8_ai_prediction_error,B_dynamic_buffered,0,253,2281.146,770.1856,12.5637,782.7493,4.2167,1388.0,210.7167,314.5,2.4889,value,2094.6371,33.6204,30636.8075,725.2667,10535.8333,41897.9075
9109,S8_ai_prediction_error,B_dynamic_buffered,0,253,2281.146,770.1856,12.5637,782.7493,4.2167,1388.0,210.7167,314.5,2.4889,low,1948.263,31.271,25830.7268,210.8333,10535.8333,36577.3935
9109,S8_ai_prediction_error,B_dynamic_buffered,0,253,2281.146,770.1856,12.5637,782.7493,4.2167,1388.0,210.7167,314.5,2.4889,high,2129.8608,34.1857,32484.0958,725.2667,10535.8333,43745.1958
9109,S8_ai_prediction_error,C_ai_rolling_buffered,0,167,2281.146,769.6739,8.1555,777.8294,2.7833,1119.0,164.1,314.5,2.4732,value,2081.4715,21.8241,30444.2428,478.7333,8205.0,39127.9762
9109,S8_ai_prediction_error,C_ai_rolling_buffered,0,167,2281.146,769.6739,8.1555,777.8294,2.7833,1119.0,164.1,314.5,2.4732,low,1936.0174,20.299,25668.3703,139.1667,8205.0,34012.537
9109,S8_ai_prediction_error,C_ai_rolling_buffered,0,167,2281.146,769.6739,8.1555,777.8294,2.7833,1119.0,164.1,314.5,2.4732,high,2116.4738,22.1911,32279.9202,478.7333,8205.0,40963.6535
9110,S0_normal,A_static_planned,0,238,2407.034,813.362,11.9325,825.2945,3.9667,553.0,80.1833,351.0,2.3513,value,2208.4882,31.9314,32302.0284,682.2667,4009.1667,36993.4617
9110,S0_normal,A_static_planned,0,238,2407.034,813.362,11.9325,825.2945,3.9667,553.0,80.1833,351.0,2.3513,low,2054.1581,29.7,27234.7199,198.3333,4009.1667,31442.2199
9110,S0_normal,A_static_planned,0,238,2407.034,813.362,11.9325,825.2945,3.9667,553.0,80.1833,351.0,2.3513,high,2245.6265,32.4683,34249.7235,682.2667,4009.1667,38941.1569
9110,S0_normal,B_dynamic,0,167,2407.034,814.3726,8.2682,822.6408,2.7833,717.0,100.8667,351.0,2.3437,value,2201.3868,22.1256,32198.1612,478.7333,5043.3333,37720.2279
9110,S0_normal,B_dynamic,0,167,2407.034,814.3726,8.2682,822.6408,2.7833,717.0,100.8667,351.0,2.3437,low,2047.553,20.5795,27147.1466,139.1667,5043.3333,32329.6466
9110,S0_normal,B_dynamic,0,167,2407.034,814.3726,8.2682,822.6408,2.7833,717.0,100.8667,351.0,2.3437,high,2238.4056,22.4977,34139.5935,478.7333,5043.3333,39661.6602
9110,S0_normal,C_ai_rolling,0,82,2407.034,817.2851,3.8888,821.1739,1.3667,694.0,99.8167,351.0,2.3395,value,2197.4615,10.4065,32140.7481,235.0667,4990.8333,37366.6481
9110,S0_normal,C_ai_rolling,0,82,2407.034,817.2851,3.8888,821.1739,1.3667,694.0,99.8167,351.0,2.3395,low,2043.9019,9.6793,27098.7401,68.3333,4990.8333,32157.9068
9110,S0_normal,C_ai_rolling,0,82,2407.034,817.2851,3.8888,821.1739,1.3667,694.0,99.8167,351.0,2.3395,high,2234.4143,10.5815,34078.7186,235.0667,4990.8333,39304.6186
9110,S0_normal,B_dynamic_buffered,0,244,2407.034,814.5189,12.2118,826.7307,4.0667,594.0,83.0333,351.0,2.3554,value,2212.3313,32.6789,32358.2391,699.4667,4151.6667,37209.3724
9110,S0_normal,B_dynamic_buffered,0,244,2407.034,814.5189,12.2118,826.7307,4.0667,594.0,83.0333,351.0,2.3554,low,2057.7327,30.3953,27282.1126,203.3333,4151.6667,31637.1126
9110,S0_normal,B_dynamic_buffered,0,244,2407.034,814.5189,12.2118,826.7307,4.0667,594.0,83.0333,351.0,2.3554,high,2249.5342,33.2284,34309.3235,699.4667,4151.6667,39160.4568
9110,S0_normal,C_ai_rolling_buffered,0,217,2407.034,815.1596,10.95,826.1096,3.6167,547.0,76.9667,351.0,2.3536,value,2210.6693,29.3022,32333.9302,622.0667,3848.3333,36804.3302
9110,S0_normal,C_ai_rolling_buffered,0,217,2407.034,815.1596,10.95,826.1096,3.6167,547.0,76.9667,351.0,2.3536,low,2056.1868,27.2546,27261.6172,180.8333,3848.3333,31290.7839
9110,S0_normal,C_ai_rolling_buffered,0,217,2407.034,815.1596,10.95,826.1096,3.6167,547.0,76.9667,351.0,2.3536,high,2247.8443,29.795,34283.5489,622.0667,3848.3333,38753.9489
9110,S1_light_traffic,A_static_planned,0,378,2407.034,813.3869,18.5703,831.9572,6.3,403.0,58.1167,351.0,2.3702,value,2226.3176,49.6942,32562.8066,1083.6,2905.8333,36552.2399
9110,S1_light_traffic,A_static_planned,0,378,2407.034,813.3869,18.5703,831.9572,6.3,403.0,58.1167,351.0,2.3702,low,2070.7416,46.2216,27454.5891,315.0,2905.8333,30675.4224
9110,S1_light_traffic,A_static_planned,0,378,2407.034,813.3869,18.5703,831.9572,6.3,403.0,58.1167,351.0,2.3702,high,2263.7557,50.5299,34526.2257,1083.6,2905.8333,38515.659
9110,S1_light_traffic,B_dynamic,0,192,2407.034,813.5854,9.5057,823.0911,3.2,585.0,82.4,351.0,2.345,value,2202.5918,25.4372,32215.7855,550.4,4120.0,36886.1855
9110,S1_light_traffic,B_dynamic,0,192,2407.034,813.5854,9.5057,823.0911,3.2,585.0,82.4,351.0,2.345,low,2048.6737,23.6596,27162.0061,160.0,4120.0,31442.0061
9110,S1_light_traffic,B_dynamic,0,192,2407.034,813.5854,9.5057,823.0911,3.2,585.0,82.4,351.0,2.345,high,2239.6309,25.8649,34158.2804,550.4,4120.0,38828.6804
9110,S1_light_traffic,C_ai_rolling,0,101,2407.034,814.2079,4.7645,818.9724,1.6833,609.0,88.15,351.0,2.3333,value,2191.5702,12.7498,32054.5799,289.5333,4407.5,36751.6132
9110,S1_light_traffic,C_ai_rolling,0,101,2407.034,814.2079,4.7645,818.9724,1.6833,609.0,88.15,351.0,2.3333,low,2038.4223,11.8588,27026.0894,84.1667,4407.5,31517.756
9110,S1_light_traffic,C_ai_rolling,0,101,2407.034,814.2079,4.7645,818.9724,1.6833,609.0,88.15,351.0,2.3333,high,2228.4239,12.9642,33987.3548,289.5333,4407.5,38684.3881
9110,S1_light_traffic,B_dynamic_buffered,0,257,2407.034,812.8536,12.7327,825.5862,4.2833,502.0,69.6333,351.0,2.3521,value,2209.2687,34.0726,32313.4448,736.7333,3481.6667,36531.8448
9110,S1_light_traffic,B_dynamic_buffered,0,257,2407.034,812.8536,12.7327,825.5862,4.2833,502.0,69.6333,351.0,2.3521,low,2054.8841,31.6916,27244.3454,214.1667,3481.6667,30940.1787
9110,S1_light_traffic,B_dynamic_buffered,0,257,2407.034,812.8536,12.7327,825.5862,4.2833,502.0,69.6333,351.0,2.3521,high,2246.4201,34.6456,34261.8283,736.7333,3481.6667,38480.2283
9110,S1_light_traffic,C_ai_rolling_buffered,0,293,2407.034,813.3047,14.5268,827.8315,4.8833,447.0,64.3167,351.0,2.3585,value,2215.2771,38.8738,32401.3256,839.9333,3215.8333,36457.0923
9110,S1_light_traffic,C_ai_rolling_buffered,0,293,2407.034,813.3047,14.5268,827.8315,4.8833,447.0,64.3167,351.0,2.3585,low,2060.4726,36.1573,27318.4401,244.1667,3215.8333,30778.4401
9110,S1_light_traffic,C_ai_rolling_buffered,0,293,2407.034,813.3047,14.5268,827.8315,4.8833,447.0,64.3167,351.0,2.3585,high,2252.5296,39.5275,34355.008,839.9333,3215.8333,38410.7747
9110,S2_peak_traffic,A_static_planned,0,219,2407.034,815.2259,10.775,826.0009,3.65,1052.0,152.0,351.0,2.3533,value,2210.3783,28.8339,32329.6739,627.8,7600.0,40557.4739
9110,S2_peak_traffic,A_static_planned,0,219,2407.034,815.2259,10.775,826.0009,3.65,1052.0,152.0,351.0,2.3533,low,2055.9162,26.819,27258.0286,182.5,7600.0,35040.5286
9110,S2_peak_traffic,A_static_planned,0,219,2407.034,815.2259,10.775,826.0009,3.65,1052.0,152.0,351.0,2.3533,high,2247.5484,29.3188,34279.0359,627.8,7600.0,42506.8359
9110,S2_peak_traffic,B_dynamic,0,76,2407.034,812.6923,3.923,816.6153,1.2667,1079.0,155.55,351.0,2.3265,value,2185.2626,10.4979,31962.3242,217.8667,7777.5,39957.6909
9110,S2_peak_traffic,B_dynamic,0,76,2407.034,812.6923,3.923,816.6153,1.2667,1079.0,155.55,351.0,2.3265,low,2032.5556,9.7643,26948.306,63.3333,7777.5,34789.1394
9110,S2_peak_traffic,B_dynamic,0,76,2407.034,812.6923,3.923,816.6153,1.2667,1079.0,155.55,351.0,2.3265,high,2222.0103,10.6745,33889.5364,217.8667,7777.5,41884.9031
9110,S2_peak_traffic,C_ai_rolling,0,44,2407.034,813.6064,2.0487,815.6551,0.7333,1036.0,147.7333,351.0,2.3238,value,2182.6929,5.4822,31924.7391,126.1333,7386.6667,39437.5391
9110,S2_peak_traffic,C_ai_rolling,0,44,2407.034,813.6064,2.0487,815.6551,0.7333,1036.0,147.7333,351.0,2.3238,low,2030.1654,5.0991,26916.617,36.6667,7386.6667,34339.9503
9110,S2_peak_traffic,C_ai_rolling,0,44,2407.034,813.6064,2.0487,815.6551,0.7333,1036.0,147.7333,351.0,2.3238,high,2219.3974,5.5744,33849.685,126.1333,7386.6667,41362.485
9110,S2_peak_traffic,B_dynamic_buffered,0,89,2407.034,812.4973,4.3023,816.7996,1.4833,1005.0,141.9833,351.0,2.3271,value,2185.7557,11.513,31969.5362,255.1333,7099.1667,39323.8362
9110,S2_peak_traffic,B_dynamic_buffered,0,89,2407.034,812.4973,4.3023,816.7996,1.4833,1005.0,141.9833,351.0,2.3271,low,2033.0142,10.7085,26954.3867,74.1667,7099.1667,34127.72
9110,S2_peak_traffic,B_dynamic_buffered,0,89,2407.034,812.4973,4.3023,816.7996,1.4833,1005.0,141.9833,351.0,2.3271,high,2222.5117,11.7066,33897.1832,255.1333,7099.1667,41251.4832
9110,S2_peak_traffic,C_ai_rolling_buffered,0,111,2407.034,812.2129,5.5658,817.7788,1.85,972.0,136.7167,351.0,2.3299,value,2188.376,14.8942,32007.8608,318.2,6835.8333,39161.8941
9110,S2_peak_traffic,C_ai_rolling_buffered,0,111,2407.034,812.2129,5.5658,817.7788,1.85,972.0,136.7167,351.0,2.3299,low,2035.4513,13.8534,26986.6992,92.5,6835.8333,33915.0325
9110,S2_peak_traffic,C_ai_rolling_buffered,0,111,2407.034,812.2129,5.5658,817.7788,1.85,972.0,136.7167,351.0,2.3299,high,2225.176,15.1446,33937.8187,318.2,6835.8333,41091.852
9110,S3_site_delay,A_static_planned,0,267,2407.034,814.5012,13.5897,828.0909,4.45,561.0,81.3167,351.0,2.3592,value,2215.9711,36.3659,32411.4761,765.4,4065.8333,37242.7095
9110,S3_site_delay,A_static_planned,0,267,2407.034,814.5012,13.5897,828.0909,4.45,561.0,81.3167,351.0,2.3592,low,2061.1181,33.8247,27326.9983,222.5,4065.8333,31615.3316
9110,S3_site_delay,A_static_planned,0,267,2407.034,814.5012,13.5897,828.0909,4.45,561.0,81.3167,351.0,2.3592,high,2253.2352,36.9775,34365.7706,765.4,4065.8333,39197.0039
9110,S3_site_delay,B_dynamic,0,153,2407.034,812.7227,7.6303,820.353,2.55,674.0,96.5,351.0,2.3372,value,2195.2647,20.4188,32108.6168,438.6,4825.0,37372.2168
9110,S3_site_delay,B_dynamic,0,153,2407.034,812.7227,7.6303,820.353,2.55,674.0,96.5,351.0,2.3372,low,2041.8586,18.9919,27071.6494,127.5,4825.0,32024.1494
9110,S3_site_delay,B_dynamic,0,153,2407.034,812.7227,7.6303,820.353,2.55,674.0,96.5,351.0,2.3372,high,2232.1805,20.7621,34044.6499,438.6,4825.0,39308.2499
9110,S3_site_delay,C_ai_rolling,0,80,2407.034,815.7217,3.9087,819.6303,1.3333,709.0,102.9833,351.0,2.3351,value,2193.3307,10.4596,32080.3308,229.3333,5149.1667,37458.8308
9110,S3_site_delay,C_ai_rolling,0,80,2407.034,815.7217,3.9087,819.6303,1.3333,709.0,102.9833,351.0,2.3351,low,2040.0599,9.7287,27047.8006,66.6667,5149.1667,32263.634
9110,S3_site_delay,C_ai_rolling,0,80,2407.034,815.7217,3.9087,819.6303,1.3333,709.0,102.9833,351.0,2.3351,high,2230.2141,10.6355,34014.6584,229.3333,5149.1667,39393.1584
9110,S3_site_delay,B_dynamic_buffered,0,262,2407.034,814.8083,13.3768,828.1852,4.3667,684.0,96.8,351.0,2.3595,value,2216.2235,35.7964,32415.1678,751.0667,4840.0,38006.2344
9110,S3_site_delay,B_dynamic_buffered,0,262,2407.034,814.8083,13.3768,828.1852,4.3667,684.0,96.8,351.0,2.3595,low,2061.3529,33.2949,27330.1108,218.3333,4840.0,32388.4441
9110,S3_site_delay,B_dynamic_buffered,0,262,2407.034,814.8083,13.3768,828.1852,4.3667,684.0,96.8,351.0,2.3595,high,2253.4919,36.3984,34369.6848,751.0667,4840.0,39960.7514
9110,S3_site_delay,C_ai_rolling_buffered,0,227,2407.034,814.8083,11.295,826.1033,3.7833,545.0,76.2833,351.0,2.3536,value,2210.6524,30.2254,32333.6825,650.7333,3814.1667,36798.5825
9110,S3_site_delay,C_ai_rolling_buffered,0,227,2407.034,814.8083,11.295,826.1033,3.7833,545.0,76.2833,351.0,2.3536,low,2056.1711,28.1133,27261.4083,189.1667,3814.1667,31264.7417
9110,S3_site_delay,C_ai_rolling_buffered,0,227,2407.034,814.8083,11.295,826.1033,3.7833,545.0,76.2833,351.0,2.3536,high,2247.827,30.7337,34283.2862,650.7333,3814.1667,38748.1862
9110,S4_multi_site_delay,A_static_planned,0,571,2407.034,813.7309,27.1845,840.9154,9.5167,604.0,85.4167,351.0,2.3958,value,2250.2896,72.7457,32913.4281,1636.8667,4270.8333,38821.1281
9110,S4_multi_site_delay,A_static_planned,0,571,2407.034,813.7309,27.1845,840.9154,9.5167,604.0,85.4167,351.0,2.3958,low,2093.0384,67.6622,27750.2077,475.8333,4270.8333,32496.8743
9110,S4_multi_site_delay,A_static_planned,0,571,2407.034,813.7309,27.1845,840.9154,9.5167,604.0,85.4167,351.0,2.3958,high,2288.1308,73.969,34897.9884,1636.8667,4270.8333,40805.6884
9110,S4_multi_site_delay,B_dynamic,0,252,2407.034,812.8014,12.6572,825.4585,4.2,726.0,104.6167,351.0,2.3517,value,2208.927,33.8706,32308.4466,722.4,5230.8333,38261.6799
9110,S4_multi_site_delay,B_dynamic,0,252,2407.034,812.8014,12.6572,825.4585,4.2,726.0,104.6167,351.0,2.3517,low,2054.5663,31.5037,27240.1312,210.0,5230.8333,32680.9646
9110,S4_multi_site_delay,B_dynamic,0,252,2407.034,812.8014,12.6572,825.4585,4.2,726.0,104.6167,351.0,2.3517,high,2246.0726,34.4402,34256.5287,722.4,5230.8333,40209.762
9110,S4_multi_site_delay,C_ai_rolling,0,114,2407.034,815.026,5.4063,820.4324,1.9,647.0,94.4833,351.0,2.3374,value,2195.477,14.4673,32111.723,326.8,4724.1667,37162.6896
9110,S4_multi_site_delay,C_ai_rolling,0,114,2407.034,815.026,5.4063,820.4324,1.9,647.0,94.4833,351.0,2.3374,low,2042.0562,13.4564,27074.2682,95.0,4724.1667,31893.4349
9110,S4_multi_site_delay,C_ai_rolling,0,114,2407.034,815.026,5.4063,820.4324,1.9,647.0,94.4833,351.0,2.3374,high,2232.3965,14.7106,34047.9434,326.8,4724.1667,39098.91
9110,S4_multi_site_delay,B_dynamic_buffered,0,362,2407.034,810.1764,17.7632,827.9395,6.0333,580.0,83.1667,351.0,2.3588,value,2215.5662,47.5342,32405.5537,1037.7333,4158.3333,37601.6204
9110,S4_multi_site_delay,B_dynamic_buffered,0,362,2407.034,810.1764,17.7632,827.9395,6.0333,580.0,83.1667,351.0,2.3588,low,2060.7415,44.2125,27322.0049,301.6667,4158.3333,31782.0049
9110,S4_multi_site_delay,B_dynamic_buffered,0,362,2407.034,810.1764,17.7632,827.9395,6.0333,580.0,83.1667,351.0,2.3588,high,2252.8235,48.3336,34359.491,1037.7333,4158.3333,39555.5577
9110,S4_multi_site_delay,C_ai_rolling_buffered,0,315,2407.034,812.6845,15.4663,828.1509,5.25,433.0,63.0333,351.0,2.3594,value,2216.1317,41.3879,32413.8253,903.0,3151.6667,36468.4919
9110,S4_multi_site_delay,C_ai_rolling_buffered,0,315,2407.034,812.6845,15.4663,828.1509,5.25,433.0,63.0333,351.0,2.3594,low,2061.2675,38.4957,27328.9789,262.5,3151.6667,30743.1455
9110,S4_multi_site_delay,C_ai_rolling_buffered,0,315,2407.034,812.6845,15.4663,828.1509,5.25,433.0,63.0333,351.0,2.3594,high,2253.3985,42.0839,34368.2613,903.0,3151.6667,38422.928
9110,S5_pump_failure,A_static_planned,0,305,2407.034,813.1682,15.5898,828.7581,5.0833,585.0,84.15,351.0,2.3611,value,2217.7566,41.7184,32437.5913,874.3333,4207.5,37519.4247
9110,S5_pump_failure,A_static_planned,0,305,2407.034,813.1682,15.5898,828.7581,5.0833,585.0,84.15,351.0,2.3611,low,2062.7789,38.8031,27349.0167,254.1667,4207.5,31810.6834
9110,S5_pump_failure,A_static_planned,0,305,2407.034,813.1682,15.5898,828.7581,5.0833,585.0,84.15,351.0,2.3611,high,2255.0507,42.4199,34393.4604,874.3333,4207.5,39475.2937
9110,S5_pump_failure,B_dynamic,0,156,2407.034,813.1311,7.7315,820.8626,2.6,731.0,102.3833,351.0,2.3386,value,2196.6283,20.6895,32128.5621,447.2,5119.1667,37694.9288
9110,S5_pump_failure,B_dynamic,0,156,2407.034,813.1311,7.7315,820.8626,2.6,731.0,102.3833,351.0,2.3386,low,2043.127,19.2437,27088.4657,130.0,5119.1667,32337.6324
9110,S5_pump_failure,B_dynamic,0,156,2407.034,813.1311,7.7315,820.8626,2.6,731.0,102.3833,351.0,2.3386,high,2233.5671,21.0374,34065.7978,447.2,5119.1667,39632.1645
9110,S5_pump_failure,C_ai_rolling,0,80,2407.034,815.2382,4.0113,819.2495,1.3333,749.0,107.7333,351.0,2.334,value,2192.3117,10.7343,32065.4255,229.3333,5386.6667,37681.4255
9110,S5_pump_failure,C_ai_rolling,0,80,2407.034,815.2382,4.0113,819.2495,1.3333,749.0,107.7333,351.0,2.334,low,2039.112,9.9842,27035.2336,66.6667,5386.6667,32488.5669
9110,S5_pump_failure,C_ai_rolling,0,80,2407.034,815.2382,4.0113,819.2495,1.3333,749.0,107.7333,351.0,2.334,high,2229.1779,10.9148,33998.8544,229.3333,5386.6667,39614.8544
9110,S5_pump_failure,B_dynamic_buffered,0,261,2407.034,815.8255,12.7732,828.5986,4.35,692.0,96.0167,351.0,2.3607,value,2217.3299,34.181,32431.3505,748.2,4800.8333,37980.3838
9110,S5_pump_failure,B_dynamic_buffered,0,261,2407.034,815.8255,12.7732,828.5986,4.35,692.0,96.0167,351.0,2.3607,low,2062.382,31.7924,27343.7549,217.5,4800.8333,32362.0882
9110,S5_pump_failure,B_dynamic_buffered,0,261,2407.034,815.8255,12.7732,828.5986,4.35,692.0,96.0167,351.0,2.3607,high,2254.6169,34.7558,34386.8432,748.2,4800.8333,39935.8766
9110,S5_pump_failure,C_ai_rolling_buffered,0,243,2407.034,816.6819,11.6015,828.2834,4.05,561.0,77.5,351.0,2.3598,value,2216.4865,31.0456,32419.0138,696.6,3875.0,36990.6138
9110,S5_pump_failure,C_ai_rolling_buffered,0,243,2407.034,816.6819,11.6015,828.2834,4.05,561.0,77.5,351.0,2.3598,low,2061.5975,28.8761,27333.3535,202.5,3875.0,31410.8535
9110,S5_pump_failure,C_ai_rolling_buffered,0,243,2407.034,816.6819,11.6015,828.2834,4.05,561.0,77.5,351.0,2.3598,high,2253.7592,31.5677,34373.7627,696.6,3875.0,38945.3627
9110,S6_high_demand,A_static_planned,5,205,3412.576,1153.1996,10.2552,1163.4548,3.4167,3488.0,498.1167,525.5,2.214,value,3113.405,27.4428,45537.6195,587.6667,24905.8333,71031.1195
9110,S6_high_demand,A_static_planned,5,205,3412.576,1153.1996,10.2552,1163.4548,3.4167,3488.0,498.1167,525.5,2.214,low,2895.8389,25.5251,38394.0073,170.8333,24905.8333,63470.6739
9110,S6_high_demand,A_static_planned,5,205,3412.576,1153.1996,10.2552,1163.4548,3.4167,3488.0,498.1167,525.5,2.214,high,3165.7604,27.9043,48283.3728,587.6667,24905.8333,73776.8728
9110,S6_high_demand,B_dynamic,11,115,3267.164,1102.4612,5.6585,1108.1197,1.9167,4533.0,637.45,491.25,2.2557,value,2965.3284,15.1421,43371.806,329.6667,31872.5,75573.9726
9110,S6_high_demand,B_dynamic,11,115,3267.164,1102.4612,5.6585,1108.1197,1.9167,4533.0,637.45,491.25,2.2557,low,2758.11,14.084,36567.9509,95.8333,31872.5,68536.2842
9110,S6_high_demand,B_dynamic,11,115,3267.164,1102.4612,5.6585,1108.1197,1.9167,4533.0,637.45,491.25,2.2557,high,3015.1938,15.3968,45986.9685,329.6667,31872.5,78189.1352
9110,S6_high_demand,C_ai_rolling,10,55,3282.734,1111.1255,2.7233,1113.8488,0.9167,4240.0,596.4833,496.75,2.2423,value,2980.6595,7.2876,43596.0437,157.6667,29824.1667,73577.877
9110,S6_high_demand,C_ai_rolling,10,55,3282.734,1111.1255,2.7233,1113.8488,0.9167,4240.0,596.4833,496.75,2.2423,low,2772.3698,6.7784,36757.0118,45.8333,29824.1667,66627.0118
9110,S6_high_demand,C_ai_rolling,10,55,3282.734,1111.1255,2.7233,1113.8488,0.9167,4240.0,596.4833,496.75,2.2423,high,3030.7827,7.4102,46224.7269,157.6667,29824.1667,76206.5603
9110,S6_high_demand,B_dynamic_buffered,11,143,3297.804,1112.229,7.349,1119.578,2.3833,4119.0,566.7667,491.75,2.2767,value,2995.9907,19.6659,43820.282,409.9333,28338.3333,72568.5486
9110,S6_high_demand,B_dynamic_buffered,11,143,3297.804,1112.229,7.349,1119.578,2.3833,4119.0,566.7667,491.75,2.2767,low,2786.6296,18.2917,36946.0732,119.1667,28338.3333,65403.5732
9110,S6_high_demand,B_dynamic_buffered,11,143,3297.804,1112.229,7.349,1119.578,2.3833,4119.0,566.7667,491.75,2.2767,high,3046.3717,19.9966,46462.486,409.9333,28338.3333,75210.7526
9110,S6_high_demand,C_ai_rolling_buffered,10,133,3298.054,1115.2724,6.575,1121.8474,2.2167,4532.0,621.2833,497.0,2.2572,value,3002.0637,17.5947,43909.1079,381.2667,31064.1667,75354.5412
9110,S6_high_demand,C_ai_rolling_buffered,10,133,3298.054,1115.2724,6.575,1121.8474,2.2167,4532.0,621.2833,497.0,2.2572,low,2792.2782,16.3652,37020.9648,110.8333,31064.1667,68195.9648
9110,S6_high_demand,C_ai_rolling_buffered,10,133,3298.054,1115.2724,6.575,1121.8474,2.2167,4532.0,621.2833,497.0,2.2572,high,3052.5468,17.8906,46556.6678,381.2667,31064.1667,78002.1011
9110,S7_mixed_disruption,A_static_planned,0,557,2407.034,812.0202,27.8617,839.8819,9.2833,1033.0,150.0667,351.0,2.3928,value,2247.5239,74.5578,32872.9769,1596.7333,7503.3333,41973.0436
9110,S7_mixed_disruption,A_static_planned,0,557,2407.034,812.0202,27.8617,839.8819,9.2833,1033.0,150.0667,351.0,2.3928,low,2090.466,69.3477,27716.1021,464.1667,7503.3333,35683.6021
9110,S7_mixed_disruption,A_static_planned,0,557,2407.034,812.0202,27.8617,839.8819,9.2833,1033.0,150.0667,351.0,2.3928,high,2285.3186,75.8116,34855.0981,1596.7333,7503.3333,43955.1648
9110,S7_mixed_disruption,B_dynamic,0,321,2407.034,810.8426,16.0062,826.8487,5.35,1143.0,164.9333,351.0,2.3557,value,2212.6472,42.8325,32362.8588,920.2,8246.6667,41529.7255
9110,S7_mixed_disruption,B_dynamic,0,321,2407.034,810.8426,16.0062,826.8487,5.35,1143.0,164.9333,351.0,2.3557,low,2058.0265,39.8393,27286.0077,267.5,8246.6667,35800.1743
9110,S7_mixed_disruption,B_dynamic,0,321,2407.034,810.8426,16.0062,826.8487,5.35,1143.0,164.9333,351.0,2.3557,high,2249.8554,43.5528,34314.2218,920.2,8246.6667,43481.0884
9110,S7_mixed_disruption,C_ai_rolling,0,82,2407.034,808.8648,3.8603,812.7251,1.3667,1103.0,158.3333,351.0,2.3155,value,2174.8524,10.3303,31810.0603,235.0667,7916.6667,39961.7937
9110,S7_mixed_disruption,C_ai_rolling,0,82,2407.034,808.8648,3.8603,812.7251,1.3667,1103.0,158.3333,351.0,2.3155,low,2022.8728,9.6084,26819.9282,68.3333,7916.6667,34804.9282
9110,S7_mixed_disruption,C_ai_rolling,0,82,2407.034,808.8648,3.8603,812.7251,1.3667,1103.0,158.3333,351.0,2.3155,high,2211.425,10.504,33728.0916,235.0667,7916.6667,41879.8249
9110,S7_mixed_disruption,B_dynamic_buffered,0,317,2407.034,808.1931,16.008,824.2011,5.2833,1010.0,140.9333,351.0,2.3482,value,2205.5622,42.8374,32259.2316,908.7333,7046.6667,40214.6316
9110,S7_mixed_disruption,B_dynamic_buffered,0,317,2407.034,808.1931,16.008,824.2011,5.2833,1010.0,140.9333,351.0,2.3482,low,2051.4366,39.8439,27198.6368,264.1667,7046.6667,34509.4701
9110,S7_mixed_disruption,B_dynamic_buffered,0,317,2407.034,808.1931,16.008,824.2011,5.2833,1010.0,140.9333,351.0,2.3482,high,2242.6512,43.5578,34204.3462,908.7333,7046.6667,42159.7462
9110,S7_mixed_disruption,C_ai_rolling_buffered,0,248,2407.034,811.0672,11.9263,822.9935,4.1333,1055.0,148.35,351.0,2.3447,value,2202.3307,31.9149,32211.9664,710.9333,7417.5,40340.3997
9110,S7_mixed_disruption,C_ai_rolling_buffered,0,248,2407.034,811.0672,11.9263,822.9935,4.1333,1055.0,148.35,351.0,2.3447,low,2048.4309,29.6846,27158.7861,206.6667,7417.5,34782.9528
9110,S7_mixed_disruption,C_ai_rolling_buffered,0,248,2407.034,811.0672,11.9263,822.9935,4.1333,1055.0,148.35,351.0,2.3447,high,2239.3654,32.4516,34154.2311,710.9333,7417.5,42282.6644
9110,S8_ai_prediction_error,A_static_planned,0,539,2407.034,811.478,26.6302,838.1082,8.9833,763.0,106.5833,351.0,2.3878,value,2242.7776,71.2623,32803.5556,1545.1333,5329.1667,39677.8556
9110,S8_ai_prediction_error,A_static_planned,0,539,2407.034,811.478,26.6302,838.1082,8.9833,763.0,106.5833,351.0,2.3878,low,2086.0514,66.2825,27657.5711,449.1667,5329.1667,33435.9045
9110,S8_ai_prediction_error,A_static_planned,0,539,2407.034,811.478,26.6302,838.1082,8.9833,763.0,106.5833,351.0,2.3878,high,2280.4925,72.4607,34781.491,1545.1333,5329.1667,41655.791
9110,S8_ai_prediction_error,B_dynamic,0,91,2407.034,814.1814,4.4402,818.6215,1.5167,770.0,107.5833,351.0,2.3323,value,2190.6313,11.8819,32040.8472,260.8667,5379.1667,37680.8806
9110,S8_ai_prediction_error,B_dynamic,0,91,2407.034,814.1814,4.4402,818.6215,1.5167,770.0,107.5833,351.0,2.3323,low,2037.549,11.0516,27014.5109,75.8333,5379.1667,32469.5109
9110,S8_ai_prediction_error,B_dynamic,0,91,2407.034,814.1814,4.4402,818.6215,1.5167,770.0,107.5833,351.0,2.3323,high,2227.4692,12.0817,33972.7941,260.8667,5379.1667,39612.8274
9110,S8_ai_prediction_error,C_ai_rolling,0,64,2407.034,812.678,3.179,815.857,1.0667,812.0,114.7333,351.0,2.3244,value,2183.2334,8.507,31932.6445,183.4667,5736.6667,37852.7779
9110,S8_ai_prediction_error,C_ai_rolling,0,64,2407.034,812.678,3.179,815.857,1.0667,812.0,114.7333,351.0,2.3244,low,2030.6682,7.9125,26923.2823,53.3333,5736.6667,32713.2823
9110,S8_ai_prediction_error,C_ai_rolling,0,64,2407.034,812.678,3.179,815.857,1.0667,812.0,114.7333,351.0,2.3244,high,2219.947,8.6501,33858.0671,183.4667,5736.6667,39778.2005
9110,S8_ai_prediction_error,B_dynamic_buffered,0,176,2407.034,813.2639,8.3253,821.5893,2.9333,699.0,96.7667,351.0,2.3407,value,2198.5729,22.2786,32157.0039,504.5333,4838.3333,37499.8706
9110,S8_ai_prediction_error,B_dynamic_buffered,0,176,2407.034,813.2639,8.3253,821.5893,2.9333,699.0,96.7667,351.0,2.3407,low,2044.9357,20.7218,27112.4458,146.6667,4838.3333,32097.4458
9110,S8_ai_prediction_error,B_dynamic_buffered,0,176,2407.034,813.2639,8.3253,821.5893,2.9333,699.0,96.7667,351.0,2.3407,high,2235.5444,22.6532,34095.9546,504.5333,4838.3333,39438.8212
9110,S8_ai_prediction_error,C_ai_rolling_buffered,0,260,2407.034,813.4288,12.584,826.0128,4.3333,640.0,87.9333,351.0,2.3533,value,2210.4103,33.6748,32330.1413,745.3333,4396.6667,37472.1413
9110,S8_ai_prediction_error,C_ai_rolling_buffered,0,260,2407.034,813.4288,12.584,826.0128,4.3333,640.0,87.9333,351.0,2.3533,low,2055.9459,31.3216,27258.4226,216.6667,4396.6667,31871.756
9110,S8_ai_prediction_error,C_ai_rolling_buffered,0,260,2407.034,813.4288,12.584,826.0128,4.3333,640.0,87.9333,351.0,2.3533,high,2247.5808,34.2411,34279.5315,745.3333,4396.6667,39421.5315
