day,scenario,trip_id,estimated_unload_min,pump_available,concrete_code,trip_volume_m3,crew_size,seq,site_code,slowdown_visible,prev_actual_unload,actual_unload_min
1001,S0_normal,O001-01,12.0,1,3,4.25,8,1,10,0,-1.0,11.6
1001,S0_normal,O001-02,12.0,1,3,4.25,8,2,10,0,-1.0,13.6
1001,S0_normal,O002-01,16.0,1,3,5.0,7,1,8,0,-1.0,13.6
1001,S0_normal,O002-02,16.0,1,3,5.0,7,2,8,0,-1.0,15.5
1001,S0_normal,O002-03,16.0,1,3,5.0,7,3,8,0,-1.0,13.4
1001,S0_normal,O003-01,17.0,1,1,5.5,9,1,7,0,-1.0,14.4
1001,S0_normal,O003-02,17.0,1,1,5.25,9,2,7,0,-1.0,17.7
1001,S0_normal,O003-03,17.0,1,1,5.25,9,3,7,0,-1.0,19.6
1001,S0_normal,O004-01,20.0,0,0,6.0,10,1,3,0,-1.0,19.7
1001,S0_normal,O004-02,20.0,0,0,6.0,10,2,3,0,-1.0,17.0
1001,S0_normal,O005-01,23.0,0,3,5.0,10,1,3,0,-1.0,32.2
1001,S0_normal,O005-02,23.0,0,3,5.0,10,2,3,0,-1.0,19.2
1001,S0_normal,O005-03,23.0,0,3,5.0,10,3,3,0,-1.0,30.8
1001,S0_normal,O006-01,17.0,0,1,5.0,10,1,3,0,-1.0,16.1
1001,S0_normal,O006-02,17.0,0,1,4.75,10,2,3,0,-1.0,19.7
1001,S0_normal,O006-03,17.0,0,1,4.75,10,3,3,0,-1.0,22.5
1001,S0_normal,O007-01,18.0,1,0,5.5,7,1,8,0,-1.0,21.9
1001,S0_normal,O007-02,18.0,1,0,5.5,7,2,8,0,-1.0,14.0
1001,S0_normal,O008-01,21.0,0,2,5.0,10,1,5,0,-1.0,19.8
1001,S0_normal,O008-02,21.0,0,2,5.0,10,2,5,0,-1.0,19.7
1001,S0_normal,O009-01,16.0,0,3,4.25,10,1,5,0,-1.0,14.7
1001,S0_normal,O009-02,16.0,0,3,4.25,10,2,5,0,-1.0,13.4
1001,S0_normal,O010-01,24.0,0,2,5.0,6,1,1,0,-1.0,20.2
1001,S0_normal,O011-01,15.0,1,0,4.5,10,1,2,0,-1.0,15.7
1001,S0_normal,O011-02,15.0,1,0,4.25,10,2,2,0,-1.0,17.6
1001,S0_normal,O011-03,15.0,1,0,4.25,10,3,2,0,-1.0,14.4
1001,S0_normal,O012-01,12.0,1,2,5.0,8,1,6,0,-1.0,13.7
1001,S0_normal,O013-01,16.0,1,2,4.25,9,1,7,0,-1.0,15.6
1001,S0_normal,O013-02,16.0,1,2,4.25,9,2,7,0,-1.0,12.2
1001,S0_normal,O014-01,15.0,1,1,5.5,8,1,6,0,-1.0,18.7
1001,S0_normal,O015-01,23.0,0,0,4.75,10,1,5,0,-1.0,26.7
1001,S0_normal,O015-02,23.0,0,0,4.75,10,2,5,0,-1.0,16.0
1001,S0_normal,O015-03,23.0,0,0,4.5,10,3,5,0,-1.0,23.8
1001,S0_normal,O016-01,19.0,0,0,6.0,10,1,5,0,-1.0,20.9
1001,S0_normal,O016-02,19.0,0,0,6.0,10,2,5,0,-1.0,23.5
1001,S0_normal,O017-01,18.0,1,0,4.0,9,1,7,0,-1.0,19.9
1001,S0_normal,O018-01,15.0,0,0,5.25,7,1,9,0,-1.0,16.5
1001,S0_normal,O018-02,15.0,0,0,5.25,7,2,9,0,-1.0,13.6
1001,S0_normal,O019-01,21.0,0,3,5.0,7,1,9,0,-1.0,21.0
1001,S0_normal,O019-02,21.0,0,3,5.0,7,2,9,0,-1.0,27.0
1001,S0_normal,O020-01,19.0,0,2,6.0,7,1,9,0,-1.0,19.8
1001,S0_normal,O021-01,15.0,0,2,5.25,11,1,4,0,-1.0,16.1
1001,S0_normal,O021-02,15.0,0,2,5.25,11,2,4,0,-1.0,14.7
1001,S0_normal,O022-01,15.0,1,2,4.5,10,1,2,0,-1.0,13.4
1001,S0_normal,O023-01,17.0,0,3,4.0,10,1,5,0,-1.0,17.5
1001,S0_normal,O024-01,17.0,0,3,6.0,6,1,1,0,-1.0,13.5
1001,S0_normal,O025-01,17.0,1,3,5.0,10,1,2,0,-1.0,15.8
1001,S0_normal,O025-02,17.0,1,3,5.0,10,2,2,0,-1.0,18.5
1001,S0_normal,O026-01,25.0,0,0,5.25,10,1,3,0,-1.0,25.7
1001,S0_normal,O026-02,25.0,0,0,5.25,10,2,3,0,-1.0,22.8
1001,S0_normal,O027-01,17.0,1,1,6.0,10,1,2,0,-1.0,18.5
1001,S0_normal,O027-02,17.0,1,1,6.0,10,2,2,0,-1.0,14.1
1001,S0_normal,O027-03,17.0,1,1,6.0,10,3,2,0,-1.0,16.3
1001,S0_normal,O028-01,13.0,1,2,4.0,8,1,6,0,-1.0,14.3
1001,S0_normal,O029-01,17.0,0,3,4.0,11,1,4,0,-1.0,17.4
1001,S0_normal,O030-01,21.0,0,0,4.5,11,1,4,0,-1.0,23.0
1001,S0_normal,O030-02,21.0,0,0,4.5,11,2,4,0,-1.0,22.0
1001,S0_normal,O030-03,21.0,0,0,4.5,11,3,4,0,-1.0,20.0
1002,S7_mixed_disruption,O001-01,19.0,0,3,5.0,7,1,9,0,-1.0,18.1
1002,S7_mixed_disruption,O001-02,19.0,0,3,4.75,7,2,9,0,-1.0,16.9
1002,S7_mixed_disruption,O001-03,19.0,0,3,4.75,7,3,9,0,-1.0,17.2
1002,S7_mixed_disruption,O002-01,15.0,0,1,5.5,10,1,3,0,-1.0,13.4
1002,S7_mixed_disruption,O002-02,15.0,0,1,5.5,10,2,3,0,-1.0,14.1
1002,S7_mixed_disruption,O003-01,13.0,1,1,4.0,8,1,10,0,-1.0,11.1
1002,S7_mixed_disruption,O004-01,17.0,0,3,5.5,10,1,3,0,-1.0,14.3
1002,S7_mixed_disruption,O005-01,18.0,0,3,6.0,10,1,3,0,-1.0,21.7
1002,S7_mixed_disruption,O006-01,19.0,0,1,5.75,11,1,4,0,-1.0,19.2
1002,S7_mixed_disruption,O006-02,19.0,0,1,5.75,11,2,4,0,-1.0,16.6
1002,S7_mixed_disruption,O006-03,19.0,0,1,5.5,11,3,4,0,-1.0,19.5
1002,S7_mixed_disruption,O006-04,19.0,0,1,5.5,11,4,4,0,-1.0,21.3
1002,S7_mixed_disruption,O007-01,13.0,1,0,5.0,8,1,6,0,-1.0,11.3
1002,S7_mixed_disruption,O007-02,13.0,1,0,5.0,8,2,6,0,-1.0,15.0
1002,S7_mixed_disruption,O007-03,13.0,1,0,5.0,8,3,6,0,-1.0,12.1
1002,S7_mixed_disruption,O007-04,13.0,1,0,5.0,8,4,6,0,-1.0,16.0
1002,S7_mixed_disruption,O007-05,13.0,1,0,5.0,8,5,6,0,-1.0,9.4
1002,S7_mixed_disruption,O008-01,15.0,1,2,5.5,9,1,7,0,-1.0,14.7
1002,S7_mixed_disruption,O009-01,15.0,0,0,5.0,6,1,1,0,-1.0,15.1
1002,S7_mixed_disruption,O009-02,15.0,0,0,5.0,6,2,1,0,-1.0,14.5
1002,S7_mixed_disruption,O009-03,15.0,0,0,5.0,6,3,1,0,-1.0,14.1
1002,S7_mixed_disruption,O009-04,15.0,0,0,5.0,6,4,1,0,-1.0,17.7
1002,S7_mixed_disruption,O009-05,15.0,0,0,5.0,6,5,1,0,-1.0,15.1
1002,S7_mixed_disruption,O010-01,22.0,0,2,6.0,11,1,4,0,-1.0,17.8
1002,S7_mixed_disruption,O010-02,22.0,0,2,6.0,11,2,4,0,-1.0,22.0
1002,S7_mixed_disruption,O010-03,22.0,0,2,6.0,11,3,4,0,-1.0,21.7
1002,S7_mixed_disruption,O011-01,14.0,1,2,5.25,7,1,8,0,-1.0,19.9
1002,S7_mixed_disruption,O011-02,14.0,1,2,5.25,7,2,8,0,-1.0,14.5
1002,S7_mixed_disruption,O011-03,14.0,1,2,5.0,7,3,8,0,-1.0,12.4
1002,S7_mixed_disruption,O012-01,15.0,1,1,4.0,7,1,8,0,-1.0,16.6
1002,S7_mixed_disruption,O012-02,15.0,1,1,4.0,7,2,8,0,-1.0,13.9
1002,S7_mixed_disruption,O013-01,13.0,1,1,3.75,10,1,2,0,-1.0,8.9
1002,S7_mixed_disruption,O013-02,13.0,1,1,3.75,10,2,2,0,-1.0,12.6
1002,S7_mixed_disruption,O014-01,22.0,0,1,4.75,10,1,3,0,-1.0,20.9
1002,S7_mixed_disruption,O014-02,22.0,0,1,4.75,10,2,3,0,-1.0,21.8
1002,S7_mixed_disruption,O015-01,14.0,1,1,4.0,7,1,8,0,-1.0,15.2
1002,S7_mixed_disruption,O015-02,14.0,1,1,4.0,7,2,8,0,-1.0,13.3
1002,S7_mixed_disruption,O016-01,19.0,0,2,6.0,10,1,3,0,-1.0,17.0
1002,S7_mixed_disruption,O016-02,19.0,0,2,6.0,10,2,3,0,-1.0,22.2
1002,S7_mixed_disruption,O017-01,23.0,0,2,5.75,6,1,1,0,-1.0,20.6
1002,S7_mixed_disruption,O017-02,23.0,0,2,5.75,6,2,1,0,-1.0,26.8
1002,S7_mixed_disruption,O017-03,23.0,0,2,5.5,6,3,1,0,-1.0,26.7
1002,S7_mixed_disruption,O017-04,23.0,0,2,5.5,6,4,1,0,-1.0,18.5
1002,S7_mixed_disruption,O017-05,23.0,0,2,5.5,6,5,1,0,-1.0,25.6
1002,S7_mixed_disruption,O018-01,19.0,0,0,4.5,11,1,4,0,-1.0,21.5
1002,S7_mixed_disruption,O018-02,19.0,0,0,4.5,11,2,4,0,-1.0,17.9
1002,S7_mixed_disruption,O019-01,14.0,1,2,5.0,10,1,2,0,-1.0,16.1
1002,S7_mixed_disruption,O019-02,14.0,1,2,5.0,10,2,2,0,-1.0,11.9
1002,S7_mixed_disruption,O019-03,14.0,1,2,5.0,10,3,2,0,-1.0,12.2
1002,S7_mixed_disruption,O019-04,14.0,1,2,5.0,10,4,2,0,-1.0,12.1
1002,S7_mixed_disruption,O020-01,16.0,0,3,3.5,10,1,5,0,-1.0,14.1
1002,S7_mixed_disruption,O020-02,16.0,0,3,3.5,10,2,5,0,-1.0,16.9
1002,S7_mixed_disruption,O021-01,25.0,0,2,4.25,7,1,9,0,-1.0,27.9
1002,S7_mixed_disruption,O021-02,25.0,0,2,4.25,7,2,9,0,-1.0,27.6
1002,S7_mixed_disruption,O021-03,25.0,0,2,4.0,7,3,9,0,-1.0,22.9
1002,S7_mixed_disruption,O022-01,15.0,0,0,4.0,10,1,5,0,-1.0,18.4
1002,S7_mixed_disruption,O023-01,17.0,1,2,6.0,8,1,6,0,-1.0,17.3
1002,S7_mixed_disruption,O024-01,18.0,1,3,3.5,9,1,7,0,-1.0,17.2
1002,S7_mixed_disruption,O024-02,18.0,1,3,3.5,9,2,7,0,-1.0,18.2
1002,S7_mixed_disruption,O025-01,22.0,0,3,5.5,11,1,4,0,-1.0,20.5
1002,S7_mixed_disruption,O025-02,22.0,0,3,5.5,11,2,4,0,-1.0,19.2
1002,S7_mixed_disruption,O025-03,22.0,0,3,5.5,11,3,4,0,-1.0,25.8
1002,S7_mixed_disruption,O026-01,15.0,0,1,6.0,6,1,1,0,-1.0,13.2
1002,S7_mixed_disruption,O027-01,14.0,1,2,5.5,10,1,2,0,-1.0,13.6
1002,S7_mixed_disruption,O027-02,14.0,1,2,5.5,10,2,2,0,-1.0,15.1
1002,S7_mixed_disruption,O027-03,14.0,1,2,5.5,10,3,2,0,-1.0,10.0
1002,S7_mixed_disruption,O027-04,14.0,1,2,5.5,10,4,2,0,-1.0,17.6
1002,S7_mixed_disruption,O028-01,17.0,1,3,3.5,8,1,10,0,-1.0,19.4
1002,S7_mixed_disruption,O028-02,17.0,1,3,3.5,8,2,10,0,-1.0,22.2
1002,S7_mixed_disruption,O029-01,24.0,0,1,4.0,7,1,9,0,-1.0,20.9
1002,S7_mixed_disruption,O029-02,24.0,0,1,4.0,7,2,9,0,-1.0,23.3
1002,S7_mixed_disruption,O030-01,16.0,1,0,6.0,8,1,10,0,-1.0,17.9
1003,S2_peak_traffic,O001-01,12.0,1,0,4.0,8,1,10,0,-1.0,11.5
1003,S2_peak_traffic,O002-01,12.0,1,1,4.25,7,1,8,0,-1.0,11.5
1003,S2_peak_traffic,O002-02,12.0,1,1,4.25,7,2,8,0,-1.0,9.3
1003,S2_peak_traffic,O003-01,22.0,0,0,4.0,10,1,5,0,-1.0,29.7
1003,S2_peak_traffic,O003-02,22.0,0,0,4.0,10,2,5,0,-1.0,16.0
1003,S2_peak_traffic,O004-01,16.0,1,3,5.5,8,1,6,0,-1.0,14.7
1003,S2_peak_traffic,O004-02,16.0,1,3,5.5,8,2,6,0,-1.0,14.3
1003,S2_peak_traffic,O004-03,16.0,1,3,5.5,8,3,6,0,-1.0,15.7
1003,S2_peak_traffic,O004-04,16.0,1,3,5.25,8,4,6,0,-1.0,14.5
1003,S2_peak_traffic,O004-05,16.0,1,3,5.25,8,5,6,0,-1.0,17.6
1003,S2_peak_traffic,O005-01,13.0,1,0,4.0,10,1,2,0,-1.0,10.8
1003,S2_peak_traffic,O006-01,13.0,1,1,4.0,10,1,2,0,-1.0,19.5
1003,S2_peak_traffic,O006-02,13.0,1,1,4.0,10,2,2,0,-1.0,11.1
1003,S2_peak_traffic,O007-01,14.0,1,1,4.0,8,1,10,0,-1.0,16.5
1003,S2_peak_traffic,O007-02,14.0,1,1,4.0,8,2,10,0,-1.0,12.0
1003,S2_peak_traffic,O008-01,18.0,1,3,5.5,8,1,6,0,-1.0,18.6
1003,S2_peak_traffic,O009-01,15.0,1,1,5.5,8,1,6,0,-1.0,19.2
1003,S2_peak_traffic,O009-02,15.0,1,1,5.25,8,2,6,0,-1.0,13.3
1003,S2_peak_traffic,O009-03,15.0,1,1,5.25,8,3,6,0,-1.0,15.2
1003,S2_peak_traffic,O010-01,25.0,0,0,4.75,6,1,1,0,-1.0,23.8
1003,S2_peak_traffic,O010-02,25.0,0,0,4.75,6,2,1,0,-1.0,23.3
1003,S2_peak_traffic,O010-03,25.0,0,0,4.75,6,3,1,0,-1.0,23.3
1003,S2_peak_traffic,O010-04,25.0,0,0,4.75,6,4,1,0,-1.0,23.4
1003,S2_peak_traffic,O011-01,17.0,0,0,5.0,10,1,3,0,-1.0,19.3
1003,S2_peak_traffic,O011-02,17.0,0,0,5.0,10,2,3,0,-1.0,14.8
1003,S2_peak_traffic,O011-03,17.0,0,0,4.75,10,3,3,0,-1.0,17.2
1003,S2_peak_traffic,O011-04,17.0,0,0,4.75,10,4,3,0,-1.0,14.8
1003,S2_peak_traffic,O012-01,20.0,0,0,4.0,10,1,3,0,-1.0,24.5
1003,S2_peak_traffic,O013-01,18.0,0,2,4.0,11,1,4,0,-1.0,15.2
1003,S2_peak_traffic,O013-02,18.0,0,2,4.0,11,2,4,0,-1.0,17.3
1003,S2_peak_traffic,O014-01,20.0,0,2,6.0,6,1,1,0,-1.0,18.3
1003,S2_peak_traffic,O014-02,20.0,0,2,6.0,6,2,1,0,-1.0,17.8
1003,S2_peak_traffic,O015-01,25.0,0,0,4.0,10,1,3,0,-1.0,22.7
1003,S2_peak_traffic,O016-01,21.0,0,1,5.0,7,1,9,0,-1.0,19.5
1003,S2_peak_traffic,O016-02,21.0,0,1,5.0,7,2,9,0,-1.0,25.5
1003,S2_peak_traffic,O016-03,21.0,0,1,5.0,7,3,9,0,-1.0,20.8
1003,S2_peak_traffic,O016-04,21.0,0,1,5.0,7,4,9,0,-1.0,19.2
1003,S2_peak_traffic,O017-01,21.0,0,1,5.0,7,1,9,0,-1.0,27.4
1003,S2_peak_traffic,O017-02,21.0,0,1,5.0,7,2,9,0,-1.0,17.5
1003,S2_peak_traffic,O018-01,22.0,0,3,5.0,11,1,4,0,-1.0,25.6
1003,S2_peak_traffic,O018-02,22.0,0,3,5.0,11,2,4,0,-1.0,22.9
1003,S2_peak_traffic,O018-03,22.0,0,3,5.0,11,3,4,0,-1.0,19.8
1003,S2_peak_traffic,O019-01,17.0,1,0,4.0,10,1,2,0,-1.0,18.2
1003,S2_peak_traffic,O020-01,24.0,0,2,5.25,10,1,5,0,-1.0,20.4
1003,S2_peak_traffic,O020-02,24.0,0,2,5.25,10,2,5,0,-1.0,21.3
1003,S2_peak_traffic,O020-03,24.0,0,2,5.0,10,3,5,0,-1.0,23.7
1003,S2_peak_traffic,O021-01,24.0,0,2,5.5,10,1,5,0,-1.0,25.2
1003,S2_peak_traffic,O022-01,12.0,1,2,5.75,7,1,8,0,-1.0,11.8
1003,S2_peak_traffic,O022-02,12.0,1,2,5.75,7,2,8,0,-1.0,13.4
1003,S2_peak_traffic,O023-01,15.0,1,2,4.5,9,1,7,0,-1.0,17.7
1003,S2_peak_traffic,O023-02,15.0,1,2,4.25,9,2,7,0,-1.0,15.5
1003,S2_peak_traffic,O023-03,15.0,1,2,4.25,9,3,7,0,-1.0,13.2
1003,S2_peak_traffic,O024-01,17.0,1,3,4.0,10,1,2,0,-1.0,17.6
1003,S2_peak_traffic,O025-01,12.0,1,1,5.0,10,1,2,0,-1.0,10.1
1003,S2_peak_traffic,O025-02,12.0,1,1,5.0,10,2,2,0,-1.0,12.6
1003,S2_peak_traffic,O025-03,12.0,1,1,5.0,10,3,2,0,-1.0,11.8
1003,S2_peak_traffic,O026-01,17.0,0,2,4.75,6,1,1,0,-1.0,13.9
1003,S2_peak_traffic,O026-02,17.0,0,2,4.75,6,2,1,0,-1.0,14.8
1003,S2_peak_traffic,O026-03,17.0,0,2,4.5,6,3,1,0,-1.0,18.8
1003,S2_peak_traffic,O027-01,17.0,0,0,5.75,11,1,4,0,-1.0,16.3
1003,S2_peak_traffic,O027-02,17.0,0,0,5.75,11,2,4,0,-1.0,20.4
1003,S2_peak_traffic,O027-03,17.0,0,0,5.5,11,3,4,0,-1.0,22.4
1003,S2_peak_traffic,O027-04,17.0,0,0,5.5,11,4,4,0,-1.0,18.2
1003,S2_peak_traffic,O028-01,17.0,0,1,5.0,11,1,4,0,-1.0,19.9
1003,S2_peak_traffic,O028-02,17.0,0,1,5.0,11,2,4,0,-1.0,14.8
1003,S2_peak_traffic,O029-01,25.0,0,3,4.75,7,1,9,0,-1.0,26.8
1003,S2_peak_traffic,O029-02,25.0,0,3,4.75,7,2,9,0,-1.0,21.2
1003,S2_peak_traffic,O029-03,25.0,0,3,4.5,7,3,9,0,-1.0,29.6
1003,S2_peak_traffic,O030-01,17.0,1,2,4.0,9,1,7,0,-1.0,20.3
1004,S0_normal,O001-01,23.0,0,3,3.5,6,1,1,0,-1.0,23.7
1004,S0_normal,O001-02,23.0,0,3,3.5,6,2,1,0,-1.0,25.6
1004,S0_normal,O002-01,21.0,0,0,4.75,6,1,1,0,-1.0,18.2
1004,S0_normal,O002-02,21.0,0,0,4.75,6,2,1,0,-1.0,21.1
1004,S0_normal,O003-01,15.0,1,3,5.25,10,1,2,0,-1.0,14.4
1004,S0_normal,O003-02,15.0,1,3,5.25,10,2,2,0,-1.0,13.3
1004,S0_normal,O004-01,15.0,1,1,5.25,9,1,7,0,-1.0,14.6
1004,S0_normal,O004-02,15.0,1,1,5.25,9,2,7,0,-1.0,15.1
1004,S0_normal,O004-03,15.0,1,1,5.25,9,3,7,0,-1.0,16.1
1004,S0_normal,O004-04,15.0,1,1,5.25,9,4,7,0,-1.0,17.6
1004,S0_normal,O005-01,15.0,1,3,5.25,8,1,6,0,-1.0,17.2
1004,S0_normal,O005-02,15.0,1,3,5.25,8,2,6,0,-1.0,18.0
1004,S0_normal,O005-03,15.0,1,3,5.25,8,3,6,0,-1.0,15.7
1004,S0_normal,O005-04,15.0,1,3,5.25,8,4,6,0,-1.0,11.8
1004,S0_normal,O005-05,15.0,1,3,5.0,8,5,6,0,-1.0,13.6
1004,S0_normal,O005-06,15.0,1,3,5.0,8,6,6,0,-1.0,15.7
1004,S0_normal,O006-01,15.0,0,1,3.25,10,1,5,0,-1.0,14.6
1004,S0_normal,O006-02,15.0,0,1,3.25,10,2,5,0,-1.0,15.0
1004,S0_normal,O007-01,14.0,1,3,3.75,8,1,10,0,-1.0,14.3
1004,S0_normal,O007-02,14.0,1,3,3.75,8,2,10,0,-1.0,15.7
1004,S0_normal,O008-01,16.0,0,0,4.25,10,1,3,0,-1.0,15.3
1004,S0_normal,O008-02,16.0,0,0,4.25,10,2,3,0,-1.0,17.5
1004,S0_normal,O009-01,17.0,1,1,3.75,8,1,6,0,-1.0,20.5
1004,S0_normal,O009-02,17.0,1,1,3.75,8,2,6,0,-1.0,14.4
1004,S0_normal,O010-01,15.0,0,0,4.0,10,1,3,0,-1.0,17.0
1004,S0_normal,O011-01,14.0,1,0,5.0,7,1,8,0,-1.0,18.4
1004,S0_normal,O012-01,25.0,0,3,3.75,7,1,9,0,-1.0,27.5
1004,S0_normal,O012-02,25.0,0,3,3.75,7,2,9,0,-1.0,23.3
1004,S0_normal,O013-01,17.0,1,0,3.75,8,1,10,0,-1.0,16.5
1004,S0_normal,O013-02,17.0,1,0,3.75,8,2,10,0,-1.0,20.7
1004,S0_normal,O014-01,15.0,1,3,4.0,8,1,6,0,-1.0,13.2
1004,S0_normal,O015-01,12.0,1,0,4.5,10,1,2,0,-1.0,12.1
1004,S0_normal,O015-02,12.0,1,0,4.25,10,2,2,0,-1.0,15.3
1004,S0_normal,O015-03,12.0,1,0,4.25,10,3,2,0,-1.0,12.2
1004,S0_normal,O016-01,18.0,0,0,4.5,10,1,3,0,-1.0,20.6
1004,S0_normal,O016-02,18.0,0,0,4.25,10,2,3,0,-1.0,15.0
1004,S0_normal,O016-03,18.0,0,0,4.25,10,3,3,0,-1.0,16.0
1004,S0_normal,O017-01,19.0,0,3,3.25,11,1,4,0,-1.0,21.9
1004,S0_normal,O017-02,19.0,0,3,3.25,11,2,4,0,-1.0,20.0
1004,S0_normal,O018-01,25.0,0,1,5.75,11,1,4,0,-1.0,23.9
1004,S0_normal,O018-02,25.0,0,1,5.75,11,2,4,0,-1.0,17.8
1004,S0_normal,O018-03,25.0,0,1,5.5,11,3,4,0,-1.0,24.8
1004,S0_normal,O018-04,25.0,0,1,5.5,11,4,4,0,-1.0,27.2
1004,S0_normal,O019-01,16.0,0,3,4.25,10,1,5,0,-1.0,18.4
1004,S0_normal,O019-02,16.0,0,3,4.25,10,2,5,0,-1.0,17.9
1004,S0_normal,O020-01,25.0,0,1,5.25,10,1,5,0,-1.0,22.2
1004,S0_normal,O020-02,25.0,0,1,5.25,10,2,5,0,-1.0,18.6
1004,S0_normal,O020-03,25.0,0,1,5.25,10,3,5,0,-1.0,20.2
1004,S0_normal,O020-04,25.0,0,1,5.25,10,4,5,0,-1.0,30.2
1004,S0_normal,O021-01,15.0,1,0,4.0,7,1,8,0,-1.0,13.5
1004,S0_normal,O022-01,23.0,0,1,3.25,10,1,5,0,-1.0,17.7
1004,S0_normal,O022-02,23.0,0,1,3.25,10,2,5,0,-1.0,21.1
1004,S0_normal,O023-01,18.0,0,3,5.5,6,1,1,0,-1.0,20.0
1004,S0_normal,O024-01,19.0,0,3,4.25,10,1,5,0,-1.0,18.8
1004,S0_normal,O024-02,19.0,0,3,4.25,10,2,5,0,-1.0,18.7
1004,S0_normal,O025-01,12.0,1,2,3.75,8,1,10,0,-1.0,10.7
1004,S0_normal,O025-02,12.0,1,2,3.75,8,2,10,0,-1.0,14.7
1004,S0_normal,O026-01,13.0,1,0,6.0,9,1,7,0,-1.0,18.3
1004,S0_normal,O027-01,18.0,0,1,4.0,7,1,9,0,-1.0,19.4
1004,S0_normal,O028-01,21.0,0,2,4.0,7,1,9,0,-1.0,28.7
1004,S0_normal,O028-02,21.0,0,2,4.0,7,2,9,0,-1.0,20.9
1004,S0_normal,O029-01,18.0,0,1,5.75,11,1,4,0,-1.0,21.3
1004,S0_normal,O029-02,18.0,0,1,5.75,11,2,4,0,-1.0,16.1
1004,S0_normal,O030-01,15.0,1,3,4.5,8,1,10,0,-1.0,12.0
1004,S0_normal,O030-02,15.0,1,3,4.5,8,2,10,0,-1.0,22.1
1005,S0_normal,O001-01,17.0,1,1,3.5,8,1,6,0,-1.0,12.6
1005,S0_normal,O001-02,17.0,1,1,3.5,8,2,6,0,-1.0,18.1
1005,S0_normal,O002-01,16.0,0,2,5.75,6,1,1,0,-1.0,16.3
1005,S0_normal,O002-02,16.0,0,2,5.75,6,2,1,0,-1.0,10.6
1005,S0_normal,O002-03,16.0,0,2,5.5,6,3,1,0,-1.0,22.0
1005,S0_normal,O002-04,16.0,0,2,5.5,6,4,1,0,-1.0,13.7
1005,S0_normal,O002-05,16.0,0,2,5.5,6,5,1,0,-1.0,13.8
1005,S0_normal,O002-06,16.0,0,2,5.5,6,6,1,0,-1.0,15.9
1005,S0_normal,O003-01,23.0,0,0,5.0,6,1,1,0,-1.0,21.0
1005,S0_normal,O004-01,12.0,1,2,4.0,9,1,7,0,-1.0,9.6
1005,S0_normal,O005-01,13.0,1,0,5.75,8,1,10,0,-1.0,12.0
1005,S0_normal,O005-02,13.0,1,0,5.75,8,2,10,0,-1.0,11.4
1005,S0_normal,O006-01,17.0,1,0,5.0,9,1,7,0,-1.0,16.7
1005,S0_normal,O006-02,17.0,1,0,5.0,9,2,7,0,-1.0,14.5
1005,S0_normal,O006-03,17.0,1,0,5.0,9,3,7,0,-1.0,15.9
1005,S0_normal,O007-01,15.0,1,3,5.5,7,1,8,0,-1.0,16.8
1005,S0_normal,O007-02,15.0,1,3,5.5,7,2,8,0,-1.0,16.0
1005,S0_normal,O007-03,15.0,1,3,5.5,7,3,8,0,-1.0,12.9
1005,S0_normal,O008-01,18.0,0,0,4.5,11,1,4,0,-1.0,16.2
1005,S0_normal,O009-01,15.0,1,0,3.25,8,1,10,0,-1.0,18.2
1005,S0_normal,O009-02,15.0,1,0,3.25,8,2,10,0,-1.0,13.6
1005,S0_normal,O010-01,23.0,0,2,3.25,6,1,1,0,-1.0,18.4
1005,S0_normal,O010-02,23.0,0,2,3.25,6,2,1,0,-1.0,20.9
1005,S0_normal,O011-01,17.0,1,0,4.5,7,1,8,0,-1.0,20.3
1005,S0_normal,O012-01,18.0,0,2,3.25,10,1,5,0,-1.0,18.6
1005,S0_normal,O012-02,18.0,0,2,3.25,10,2,5,0,-1.0,21.5
1005,S0_normal,O013-01,17.0,1,3,3.75,7,1,8,0,-1.0,21.4
1005,S0_normal,O013-02,17.0,1,3,3.75,7,2,8,0,-1.0,16.4
1005,S0_normal,O014-01,15.0,1,3,4.75,9,1,7,0,-1.0,16.4
1005,S0_normal,O014-02,15.0,1,3,4.75,9,2,7,0,-1.0,16.0
1005,S0_normal,O014-03,15.0,1,3,4.5,9,3,7,0,-1.0,15.4
1005,S0_normal,O014-04,15.0,1,3,4.5,9,4,7,0,-1.0,15.7
1005,S0_normal,O015-01,18.0,1,0,4.0,8,1,6,0,-1.0,17.5
1005,S0_normal,O015-02,18.0,1,0,4.0,8,2,6,0,-1.0,21.5
1005,S0_normal,O016-01,23.0,0,3,5.0,10,1,3,0,-1.0,19.2
1005,S0_normal,O017-01,15.0,1,1,3.5,8,1,10,0,-1.0,11.7
1005,S0_normal,O017-02,15.0,1,1,3.5,8,2,10,0,-1.0,15.7
1005,S0_normal,O018-01,25.0,0,2,5.75,11,1,4,0,-1.0,28.3
1005,S0_normal,O018-02,25.0,0,2,5.75,11,2,4,0,-1.0,28.3
1005,S0_normal,O019-01,20.0,0,0,4.25,10,1,3,0,-1.0,21.6
1005,S0_normal,O019-02,20.0,0,0,4.25,10,2,3,0,-1.0,16.2
1005,S0_normal,O020-01,17.0,1,3,5.5,8,1,6,0,-1.0,17.4
1005,S0_normal,O020-02,17.0,1,3,5.5,8,2,6,0,-1.0,15.4
1005,S0_normal,O021-01,20.0,0,2,4.75,7,1,9,0,-1.0,26.4
1005,S0_normal,O021-02,20.0,0,2,4.75,7,2,9,0,-1.0,21.4
1005,S0_normal,O022-01,15.0,1,1,3.25,8,1,6,0,-1.0,15.3
1005,S0_normal,O022-02,15.0,1,1,3.25,8,2,6,0,-1.0,15.3
1005,S0_normal,O023-01,25.0,0,2,6.0,10,1,5,0,-1.0,30.6
1005,S0_normal,O023-02,25.0,0,2,6.0,10,2,5,0,-1.0,21.2
1005,S0_normal,O023-03,25.0,0,2,6.0,10,3,5,0,-1.0,32.0
1005,S0_normal,O024-01,18.0,1,0,4.75,7,1,8,0,-1.0,14.1
1005,S0_normal,O024-02,18.0,1,0,4.75,7,2,8,0,-1.0,21.6
1005,S0_normal,O025-01,18.0,0,0,6.0,11,1,4,0,-1.0,20.7
1005,S0_normal,O025-02,18.0,0,0,6.0,11,2,4,0,-1.0,25.0
1005,S0_normal,O025-03,18.0,0,0,5.75,11,3,4,0,-1.0,19.8
1005,S0_normal,O025-04,18.0,0,0,5.75,11,4,4,0,-1.0,15.2
1005,S0_normal,O026-01,23.0,0,2,4.0,10,1,3,0,-1.0,21.1
1005,S0_normal,O027-01,24.0,0,3,4.0,6,1,1,0,-1.0,30.3
1005,S0_normal,O028-01,16.0,1,0,5.25,9,1,7,0,-1.0,17.5
1005,S0_normal,O028-02,16.0,1,0,5.25,9,2,7,0,-1.0,15.0
1005,S0_normal,O028-03,16.0,1,0,5.25,9,3,7,0,-1.0,13.0
1005,S0_normal,O028-04,16.0,1,0,5.25,9,4,7,0,-1.0,14.2
1005,S0_normal,O029-01,12.0,1,3,5.5,8,1,6,0,-1.0,11.4
1005,S0_normal,O029-02,12.0,1,3,5.5,8,2,6,0,-1.0,12.5
1005,S0_normal,O030-01,18.0,1,0,4.0,10,1,2,0,-1.0,17.9
1006,S3_site_delay,O001-01,18.0,1,3,3.5,7,1,8,0,-1.0,12.8
1006,S3_site_delay,O001-02,18.0,1,3,3.5,7,2,8,0,-1.0,17.0
1006,S3_site_delay,O002-01,15.0,0,1,6.0,10,1,3,0,-1.0,12.5
1006,S3_site_delay,O002-02,15.0,0,1,5.75,10,2,3,0,-1.0,13.1
1006,S3_site_delay,O002-03,15.0,0,1,5.75,10,3,3,0,-1.0,15.4
1006,S3_site_delay,O003-01,21.0,0,0,5.75,11,1,4,0,-1.0,17.8
1006,S3_site_delay,O003-02,21.0,0,0,5.75,11,2,4,0,-1.0,20.4
1006,S3_site_delay,O004-01,16.0,1,1,4.5,8,1,10,0,-1.0,15.5
1006,S3_site_delay,O005-01,16.0,1,3,3.25,7,1,8,0,-1.0,16.5
1006,S3_site_delay,O005-02,16.0,1,3,3.25,7,2,8,0,-1.0,13.5
1006,S3_site_delay,O006-01,16.0,0,3,6.0,10,1,5,0,-1.0,17.1
1006,S3_site_delay,O006-02,16.0,0,3,6.0,10,2,5,0,-1.0,14.9
1006,S3_site_delay,O006-03,16.0,0,3,6.0,10,3,5,0,-1.0,15.4
1006,S3_site_delay,O007-01,25.0,0,0,5.5,10,1,3,0,-1.0,25.1
1006,S3_site_delay,O007-02,25.0,0,0,5.5,10,2,3,0,-1.0,26.4
1006,S3_site_delay,O008-01,14.0,1,2,3.25,8,1,6,0,-1.0,15.7
1006,S3_site_delay,O008-02,14.0,1,2,3.25,8,2,6,0,-1.0,13.8
1006,S3_site_delay,O009-01,16.0,0,2,5.75,7,1,9,0,-1.0,14.8
1006,S3_site_delay,O009-02,16.0,0,2,5.75,7,2,9,0,-1.0,17.7
1006,S3_site_delay,O010-01,22.0,0,3,3.5,10,1,3,0,-1.0,18.5
1006,S3_site_delay,O010-02,22.0,0,3,3.5,10,2,3,0,-1.0,19.9
1006,S3_site_delay,O011-01,18.0,0,1,4.0,11,1,4,0,-1.0,17.1
1006,S3_site_delay,O012-01,16.0,1,0,5.75,9,1,7,0,-1.0,13.5
1006,S3_site_delay,O012-02,16.0,1,0,5.75,9,2,7,0,-1.0,18.3
1006,S3_site_delay,O012-03,16.0,1,0,5.75,9,3,7,0,-1.0,15.3
1006,S3_site_delay,O012-04,16.0,1,0,5.75,9,4,7,0,-1.0,13.0
1006,S3_site_delay,O013-01,15.0,0,1,4.0,6,1,1,0,-1.0,12.1
1006,S3_site_delay,O014-01,20.0,0,0,5.25,6,1,1,0,-1.0,25.9
1006,S3_site_delay,O014-02,20.0,0,0,5.25,6,2,1,0,-1.0,19.8
1006,S3_site_delay,O014-03,20.0,0,0,5.0,6,3,1,0,-1.0,19.1
1006,S3_site_delay,O015-01,15.0,0,2,5.75,6,1,1,0,-1.0,17.3
1006,S3_site_delay,O015-02,15.0,0,2,5.75,6,2,1,0,-1.0,14.3
1006,S3_site_delay,O016-01,22.0,0,0,5.75,7,1,9,0,-1.0,22.6
1006,S3_site_delay,O016-02,22.0,0,0,5.75,7,2,9,0,-1.0,25.9
1006,S3_site_delay,O016-03,22.0,0,0,5.75,7,3,9,0,-1.0,20.6
1006,S3_site_delay,O016-04,22.0,0,0,5.75,7,4,9,0,-1.0,26.0
1006,S3_site_delay,O016-05,22.0,0,0,5.5,7,5,9,0,-1.0,21.9
1006,S3_site_delay,O017-01,21.0,0,2,5.0,10,1,3,0,-1.0,19.4
1006,S3_site_delay,O018-01,21.0,0,0,5.25,7,1,9,0,-1.0,18.9
1006,S3_site_delay,O018-02,21.0,0,0,5.25,7,2,9,0,-1.0,24.9
1006,S3_site_delay,O018-03,21.0,0,0,5.25,7,3,9,0,-1.0,27.1
1006,S3_site_delay,O018-04,21.0,0,0,5.25,7,4,9,0,-1.0,18.1
1006,S3_site_delay,O018-05,21.0,0,0,5.25,7,5,9,0,-1.0,25.6
1006,S3_site_delay,O018-06,21.0,0,0,5.25,7,6,9,0,-1.0,23.4
1006,S3_site_delay,O018-07,21.0,0,0,5.0,7,7,9,0,-1.0,21.8
1006,S3_site_delay,O019-01,14.0,1,0,4.75,7,1,8,0,-1.0,14.3
1006,S3_site_delay,O019-02,14.0,1,0,4.75,7,2,8,0,-1.0,13.3
1006,S3_site_delay,O020-01,12.0,1,2,5.5,7,1,8,0,-1.0,12.0
1006,S3_site_delay,O021-01,15.0,0,2,5.25,10,1,3,0,-1.0,12.3
1006,S3_site_delay,O021-02,15.0,0,2,5.25,10,2,3,0,-1.0,16.5
1006,S3_site_delay,O021-03,15.0,0,2,5.25,10,3,3,0,-1.0,15.7
1006,S3_site_delay,O021-04,15.0,0,2,5.25,10,4,3,0,-1.0,12.8
1006,S3_site_delay,O022-01,18.0,1,1,4.0,8,1,6,0,-1.0,23.0
1006,S3_site_delay,O023-01,14.0,1,0,5.5,8,1,10,0,-1.0,14.8
1006,S3_site_delay,O023-02,14.0,1,0,5.5,8,2,10,0,-1.0,13.7
1006,S3_site_delay,O024-01,12.0,1,3,4.5,10,1,2,0,-1.0,13.3
1006,S3_site_delay,O025-01,16.0,0,1,5.5,7,1,9,0,-1.0,16.8
1006,S3_site_delay,O025-02,16.0,0,1,5.5,7,2,9,0,-1.0,14.0
1006,S3_site_delay,O026-01,15.0,0,3,4.0,10,1,3,0,-1.0,11.3
1006,S3_site_delay,O027-01,17.0,1,2,4.0,8,1,6,0,-1.0,15.3
1006,S3_site_delay,O027-02,17.0,1,2,4.0,8,2,6,0,-1.0,17.0
1006,S3_site_delay,O028-01,13.0,1,1,3.75,9,1,7,0,-1.0,14.2
1006,S3_site_delay,O028-02,13.0,1,1,3.75,9,2,7,0,-1.0,13.4
1006,S3_site_delay,O029-01,23.0,0,3,3.5,10,1,5,0,-1.0,16.9
1006,S3_site_delay,O029-02,23.0,0,3,3.5,10,2,5,0,-1.0,24.1
1006,S3_site_delay,O030-01,18.0,1,0,4.5,10,1,2,0,-1.0,16.0
1006,S3_site_delay,O030-02,18.0,1,0,4.25,10,2,2,0,-1.0,19.9
1006,S3_site_delay,O030-03,18.0,1,0,4.25,10,3,2,0,-1.0,21.9
1007,S0_normal,O001-01,15.0,1,0,4.0,10,1,2,0,-1.0,18.7
1007,S0_normal,O002-01,16.0,1,1,3.75,8,1,10,0,-1.0,17.2
1007,S0_normal,O002-02,16.0,1,1,3.75,8,2,10,0,-1.0,17.6
1007,S0_normal,O003-01,13.0,1,2,5.5,7,1,8,0,-1.0,17.0
1007,S0_normal,O004-01,23.0,0,3,4.75,10,1,3,0,-1.0,27.5
1007,S0_normal,O004-02,23.0,0,3,4.75,10,2,3,0,-1.0,22.1
1007,S0_normal,O005-01,19.0,0,0,3.25,10,1,3,0,-1.0,21.8
1007,S0_normal,O005-02,19.0,0,0,3.25,10,2,3,0,-1.0,20.0
1007,S0_normal,O006-01,18.0,0,0,3.75,11,1,4,0,-1.0,18.4
1007,S0_normal,O006-02,18.0,0,0,3.75,11,2,4,0,-1.0,15.2
1007,S0_normal,O007-01,18.0,1,3,4.0,9,1,7,0,-1.0,15.8
1007,S0_normal,O007-02,18.0,1,3,4.0,9,2,7,0,-1.0,18.3
1007,S0_normal,O008-01,18.0,1,0,5.5,8,1,10,0,-1.0,16.8
1007,S0_normal,O009-01,13.0,1,1,6.0,8,1,10,0,-1.0,13.4
1007,S0_normal,O009-02,13.0,1,1,6.0,8,2,10,0,-1.0,10.5
1007,S0_normal,O010-01,25.0,0,3,5.5,7,1,9,0,-1.0,19.7
1007,S0_normal,O010-02,25.0,0,3,5.5,7,2,9,0,-1.0,25.8
1007,S0_normal,O011-01,18.0,0,2,5.5,11,1,4,0,-1.0,18.5
1007,S0_normal,O011-02,18.0,0,2,5.5,11,2,4,0,-1.0,19.3
1007,S0_normal,O011-03,18.0,0,2,5.5,11,3,4,0,-1.0,20.7
1007,S0_normal,O011-04,18.0,0,2,5.5,11,4,4,0,-1.0,16.7
1007,S0_normal,O012-01,16.0,1,0,4.25,8,1,6,0,-1.0,15.0
1007,S0_normal,O012-02,16.0,1,0,4.25,8,2,6,0,-1.0,21.6
1007,S0_normal,O012-03,16.0,1,0,4.0,8,3,6,0,-1.0,15.8
1007,S0_normal,O013-01,24.0,0,3,4.25,7,1,9,0,-1.0,25.4
1007,S0_normal,O013-02,24.0,0,3,4.25,7,2,9,0,-1.0,19.8
1007,S0_normal,O014-01,18.0,0,1,4.75,10,1,5,0,-1.0,16.5
1007,S0_normal,O014-02,18.0,0,1,4.75,10,2,5,0,-1.0,19.0
1007,S0_normal,O014-03,18.0,0,1,4.5,10,3,5,0,-1.0,17.2
1007,S0_normal,O015-01,25.0,0,3,6.0,10,1,3,0,-1.0,23.8
1007,S0_normal,O016-01,17.0,1,1,4.5,8,1,10,0,-1.0,19.0
1007,S0_normal,O017-01,20.0,0,0,5.75,11,1,4,0,-1.0,14.7
1007,S0_normal,O017-02,20.0,0,0,5.75,11,2,4,0,-1.0,18.4
1007,S0_normal,O018-01,19.0,0,0,5.25,7,1,9,0,-1.0,13.9
1007,S0_normal,O018-02,19.0,0,0,5.25,7,2,9,0,-1.0,19.3
1007,S0_normal,O019-01,14.0,1,1,5.5,10,1,2,0,-1.0,13.8
1007,S0_normal,O019-02,14.0,1,1,5.25,10,2,2,0,-1.0,15.6
1007,S0_normal,O019-03,14.0,1,1,5.25,10,3,2,0,-1.0,14.2
1007,S0_normal,O020-01,18.0,0,0,4.0,10,1,3,0,-1.0,17.4
1007,S0_normal,O021-01,12.0,1,2,5.25,7,1,8,0,-1.0,11.1
1007,S0_normal,O021-02,12.0,1,2,5.25,7,2,8,0,-1.0,13.3
1007,S0_normal,O021-03,12.0,1,2,5.25,7,3,8,0,-1.0,12.0
1007,S0_normal,O021-04,12.0,1,2,5.25,7,4,8,0,-1.0,11.6
1007,S0_normal,O021-05,12.0,1,2,5.0,7,5,8,0,-1.0,14.8
1007,S0_normal,O021-06,12.0,1,2,5.0,7,6,8,0,-1.0,12.4
1007,S0_normal,O022-01,17.0,0,0,5.0,10,1,5,0,-1.0,17.5
1007,S0_normal,O022-02,17.0,0,0,5.0,10,2,5,0,-1.0,19.7
1007,S0_normal,O023-01,17.0,1,3,4.0,8,1,6,0,-1.0,15.7
1007,S0_normal,O024-01,13.0,1,0,5.0,9,1,7,0,-1.0,11.9
1007,S0_normal,O024-02,13.0,1,0,5.0,9,2,7,0,-1.0,17.4
1007,S0_normal,O025-01,15.0,0,2,4.5,10,1,5,0,-1.0,11.6
1007,S0_normal,O025-02,15.0,0,2,4.25,10,2,5,0,-1.0,17.0
1007,S0_normal,O025-03,15.0,0,2,4.25,10,3,5,0,-1.0,15.0
1007,S0_normal,O026-01,21.0,0,2,5.0,6,1,1,0,-1.0,18.0
1007,S0_normal,O026-02,21.0,0,2,5.0,6,2,1,0,-1.0,25.7
1007,S0_normal,O027-01,21.0,0,1,3.5,6,1,1,0,-1.0,20.2
1007,S0_normal,O027-02,21.0,0,1,3.5,6,2,1,0,-1.0,22.0
1007,S0_normal,O028-01,15.0,1,1,4.5,8,1,6,0,-1.0,13.7
1007,S0_normal,O028-02,15.0,1,1,4.5,8,2,6,0,-1.0,13.3
1007,S0_normal,O028-03,15.0,1,1,4.5,8,3,6,0,-1.0,9.9
1007,S0_normal,O029-01,15.0,1,2,6.0,7,1,8,0,-1.0,12.0
1007,S0_normal,O030-01,23.0,0,3,5.0,10,1,5,0,-1.0,24.2
1007,S0_normal,O030-02,23.0,0,3,5.0,10,2,5,0,-1.0,29.4
1008,S1_light_traffic,O001-01,17.0,1,3,6.0,9,1,7,0,-1.0,23.4
1008,S1_light_traffic,O001-02,17.0,1,3,6.0,9,2,7,0,-1.0,14.7
1008,S1_light_traffic,O001-03,17.0,1,3,6.0,9,3,7,0,-1.0,16.4
1008,S1_light_traffic,O002-01,22.0,0,0,5.75,6,1,1,0,-1.0,18.5
1008,S1_light_traffic,O002-02,22.0,0,0,5.75,6,2,1,0,-1.0,21.5
1008,S1_light_traffic,O003-01,14.0,1,3,3.25,9,1,7,0,-1.0,13.7
1008,S1_light_traffic,O003-02,14.0,1,3,3.25,9,2,7,0,-1.0,17.4
1008,S1_light_traffic,O004-01,23.0,0,0,5.25,10,1,5,0,-1.0,19.5
1008,S1_light_traffic,O004-02,23.0,0,0,5.25,10,2,5,0,-1.0,24.2
1008,S1_light_traffic,O004-03,23.0,0,0,5.0,10,3,5,0,-1.0,24.1
1008,S1_light_traffic,O005-01,15.0,0,0,5.5,10,1,3,0,-1.0,18.2
1008,S1_light_traffic,O005-02,15.0,0,0,5.5,10,2,3,0,-1.0,14.3
1008,S1_light_traffic,O005-03,15.0,0,0,5.5,10,3,3,0,-1.0,17.0
1008,S1_light_traffic,O006-01,17.0,0,3,5.0,10,1,3,0,-1.0,20.4
1008,S1_light_traffic,O006-02,17.0,0,3,5.0,10,2,3,0,-1.0,17.8
1008,S1_light_traffic,O007-01,25.0,0,2,3.25,10,1,3,0,-1.0,31.0
1008,S1_light_traffic,O007-02,25.0,0,2,3.25,10,2,3,0,-1.0,28.7
1008,S1_light_traffic,O008-01,20.0,0,0,4.5,11,1,4,0,-1.0,18.2
1008,S1_light_traffic,O008-02,20.0,0,0,4.5,11,2,4,0,-1.0,28.4
1008,S1_light_traffic,O008-03,20.0,0,0,4.5,11,3,4,0,-1.0,22.2
1008,S1_light_traffic,O009-01,21.0,0,3,4.5,10,1,5,0,-1.0,17.7
1008,S1_light_traffic,O009-02,21.0,0,3,4.5,10,2,5,0,-1.0,18.9
1008,S1_light_traffic,O010-01,20.0,0,1,3.75,6,1,1,0,-1.0,19.4
1008,S1_light_traffic,O010-02,20.0,0,1,3.75,6,2,1,0,-1.0,16.2
1008,S1_light_traffic,O011-01,16.0,1,3,6.0,9,1,7,0,-1.0,19.1
1008,S1_light_traffic,O011-02,16.0,1,3,6.0,9,2,7,0,-1.0,16.6
1008,S1_light_traffic,O012-01,18.0,1,3,4.0,8,1,10,0,-1.0,17.8
1008,S1_light_traffic,O013-01,24.0,0,2,4.5,7,1,9,0,-1.0,20.3
1008,S1_light_traffic,O013-02,24.0,0,2,4.5,7,2,9,0,-1.0,26.0
1008,S1_light_traffic,O014-01,19.0,0,1,5.5,10,1,5,0,-1.0,16.9
1008,S1_light_traffic,O014-02,19.0,0,1,5.5,10,2,5,0,-1.0,15.1
1008,S1_light_traffic,O014-03,19.0,0,1,5.25,10,3,5,0,-1.0,24.7
1008,S1_light_traffic,O014-04,19.0,0,1,5.25,10,4,5,0,-1.0,18.6
1008,S1_light_traffic,O014-05,19.0,0,1,5.25,10,5,5,0,-1.0,19.2
1008,S1_light_traffic,O014-06,19.0,0,1,5.25,10,6,5,0,-1.0,21.8
1008,S1_light_traffic,O015-01,16.0,1,1,4.0,8,1,6,0,-1.0,19.7
1008,S1_light_traffic,O015-02,16.0,1,1,4.0,8,2,6,0,-1.0,17.8
1008,S1_light_traffic,O016-01,16.0,0,2,5.75,10,1,3,0,-1.0,13.4
1008,S1_light_traffic,O016-02,16.0,0,2,5.75,10,2,3,0,-1.0,13.7
1008,S1_light_traffic,O016-03,16.0,0,2,5.75,10,3,3,0,-1.0,14.1
1008,S1_light_traffic,O016-04,16.0,0,2,5.75,10,4,3,0,-1.0,16.0
1008,S1_light_traffic,O016-05,16.0,0,2,5.5,10,5,3,0,-1.0,17.6
1008,S1_light_traffic,O017-01,19.0,0,2,3.75,10,1,3,0,-1.0,23.3
1008,S1_light_traffic,O017-02,19.0,0,2,3.75,10,2,3,0,-1.0,25.4
1008,S1_light_traffic,O018-01,18.0,1,0,4.0,8,1,6,0,-1.0,17.2
1008,S1_light_traffic,O019-01,17.0,1,1,3.75,9,1,7,0,-1.0,20.5
1008,S1_light_traffic,O019-02,17.0,1,1,3.75,9,2,7,0,-1.0,19.4
1008,S1_light_traffic,O020-01,20.0,0,2,4.0,7,1,9,0,-1.0,16.2
1008,S1_light_traffic,O020-02,20.0,0,2,4.0,7,2,9,0,-1.0,18.9
1008,S1_light_traffic,O021-01,20.0,0,0,5.5,11,1,4,0,-1.0,21.1
1008,S1_light_traffic,O021-02,20.0,0,0,5.5,11,2,4,0,-1.0,17.4
1008,S1_light_traffic,O021-03,20.0,0,0,5.25,11,3,4,0,-1.0,22.6
1008,S1_light_traffic,O021-04,20.0,0,0,5.25,11,4,4,0,-1.0,18.8
1008,S1_light_traffic,O022-01,17.0,1,0,6.0,8,1,10,0,-1.0,16.5
1008,S1_light_traffic,O022-02,17.0,1,0,6.0,8,2,10,0,-1.0,19.1
1008,S1_light_traffic,O022-03,17.0,1,0,6.0,8,3,10,0,-1.0,18.0
1008,S1_light_traffic,O022-04,17.0,1,0,6.0,8,4,10,0,-1.0,19.6
1008,S1_light_traffic,O023-01,25.0,0,1,4.0,7,1,9,0,-1.0,20.0
1008,S1_light_traffic,O024-01,18.0,1,1,4.25,10,1,2,0,-1.0,15.3
1008,S1_light_traffic,O024-02,18.0,1,1,4.25,10,2,2,0,-1.0,21.9
1008,S1_light_traffic,O024-03,18.0,1,1,4.0,10,3,2,0,-1.0,18.6
1008,S1_light_traffic,O025-01,16.0,1,0,6.0,7,1,8,0,-1.0,12.1
1008,S1_light_traffic,O025-02,16.0,1,0,6.0,7,2,8,0,-1.0,20.7
1008,S1_light_traffic,O026-01,21.0,0,1,3.75,6,1,1,0,-1.0,27.4
1008,S1_light_traffic,O026-02,21.0,0,1,3.75,6,2,1,0,-1.0,18.3
1008,S1_light_traffic,O027-01,23.0,0,1,4.0,6,1,1,0,-1.0,26.6
1008,S1_light_traffic,O028-01,12.0,1,3,4.5,10,1,2,0,-1.0,9.7
1008,S1_light_traffic,O028-02,12.0,1,3,4.5,10,2,2,0,-1.0,11.4
1008,S1_light_traffic,O029-01,13.0,1,0,4.5,7,1,8,0,-1.0,10.6
1008,S1_light_traffic,O029-02,13.0,1,0,4.5,7,2,8,0,-1.0,9.7
1008,S1_light_traffic,O030-01,17.0,0,2,4.5,6,1,1,0,-1.0,18.4
1008,S1_light_traffic,O030-02,17.0,0,2,4.5,6,2,1,0,-1.0,20.7
1008,S1_light_traffic,O030-03,17.0,0,2,4.5,6,3,1,0,-1.0,13.7
1009,S0_normal,O001-01,24.0,0,1,5.25,7,1,9,0,-1.0,19.5
1009,S0_normal,O001-02,24.0,0,1,5.25,7,2,9,0,-1.0,19.6
1009,S0_normal,O001-03,24.0,0,1,5.0,7,3,9,0,-1.0,24.0
1009,S0_normal,O001-04,24.0,0,1,5.0,7,4,9,0,-1.0,29.6
1009,S0_normal,O002-01,13.0,1,3,3.5,9,1,7,0,-1.0,18.9
1009,S0_normal,O002-02,13.0,1,3,3.5,9,2,7,0,-1.0,14.2
1009,S0_normal,O003-01,12.0,1,3,4.0,9,1,7,0,-1.0,10.7
1009,S0_normal,O004-01,24.0,0,0,5.25,11,1,4,0,-1.0,30.2
1009,S0_normal,O004-02,24.0,0,0,5.25,11,2,4,0,-1.0,22.6
1009,S0_normal,O005-01,14.0,1,1,6.0,8,1,6,0,-1.0,15.0
1009,S0_normal,O006-01,15.0,1,0,5.0,7,1,8,0,-1.0,19.7
1009,S0_normal,O007-01,18.0,1,3,3.75,8,1,6,0,-1.0,18.6
1009,S0_normal,O007-02,18.0,1,3,3.75,8,2,6,0,-1.0,17.3
1009,S0_normal,O008-01,18.0,0,1,3.5,6,1,1,0,-1.0,22.2
1009,S0_normal,O008-02,18.0,0,1,3.5,6,2,1,0,-1.0,24.2
1009,S0_normal,O009-01,15.0,1,0,3.75,10,1,2,0,-1.0,15.4
1009,S0_normal,O009-02,15.0,1,0,3.75,10,2,2,0,-1.0,14.3
1009,S0_normal,O010-01,25.0,0,2,6.0,7,1,9,0,-1.0,27.3
1009,S0_normal,O011-01,18.0,1,1,4.0,8,1,10,0,-1.0,21.7
1009,S0_normal,O012-01,16.0,0,1,4.0,6,1,1,0,-1.0,20.6
1009,S0_normal,O012-02,16.0,0,1,4.0,6,2,1,0,-1.0,17.3
1009,S0_normal,O013-01,13.0,1,1,3.25,8,1,10,0,-1.0,12.5
1009,S0_normal,O013-02,13.0,1,1,3.25,8,2,10,0,-1.0,14.7
1009,S0_normal,O014-01,15.0,1,3,4.5,8,1,10,0,-1.0,15.1
1009,S0_normal,O014-02,15.0,1,3,4.5,8,2,10,0,-1.0,13.4
1009,S0_normal,O014-03,15.0,1,3,4.5,8,3,10,0,-1.0,18.6
1009,S0_normal,O015-01,15.0,1,1,4.0,8,1,10,0,-1.0,14.6
1009,S0_normal,O015-02,15.0,1,1,4.0,8,2,10,0,-1.0,19.9
1009,S0_normal,O016-01,12.0,1,3,3.5,8,1,6,0,-1.0,14.6
1009,S0_normal,O016-02,12.0,1,3,3.5,8,2,6,0,-1.0,11.8
1009,S0_normal,O017-01,15.0,1,1,4.5,9,1,7,0,-1.0,11.8
1009,S0_normal,O017-02,15.0,1,1,4.25,9,2,7,0,-1.0,12.8
1009,S0_normal,O017-03,15.0,1,1,4.25,9,3,7,0,-1.0,16.3
1009,S0_normal,O018-01,16.0,0,1,4.0,10,1,5,0,-1.0,13.9
1009,S0_normal,O018-02,16.0,0,1,4.0,10,2,5,0,-1.0,21.5
1009,S0_normal,O019-01,14.0,1,3,3.5,7,1,8,0,-1.0,14.8
1009,S0_normal,O019-02,14.0,1,3,3.5,7,2,8,0,-1.0,11.9
1009,S0_normal,O020-01,12.0,1,1,4.5,10,1,2,0,-1.0,12.7
1009,S0_normal,O021-01,23.0,0,0,5.5,10,1,3,0,-1.0,27.5
1009,S0_normal,O022-01,25.0,0,0,5.0,6,1,1,0,-1.0,21.4
1009,S0_normal,O022-02,25.0,0,0,5.0,6,2,1,0,-1.0,29.2
1009,S0_normal,O022-03,25.0,0,0,5.0,6,3,1,0,-1.0,17.7
1009,S0_normal,O022-04,25.0,0,0,4.75,6,4,1,0,-1.0,25.2
1009,S0_normal,O022-05,25.0,0,0,4.75,6,5,1,0,-1.0,22.6
1009,S0_normal,O023-01,23.0,0,3,4.5,6,1,1,0,-1.0,16.1
1009,S0_normal,O023-02,23.0,0,3,4.25,6,2,1,0,-1.0,22.2
1009,S0_normal,O023-03,23.0,0,3,4.25,6,3,1,0,-1.0,27.4
1009,S0_normal,O024-01,18.0,1,0,4.0,8,1,10,0,-1.0,18.1
1009,S0_normal,O024-02,18.0,1,0,4.0,8,2,10,0,-1.0,16.3
1009,S0_normal,O025-01,20.0,0,2,4.0,11,1,4,0,-1.0,18.3
1009,S0_normal,O025-02,20.0,0,2,4.0,11,2,4,0,-1.0,26.2
1009,S0_normal,O026-01,21.0,0,2,6.0,10,1,3,0,-1.0,21.9
1009,S0_normal,O026-02,21.0,0,2,6.0,10,2,3,0,-1.0,19.8
1009,S0_normal,O026-03,21.0,0,2,5.75,10,3,3,0,-1.0,22.8
1009,S0_normal,O026-04,21.0,0,2,5.75,10,4,3,0,-1.0,32.6
1009,S0_normal,O027-01,17.0,1,2,4.0,8,1,6,0,-1.0,17.1
1009,S0_normal,O028-01,12.0,1,0,5.5,10,1,2,0,-1.0,11.1
1009,S0_normal,O028-02,12.0,1,0,5.5,10,2,2,0,-1.0,12.7
1009,S0_normal,O028-03,12.0,1,0,5.5,10,3,2,0,-1.0,9.6
1009,S0_normal,O028-04,12.0,1,0,5.25,10,4,2,0,-1.0,8.5
1009,S0_normal,O028-05,12.0,1,0,5.25,10,5,2,0,-1.0,16.5
1009,S0_normal,O029-01,13.0,1,3,5.75,7,1,8,0,-1.0,16.3
1009,S0_normal,O029-02,13.0,1,3,5.75,7,2,8,0,-1.0,13.4
1009,S0_normal,O029-03,13.0,1,3,5.75,7,3,8,0,-1.0,11.1
1009,S0_normal,O029-04,13.0,1,3,5.75,7,4,8,0,-1.0,12.3
1009,S0_normal,O029-05,13.0,1,3,5.75,7,5,8,0,-1.0,15.2
1009,S0_normal,O029-06,13.0,1,3,5.75,7,6,8,0,-1.0,11.0
1009,S0_normal,O029-07,13.0,1,3,5.5,7,7,8,0,-1.0,13.1
1009,S0_normal,O030-01,16.0,0,0,4.0,10,1,3,0,-1.0,16.7
1010,S3_site_delay,O001-01,19.0,0,0,5.5,6,1,1,0,-1.0,22.9
1010,S3_site_delay,O002-01,25.0,0,1,5.0,10,1,3,0,-1.0,21.5
1010,S3_site_delay,O003-01,17.0,1,3,6.0,9,1,7,0,-1.0,13.0
1010,S3_site_delay,O003-02,17.0,1,3,6.0,9,2,7,0,-1.0,17.9
1010,S3_site_delay,O004-01,15.0,1,2,5.0,8,1,6,0,-1.0,12.1
1010,S3_site_delay,O004-02,15.0,1,2,5.0,8,2,6,0,-1.0,17.7
1010,S3_site_delay,O004-03,15.0,1,2,5.0,8,3,6,0,-1.0,13.3
1010,S3_site_delay,O005-01,24.0,0,3,3.75,6,1,1,0,-1.0,24.9
1010,S3_site_delay,O005-02,24.0,0,3,3.75,6,2,1,0,-1.0,16.3
1010,S3_site_delay,O006-01,21.0,0,3,3.25,6,1,1,0,-1.0,23.8
1010,S3_site_delay,O006-02,21.0,0,3,3.25,6,2,1,0,-1.0,20.5
1010,S3_site_delay,O007-01,20.0,0,2,4.5,11,1,4,0,-1.0,17.4
1010,S3_site_delay,O008-01,14.0,1,2,4.0,10,1,2,0,-1.0,10.3
1010,S3_site_delay,O009-01,17.0,1,3,5.5,9,1,7,0,-1.0,20.3
1010,S3_site_delay,O009-02,17.0,1,3,5.5,9,2,7,0,-1.0,18.4
1010,S3_site_delay,O009-03,17.0,1,3,5.5,9,3,7,0,-1.0,14.4
1010,S3_site_delay,O010-01,15.0,0,1,5.5,7,1,9,0,-1.0,11.3
1010,S3_site_delay,O011-01,15.0,0,1,5.75,7,1,9,0,-1.0,11.2
1010,S3_site_delay,O011-02,15.0,0,1,5.75,7,2,9,0,-1.0,16.0
1010,S3_site_delay,O011-03,15.0,0,1,5.5,7,3,9,0,-1.0,12.3
1010,S3_site_delay,O012-01,15.0,1,0,4.0,8,1,10,0,-1.0,16.2
1010,S3_site_delay,O012-02,15.0,1,0,4.0,8,2,10,0,-1.0,17.4
1010,S3_site_delay,O013-01,16.0,1,2,5.5,7,1,8,0,-1.0,16.9
1010,S3_site_delay,O013-02,16.0,1,2,5.5,7,2,8,0,-1.0,14.7
1010,S3_site_delay,O013-03,16.0,1,2,5.5,7,3,8,0,-1.0,14.7
1010,S3_site_delay,O013-04,16.0,1,2,5.25,7,4,8,0,-1.0,16.9
1010,S3_site_delay,O013-05,16.0,1,2,5.25,7,5,8,0,-1.0,18.7
1010,S3_site_delay,O014-01,15.0,0,2,3.75,10,1,3,0,-1.0,17.0
1010,S3_site_delay,O014-02,15.0,0,2,3.75,10,2,3,0,-1.0,15.2
1010,S3_site_delay,O015-01,18.0,0,2,6.0,10,1,5,0,-1.0,13.5
1010,S3_site_delay,O016-01,15.0,1,1,5.0,8,1,6,0,-1.0,15.5
1010,S3_site_delay,O016-02,15.0,1,1,4.75,8,2,6,0,-1.0,13.2
1010,S3_site_delay,O016-03,15.0,1,1,4.75,8,3,6,0,-1.0,15.7
1010,S3_site_delay,O017-01,16.0,1,3,6.0,7,1,8,0,-1.0,17.4
1010,S3_site_delay,O017-02,16.0,1,3,5.75,7,2,8,0,-1.0,14.1
1010,S3_site_delay,O017-03,16.0,1,3,5.75,7,3,8,0,-1.0,19.3
1010,S3_site_delay,O017-04,16.0,1,3,5.75,7,4,8,0,-1.0,17.9
1010,S3_site_delay,O017-05,16.0,1,3,5.75,7,5,8,0,-1.0,14.8
1010,S3_site_delay,O018-01,18.0,1,0,4.0,8,1,10,0,-1.0,19.0
1010,S3_site_delay,O018-02,18.0,1,0,4.0,8,2,10,0,-1.0,23.0
1010,S3_site_delay,O019-01,22.0,0,0,6.0,10,1,5,0,-1.0,19.0
1010,S3_site_delay,O019-02,22.0,0,0,5.75,10,2,5,0,-1.0,25.3
1010,S3_site_delay,O019-03,22.0,0,0,5.75,10,3,5,0,-1.0,26.9
1010,S3_site_delay,O020-01,16.0,1,3,5.5,8,1,10,0,-1.0,13.9
1010,S3_site_delay,O020-02,16.0,1,3,5.5,8,2,10,0,-1.0,16.1
1010,S3_site_delay,O020-03,16.0,1,3,5.5,8,3,10,0,-1.0,18.9
1010,S3_site_delay,O021-01,16.0,0,3,4.25,11,1,4,0,-1.0,15.9
1010,S3_site_delay,O021-02,16.0,0,3,4.25,11,2,4,0,-1.0,12.0
1010,S3_site_delay,O022-01,16.0,1,1,4.75,9,1,7,0,-1.0,17.3
1010,S3_site_delay,O022-02,16.0,1,1,4.75,9,2,7,0,-1.0,17.2
1010,S3_site_delay,O022-03,16.0,1,1,4.75,9,3,7,0,-1.0,18.2
1010,S3_site_delay,O022-04,16.0,1,1,4.75,9,4,7,0,-1.0,17.0
1010,S3_site_delay,O023-01,16.0,1,3,5.75,8,1,6,0,-1.0,14.0
1010,S3_site_delay,O023-02,16.0,1,3,5.75,8,2,6,0,-1.0,15.7
1010,S3_site_delay,O023-03,16.0,1,3,5.5,8,3,6,0,-1.0,16.5
1010,S3_site_delay,O023-04,16.0,1,3,5.5,8,4,6,0,-1.0,15.4
1010,S3_site_delay,O024-01,17.0,0,3,5.0,6,1,1,0,-1.0,16.0
1010,S3_site_delay,O024-02,17.0,0,3,5.0,6,2,1,0,-1.0,16.5
1010,S3_site_delay,O025-01,17.0,0,1,5.0,11,1,4,0,-1.0,16.9
1010,S3_site_delay,O026-01,19.0,0,2,4.75,11,1,4,0,-1.0,20.6
1010,S3_site_delay,O026-02,19.0,0,2,4.75,11,2,4,0,-1.0,13.6
1010,S3_site_delay,O026-03,19.0,0,2,4.5,11,3,4,0,-1.0,17.1
1010,S3_site_delay,O026-04,19.0,0,2,4.5,11,4,4,0,-1.0,22.7
1010,S3_site_delay,O027-01,12.0,1,1,5.25,10,1,2,0,-1.0,10.9
1010,S3_site_delay,O027-02,12.0,1,1,5.25,10,2,2,0,-1.0,14.5
1010,S3_site_delay,O027-03,12.0,1,1,5.25,10,3,2,0,-1.0,11.1
1010,S3_site_delay,O027-04,12.0,1,1,5.25,10,4,2,0,-1.0,12.0
1010,S3_site_delay,O028-01,16.0,0,3,4.0,11,1,4,0,-1.0,16.0
1010,S3_site_delay,O028-02,16.0,0,3,4.0,11,2,4,0,-1.0,18.3
1010,S3_site_delay,O029-01,18.0,0,3,6.0,10,1,5,0,-1.0,15.0
1010,S3_site_delay,O030-01,13.0,1,3,3.75,10,1,2,0,-1.0,14.0
1010,S3_site_delay,O030-02,13.0,1,3,3.75,10,2,2,0,-1.0,11.8
1011,S0_normal,O001-01,24.0,0,0,5.25,11,1,4,0,-1.0,29.3
1011,S0_normal,O001-02,24.0,0,0,5.25,11,2,4,0,-1.0,30.2
1011,S0_normal,O001-03,24.0,0,0,5.25,11,3,4,0,-1.0,29.7
1011,S0_normal,O001-04,24.0,0,0,5.25,11,4,4,0,-1.0,24.1
1011,S0_normal,O002-01,17.0,0,0,4.25,11,1,4,0,-1.0,16.4
1011,S0_normal,O002-02,17.0,0,0,4.25,11,2,4,0,-1.0,17.3
1011,S0_normal,O002-03,17.0,0,0,4.0,11,3,4,0,-1.0,14.4
1011,S0_normal,O003-01,13.0,1,1,5.75,9,1,7,0,-1.0,15.1
1011,S0_normal,O003-02,13.0,1,1,5.75,9,2,7,0,-1.0,11.2
1011,S0_normal,O003-03,13.0,1,1,5.5,9,3,7,0,-1.0,11.3
1011,S0_normal,O004-01,17.0,1,3,5.5,10,1,2,0,-1.0,20.0
1011,S0_normal,O005-01,17.0,1,0,4.5,10,1,2,0,-1.0,15.6
1011,S0_normal,O005-02,17.0,1,0,4.5,10,2,2,0,-1.0,15.8
1011,S0_normal,O006-01,13.0,1,0,5.5,8,1,6,0,-1.0,11.2
1011,S0_normal,O006-02,13.0,1,0,5.5,8,2,6,0,-1.0,14.7
1011,S0_normal,O006-03,13.0,1,0,5.5,8,3,6,0,-1.0,14.2
1011,S0_normal,O006-04,13.0,1,0,5.5,8,4,6,0,-1.0,13.0
1011,S0_normal,O006-05,13.0,1,0,5.5,8,5,6,0,-1.0,12.4
1011,S0_normal,O006-06,13.0,1,0,5.25,8,6,6,0,-1.0,13.9
1011,S0_normal,O006-07,13.0,1,0,5.25,8,7,6,0,-1.0,14.8
1011,S0_normal,O007-01,18.0,1,0,4.5,7,1,8,0,-1.0,18.5
1011,S0_normal,O008-01,21.0,0,2,4.0,10,1,5,0,-1.0,19.3
1011,S0_normal,O008-02,21.0,0,2,4.0,10,2,5,0,-1.0,17.9
1011,S0_normal,O009-01,17.0,0,3,4.0,10,1,3,0,-1.0,15.9
1011,S0_normal,O010-01,18.0,1,1,4.0,9,1,7,0,-1.0,22.3
1011,S0_normal,O011-01,17.0,0,1,5.75,11,1,4,0,-1.0,18.1
1011,S0_normal,O011-02,17.0,0,1,5.75,11,2,4,0,-1.0,16.4
1011,S0_normal,O012-01,16.0,0,3,6.0,7,1,9,0,-1.0,17.0
1011,S0_normal,O012-02,16.0,0,3,6.0,7,2,9,0,-1.0,16.5
1011,S0_normal,O012-03,16.0,0,3,5.75,7,3,9,0,-1.0,14.1
1011,S0_normal,O012-04,16.0,0,3,5.75,7,4,9,0,-1.0,16.7
1011,S0_normal,O013-01,13.0,1,1,5.0,8,1,10,0,-1.0,11.8
1011,S0_normal,O013-02,13.0,1,1,4.75,8,2,10,0,-1.0,14.0
1011,S0_normal,O013-03,13.0,1,1,4.75,8,3,10,0,-1.0,13.6
1011,S0_normal,O014-01,12.0,1,0,3.25,8,1,10,0,-1.0,11.9
1011,S0_normal,O014-02,12.0,1,0,3.25,8,2,10,0,-1.0,11.7
1011,S0_normal,O015-01,18.0,0,3,4.0,10,1,3,0,-1.0,17.9
1011,S0_normal,O016-01,12.0,1,1,4.75,8,1,6,0,-1.0,14.3
1011,S0_normal,O016-02,12.0,1,1,4.75,8,2,6,0,-1.0,13.1
1011,S0_normal,O016-03,12.0,1,1,4.5,8,3,6,0,-1.0,10.2
1011,S0_normal,O017-01,20.0,0,3,4.75,6,1,1,0,-1.0,25.7
1011,S0_normal,O017-02,20.0,0,3,4.75,6,2,1,0,-1.0,22.0
1011,S0_normal,O017-03,20.0,0,3,4.5,6,3,1,0,-1.0,17.1
1011,S0_normal,O018-01,15.0,1,2,4.0,10,1,2,0,-1.0,16.5
1011,S0_normal,O019-01,24.0,0,2,5.0,7,1,9,0,-1.0,24.6
1011,S0_normal,O020-01,18.0,1,2,5.0,9,1,7,0,-1.0,16.9
1011,S0_normal,O020-02,18.0,1,2,4.75,9,2,7,0,-1.0,13.4
1011,S0_normal,O020-03,18.0,1,2,4.75,9,3,7,0,-1.0,14.0
1011,S0_normal,O021-01,15.0,0,2,5.5,6,1,1,0,-1.0,15.3
1011,S0_normal,O021-02,15.0,0,2,5.5,6,2,1,0,-1.0,15.7
1011,S0_normal,O022-01,21.0,0,0,5.0,7,1,9,0,-1.0,22.8
1011,S0_normal,O022-02,21.0,0,0,5.0,7,2,9,0,-1.0,16.3
1011,S0_normal,O023-01,25.0,0,3,5.25,7,1,9,0,-1.0,21.0
1011,S0_normal,O023-02,25.0,0,3,5.25,7,2,9,0,-1.0,22.9
1011,S0_normal,O023-03,25.0,0,3,5.0,7,3,9,0,-1.0,25.1
1011,S0_normal,O023-04,25.0,0,3,5.0,7,4,9,0,-1.0,25.5
1011,S0_normal,O024-01,16.0,1,3,5.5,7,1,8,0,-1.0,14.1
1011,S0_normal,O024-02,16.0,1,3,5.5,7,2,8,0,-1.0,22.4
1011,S0_normal,O024-03,16.0,1,3,5.5,7,3,8,0,-1.0,16.9
1011,S0_normal,O024-04,16.0,1,3,5.5,7,4,8,0,-1.0,21.1
1011,S0_normal,O025-01,14.0,1,0,5.0,7,1,8,0,-1.0,12.4
1011,S0_normal,O026-01,24.0,0,3,5.0,11,1,4,0,-1.0,28.5
1011,S0_normal,O027-01,15.0,0,0,4.25,10,1,3,0,-1.0,16.5
1011,S0_normal,O027-02,15.0,0,0,4.25,10,2,3,0,-1.0,12.5
1011,S0_normal,O028-01,21.0,0,2,4.25,10,1,5,0,-1.0,22.7
1011,S0_normal,O028-02,21.0,0,2,4.25,10,2,5,0,-1.0,23.8
1011,S0_normal,O029-01,19.0,0,0,4.0,6,1,1,0,-1.0,18.2
1011,S0_normal,O030-01,21.0,0,2,5.5,10,1,5,0,-1.0,16.5
1011,S0_normal,O030-02,21.0,0,2,5.25,10,2,5,0,-1.0,24.5
1011,S0_normal,O030-03,21.0,0,2,5.25,10,3,5,0,-1.0,19.3
1012,S0_normal,O001-01,16.0,0,0,5.25,10,1,5,0,-1.0,21.0
1012,S0_normal,O001-02,16.0,0,0,5.25,10,2,5,0,-1.0,16.1
1012,S0_normal,O001-03,16.0,0,0,5.25,10,3,5,0,-1.0,15.4
1012,S0_normal,O001-04,16.0,0,0,5.25,10,4,5,0,-1.0,16.4
1012,S0_normal,O002-01,22.0,0,1,5.25,7,1,9,0,-1.0,23.0
1012,S0_normal,O002-02,22.0,0,1,5.25,7,2,9,0,-1.0,24.1
1012,S0_normal,O002-03,22.0,0,1,5.0,7,3,9,0,-1.0,25.4
1012,S0_normal,O002-04,22.0,0,1,5.0,7,4,9,0,-1.0,27.0
1012,S0_normal,O002-05,22.0,0,1,5.0,7,5,9,0,-1.0,22.2
1012,S0_normal,O003-01,13.0,1,2,3.5,8,1,10,0,-1.0,13.7
1012,S0_normal,O003-02,13.0,1,2,3.5,8,2,10,0,-1.0,13.4
1012,S0_normal,O004-01,14.0,1,0,4.75,10,1,2,0,-1.0,11.6
1012,S0_normal,O004-02,14.0,1,0,4.75,10,2,2,0,-1.0,16.3
1012,S0_normal,O004-03,14.0,1,0,4.5,10,3,2,0,-1.0,14.0
1012,S0_normal,O005-01,14.0,1,1,5.0,10,1,2,0,-1.0,13.9
1012,S0_normal,O005-02,14.0,1,1,5.0,10,2,2,0,-1.0,14.9
1012,S0_normal,O005-03,14.0,1,1,5.0,10,3,2,0,-1.0,14.2
1012,S0_normal,O006-01,14.0,1,3,6.0,8,1,6,0,-1.0,13.7
1012,S0_normal,O006-02,14.0,1,3,5.75,8,2,6,0,-1.0,12.5
1012,S0_normal,O006-03,14.0,1,3,5.75,8,3,6,0,-1.0,10.3
1012,S0_normal,O007-01,18.0,1,1,5.75,9,1,7,0,-1.0,21.6
1012,S0_normal,O007-02,18.0,1,1,5.75,9,2,7,0,-1.0,18.4
1012,S0_normal,O008-01,16.0,1,0,3.75,7,1,8,0,-1.0,15.2
1012,S0_normal,O008-02,16.0,1,0,3.75,7,2,8,0,-1.0,16.8
1012,S0_normal,O009-01,16.0,1,3,4.75,10,1,2,0,-1.0,13.6
1012,S0_normal,O009-02,16.0,1,3,4.75,10,2,2,0,-1.0,16.7
1012,S0_normal,O009-03,16.0,1,3,4.5,10,3,2,0,-1.0,16.8
1012,S0_normal,O010-01,15.0,0,0,5.0,7,1,9,0,-1.0,12.9
1012,S0_normal,O011-01,14.0,1,1,5.0,7,1,8,0,-1.0,14.0
1012,S0_normal,O011-02,14.0,1,1,5.0,7,2,8,0,-1.0,13.6
1012,S0_normal,O011-03,14.0,1,1,5.0,7,3,8,0,-1.0,13.1
1012,S0_normal,O012-01,25.0,0,0,4.0,7,1,9,0,-1.0,29.6
1012,S0_normal,O013-01,23.0,0,0,4.0,11,1,4,0,-1.0,24.8
1012,S0_normal,O014-01,15.0,1,3,5.5,8,1,6,0,-1.0,18.2
1012,S0_normal,O014-02,15.0,1,3,5.25,8,2,6,0,-1.0,15.4
1012,S0_normal,O014-03,15.0,1,3,5.25,8,3,6,0,-1.0,14.9
1012,S0_normal,O015-01,18.0,0,2,4.75,11,1,4,0,-1.0,12.6
1012,S0_normal,O015-02,18.0,0,2,4.75,11,2,4,0,-1.0,15.8
1012,S0_normal,O015-03,18.0,0,2,4.75,11,3,4,0,-1.0,18.5
1012,S0_normal,O015-04,18.0,0,2,4.75,11,4,4,0,-1.0,20.6
1012,S0_normal,O016-01,18.0,0,0,4.25,7,1,9,0,-1.0,16.6
1012,S0_normal,O016-02,18.0,0,0,4.25,7,2,9,0,-1.0,13.7
1012,S0_normal,O017-01,16.0,1,1,4.5,8,1,10,0,-1.0,13.6
1012,S0_normal,O018-01,21.0,0,0,5.25,6,1,1,0,-1.0,26.1
1012,S0_normal,O018-02,21.0,0,0,5.25,6,2,1,0,-1.0,14.7
1012,S0_normal,O019-01,22.0,0,0,3.5,6,1,1,0,-1.0,21.2
1012,S0_normal,O019-02,22.0,0,0,3.5,6,2,1,0,-1.0,22.6
1012,S0_normal,O020-01,18.0,1,0,6.0,9,1,7,0,-1.0,21.7
1012,S0_normal,O020-02,18.0,1,0,6.0,9,2,7,0,-1.0,15.1
1012,S0_normal,O021-01,16.0,1,1,5.5,7,1,8,0,-1.0,19.4
1012,S0_normal,O021-02,16.0,1,1,5.5,7,2,8,0,-1.0,15.0
1012,S0_normal,O022-01,15.0,1,1,5.0,9,1,7,0,-1.0,12.8
1012,S0_normal,O022-02,15.0,1,1,5.0,9,2,7,0,-1.0,15.0
1012,S0_normal,O022-03,15.0,1,1,4.75,9,3,7,0,-1.0,15.4
1012,S0_normal,O022-04,15.0,1,1,4.75,9,4,7,0,-1.0,14.3
1012,S0_normal,O023-01,24.0,0,0,3.25,10,1,3,0,-1.0,28.9
1012,S0_normal,O023-02,24.0,0,0,3.25,10,2,3,0,-1.0,28.7
1012,S0_normal,O024-01,14.0,1,1,6.0,8,1,10,0,-1.0,14.4
1012,S0_normal,O024-02,14.0,1,1,5.75,8,2,10,0,-1.0,14.7
1012,S0_normal,O024-03,14.0,1,1,5.75,8,3,10,0,-1.0,13.1
1012,S0_normal,O025-01,24.0,0,1,6.0,6,1,1,0,-1.0,19.5
1012,S0_normal,O026-01,25.0,0,1,3.75,10,1,5,0,-1.0,27.4
1012,S0_normal,O026-02,25.0,0,1,3.75,10,2,5,0,-1.0,21.7
1012,S0_normal,O027-01,24.0,0,0,4.0,7,1,9,0,-1.0,31.9
1012,S0_normal,O027-02,24.0,0,0,4.0,7,2,9,0,-1.0,25.5
1012,S0_normal,O028-01,18.0,1,2,4.25,8,1,6,0,-1.0,21.6
1012,S0_normal,O028-02,18.0,1,2,4.25,8,2,6,0,-1.0,20.9
1012,S0_normal,O029-01,15.0,0,0,5.25,10,1,3,0,-1.0,16.1
1012,S0_normal,O029-02,15.0,0,0,5.25,10,2,3,0,-1.0,10.3
1012,S0_normal,O030-01,14.0,1,1,5.75,8,1,10,0,-1.0,17.0
1012,S0_normal,O030-02,14.0,1,1,5.75,8,2,10,0,-1.0,14.2
1012,S0_normal,O030-03,14.0,1,1,5.75,8,3,10,0,-1.0,19.3
1012,S0_normal,O030-04,14.0,1,1,5.75,8,4,10,0,-1.0,15.7
1012,S0_normal,O030-05,14.0,1,1,5.5,8,5,10,0,-1.0,10.3
1013,S0_normal,O001-01,20.0,0,0,4.75,10,1,5,0,-1.0,21.5
1013,S0_normal,O001-02,20.0,0,0,4.75,10,2,5,0,-1.0,19.9
1013,S0_normal,O002-01,18.0,0,1,6.0,10,1,3,0,-1.0,17.8
1013,S0_normal,O002-02,18.0,0,1,6.0,10,2,3,0,-1.0,16.7
1013,S0_normal,O002-03,18.0,0,1,6.0,10,3,3,0,-1.0,19.2
1013,S0_normal,O002-04,18.0,0,1,5.75,10,4,3,0,-1.0,12.8
1013,S0_normal,O002-05,18.0,0,1,5.75,10,5,3,0,-1.0,21.4
1013,S0_normal,O003-01,17.0,0,3,3.75,6,1,1,0,-1.0,12.6
1013,S0_normal,O003-02,17.0,0,3,3.75,6,2,1,0,-1.0,16.1
1013,S0_normal,O004-01,17.0,1,0,4.0,8,1,6,0,-1.0,19.6
1013,S0_normal,O005-01,17.0,1,3,4.75,8,1,10,0,-1.0,18.6
1013,S0_normal,O005-02,17.0,1,3,4.75,8,2,10,0,-1.0,12.9
1013,S0_normal,O005-03,17.0,1,3,4.75,8,3,10,0,-1.0,17.1
1013,S0_normal,O005-04,17.0,1,3,4.75,8,4,10,0,-1.0,20.3
1013,S0_normal,O006-01,24.0,0,2,4.5,6,1,1,0,-1.0,22.9
1013,S0_normal,O006-02,24.0,0,2,4.5,6,2,1,0,-1.0,24.4
1013,S0_normal,O007-01,15.0,0,1,3.25,10,1,3,0,-1.0,17.6
1013,S0_normal,O007-02,15.0,0,1,3.25,10,2,3,0,-1.0,16.1
1013,S0_normal,O008-01,12.0,1,3,5.0,9,1,7,0,-1.0,10.5
1013,S0_normal,O009-01,17.0,1,0,4.25,8,1,10,0,-1.0,17.3
1013,S0_normal,O009-02,17.0,1,0,4.25,8,2,10,0,-1.0,12.8
1013,S0_normal,O009-03,17.0,1,0,4.0,8,3,10,0,-1.0,15.4
1013,S0_normal,O010-01,14.0,1,2,4.0,8,1,6,0,-1.0,13.5
1013,S0_normal,O011-01,15.0,1,3,4.25,8,1,10,0,-1.0,13.1
1013,S0_normal,O011-02,15.0,1,3,4.25,8,2,10,0,-1.0,13.6
1013,S0_normal,O012-01,18.0,1,2,4.0,8,1,6,0,-1.0,18.5
1013,S0_normal,O012-02,18.0,1,2,4.0,8,2,6,0,-1.0,19.8
1013,S0_normal,O013-01,15.0,1,3,3.5,8,1,6,0,-1.0,17.4
1013,S0_normal,O013-02,15.0,1,3,3.5,8,2,6,0,-1.0,15.8
1013,S0_normal,O014-01,24.0,0,2,4.25,6,1,1,0,-1.0,22.6
1013,S0_normal,O014-02,24.0,0,2,4.25,6,2,1,0,-1.0,26.5
1013,S0_normal,O014-03,24.0,0,2,4.0,6,3,1,0,-1.0,22.2
1013,S0_normal,O015-01,25.0,0,0,5.0,6,1,1,0,-1.0,22.9
1013,S0_normal,O015-02,25.0,0,0,5.0,6,2,1,0,-1.0,21.9
1013,S0_normal,O015-03,25.0,0,0,5.0,6,3,1,0,-1.0,25.3
1013,S0_normal,O015-04,25.0,0,0,5.0,6,4,1,0,-1.0,29.0
1013,S0_normal,O015-05,25.0,0,0,5.0,6,5,1,0,-1.0,27.4
1013,S0_normal,O016-01,13.0,1,0,4.0,10,1,2,0,-1.0,11.5
1013,S0_normal,O016-02,13.0,1,0,4.0,10,2,2,0,-1.0,12.6
1013,S0_normal,O017-01,17.0,1,0,5.25,10,1,2,0,-1.0,15.6
1013,S0_normal,O017-02,17.0,1,0,5.25,10,2,2,0,-1.0,20.1
1013,S0_normal,O018-01,24.0,0,2,3.75,10,1,5,0,-1.0,19.5
1013,S0_normal,O018-02,24.0,0,2,3.75,10,2,5,0,-1.0,20.7
1013,S0_normal,O019-01,15.0,0,0,4.75,10,1,3,0,-1.0,14.0
1013,S0_normal,O019-02,15.0,0,0,4.75,10,2,3,0,-1.0,12.7
1013,S0_normal,O020-01,13.0,1,1,6.0,9,1,7,0,-1.0,15.4
1013,S0_normal,O021-01,13.0,1,3,5.5,7,1,8,0,-1.0,15.3
1013,S0_normal,O022-01,18.0,0,1,3.25,11,1,4,0,-1.0,19.5
1013,S0_normal,O022-02,18.0,0,1,3.25,11,2,4,0,-1.0,21.1
1013,S0_normal,O023-01,13.0,1,0,3.75,7,1,8,0,-1.0,15.1
1013,S0_normal,O023-02,13.0,1,0,3.75,7,2,8,0,-1.0,14.8
1013,S0_normal,O024-01,23.0,0,3,4.5,10,1,3,0,-1.0,23.9
1013,S0_normal,O025-01,16.0,0,2,4.25,7,1,9,0,-1.0,19.5
1013,S0_normal,O025-02,16.0,0,2,4.25,7,2,9,0,-1.0,18.7
1013,S0_normal,O026-01,25.0,0,2,5.0,10,1,5,0,-1.0,21.3
1013,S0_normal,O027-01,24.0,0,2,4.25,7,1,9,0,-1.0,20.7
1013,S0_normal,O027-02,24.0,0,2,4.25,7,2,9,0,-1.0,29.0
1013,S0_normal,O027-03,24.0,0,2,4.0,7,3,9,0,-1.0,26.0
1013,S0_normal,O028-01,18.0,0,2,4.75,11,1,4,0,-1.0,16.5
1013,S0_normal,O028-02,18.0,0,2,4.75,11,2,4,0,-1.0,14.1
1013,S0_normal,O029-01,17.0,1,0,6.0,10,1,2,0,-1.0,17.4
1013,S0_normal,O029-02,17.0,1,0,6.0,10,2,2,0,-1.0,13.3
1013,S0_normal,O029-03,17.0,1,0,5.75,10,3,2,0,-1.0,20.0
1013,S0_normal,O029-04,17.0,1,0,5.75,10,4,2,0,-1.0,20.3
1013,S0_normal,O030-01,17.0,1,1,5.75,10,1,2,0,-1.0,15.1
1013,S0_normal,O030-02,17.0,1,1,5.75,10,2,2,0,-1.0,17.6
1013,S0_normal,O030-03,17.0,1,1,5.75,10,3,2,0,-1.0,19.8
1013,S0_normal,O030-04,17.0,1,1,5.75,10,4,2,0,-1.0,17.3
1014,S0_normal,O001-01,16.0,1,0,5.25,8,1,10,0,-1.0,14.4
1014,S0_normal,O001-02,16.0,1,0,5.25,8,2,10,0,-1.0,16.3
1014,S0_normal,O001-03,16.0,1,0,5.0,8,3,10,0,-1.0,12.3
1014,S0_normal,O002-01,16.0,1,1,4.0,7,1,8,0,-1.0,18.5
1014,S0_normal,O002-02,16.0,1,1,4.0,7,2,8,0,-1.0,20.3
1014,S0_normal,O003-01,20.0,0,2,3.25,11,1,4,0,-1.0,19.5
1014,S0_normal,O003-02,20.0,0,2,3.25,11,2,4,0,-1.0,27.6
1014,S0_normal,O004-01,14.0,1,2,3.5,9,1,7,0,-1.0,14.9
1014,S0_normal,O004-02,14.0,1,2,3.5,9,2,7,0,-1.0,17.5
1014,S0_normal,O005-01,17.0,1,3,4.0,9,1,7,0,-1.0,17.3
1014,S0_normal,O006-01,20.0,0,3,5.0,6,1,1,0,-1.0,25.0
1014,S0_normal,O006-02,20.0,0,3,5.0,6,2,1,0,-1.0,18.1
1014,S0_normal,O007-01,23.0,0,1,6.0,11,1,4,0,-1.0,24.5
1014,S0_normal,O007-02,23.0,0,1,5.75,11,2,4,0,-1.0,25.9
1014,S0_normal,O007-03,23.0,0,1,5.75,11,3,4,0,-1.0,25.7
1014,S0_normal,O008-01,17.0,0,2,4.5,10,1,5,0,-1.0,21.1
1014,S0_normal,O008-02,17.0,0,2,4.5,10,2,5,0,-1.0,17.5
1014,S0_normal,O009-01,18.0,0,0,4.0,10,1,5,0,-1.0,19.2
1014,S0_normal,O009-02,18.0,0,0,4.0,10,2,5,0,-1.0,17.6
1014,S0_normal,O010-01,16.0,1,3,6.0,10,1,2,0,-1.0,21.7
1014,S0_normal,O011-01,17.0,0,0,6.0,7,1,9,0,-1.0,16.2
1014,S0_normal,O012-01,14.0,1,2,5.0,9,1,7,0,-1.0,14.7
1014,S0_normal,O013-01,21.0,0,2,5.25,10,1,3,0,-1.0,19.5
1014,S0_normal,O013-02,21.0,0,2,5.25,10,2,3,0,-1.0,26.6
1014,S0_normal,O013-03,21.0,0,2,5.0,10,3,3,0,-1.0,17.8
1014,S0_normal,O014-01,17.0,1,1,4.5,7,1,8,0,-1.0,17.2
1014,S0_normal,O014-02,17.0,1,1,4.25,7,2,8,0,-1.0,19.5
1014,S0_normal,O014-03,17.0,1,1,4.25,7,3,8,0,-1.0,17.4
1014,S0_normal,O015-01,17.0,1,3,4.0,10,1,2,0,-1.0,15.6
1014,S0_normal,O015-02,17.0,1,3,4.0,10,2,2,0,-1.0,17.4
1014,S0_normal,O016-01,15.0,1,2,3.5,7,1,8,0,-1.0,16.4
1014,S0_normal,O016-02,15.0,1,2,3.5,7,2,8,0,-1.0,14.2
1014,S0_normal,O017-01,20.0,0,1,4.75,7,1,9,0,-1.0,19.6
1014,S0_normal,O017-02,20.0,0,1,4.75,7,2,9,0,-1.0,20.2
1014,S0_normal,O017-03,20.0,0,1,4.5,7,3,9,0,-1.0,17.8
1014,S0_normal,O017-04,20.0,0,1,4.5,7,4,9,0,-1.0,24.5
1014,S0_normal,O018-01,19.0,0,0,5.0,10,1,5,0,-1.0,19.3
1014,S0_normal,O018-02,19.0,0,0,5.0,10,2,5,0,-1.0,20.6
1014,S0_normal,O018-03,19.0,0,0,5.0,10,3,5,0,-1.0,17.5
1014,S0_normal,O019-01,17.0,1,2,3.25,8,1,6,0,-1.0,14.6
1014,S0_normal,O019-02,17.0,1,2,3.25,8,2,6,0,-1.0,19.0
1014,S0_normal,O020-01,22.0,0,1,5.75,7,1,9,0,-1.0,20.2
1014,S0_normal,O020-02,22.0,0,1,5.75,7,2,9,0,-1.0,20.2
1014,S0_normal,O020-03,22.0,0,1,5.5,7,3,9,0,-1.0,23.9
1014,S0_normal,O021-01,17.0,1,0,6.0,7,1,8,0,-1.0,16.0
1014,S0_normal,O021-02,17.0,1,0,5.75,7,2,8,0,-1.0,18.8
1014,S0_normal,O021-03,17.0,1,0,5.75,7,3,8,0,-1.0,15.9
1014,S0_normal,O022-01,13.0,1,0,4.75,7,1,8,0,-1.0,11.5
1014,S0_normal,O022-02,13.0,1,0,4.75,7,2,8,0,-1.0,15.9
1014,S0_normal,O023-01,24.0,0,3,4.25,10,1,3,0,-1.0,24.9
1014,S0_normal,O023-02,24.0,0,3,4.25,10,2,3,0,-1.0,25.5
1014,S0_normal,O024-01,13.0,1,3,5.25,8,1,10,0,-1.0,17.6
1014,S0_normal,O024-02,13.0,1,3,5.25,8,2,10,0,-1.0,11.3
1014,S0_normal,O024-03,13.0,1,3,5.0,8,3,10,0,-1.0,14.9
1014,S0_normal,O024-04,13.0,1,3,5.0,8,4,10,0,-1.0,12.5
1014,S0_normal,O025-01,12.0,1,2,6.0,9,1,7,0,-1.0,16.2
1014,S0_normal,O025-02,12.0,1,2,5.75,9,2,7,0,-1.0,11.4
1014,S0_normal,O025-03,12.0,1,2,5.75,9,3,7,0,-1.0,13.1
1014,S0_normal,O026-01,12.0,1,2,5.5,8,1,6,0,-1.0,10.9
1014,S0_normal,O027-01,19.0,0,2,4.25,10,1,3,0,-1.0,18.9
1014,S0_normal,O027-02,19.0,0,2,4.25,10,2,3,0,-1.0,20.0
1014,S0_normal,O028-01,18.0,1,3,5.25,10,1,2,0,-1.0,17.1
1014,S0_normal,O028-02,18.0,1,3,5.25,10,2,2,0,-1.0,20.8
1014,S0_normal,O028-03,18.0,1,3,5.0,10,3,2,0,-1.0,21.5
1014,S0_normal,O029-01,15.0,1,2,5.5,7,1,8,0,-1.0,12.7
1014,S0_normal,O029-02,15.0,1,2,5.5,7,2,8,0,-1.0,20.1
1014,S0_normal,O030-01,23.0,0,3,5.25,10,1,3,0,-1.0,22.6
1014,S0_normal,O030-02,23.0,0,3,5.25,10,2,3,0,-1.0,26.6
1015,S3_site_delay,O001-01,18.0,0,0,4.5,10,1,3,0,-1.0,17.1
1015,S3_site_delay,O001-02,18.0,0,0,4.5,10,2,3,0,-1.0,17.5
1015,S3_site_delay,O001-03,18.0,0,0,4.5,10,3,3,0,-1.0,19.3
1015,S3_site_delay,O002-01,18.0,1,1,5.0,8,1,10,0,-1.0,22.5
1015,S3_site_delay,O003-01,16.0,1,1,5.5,10,1,2,0,-1.0,11.0
1015,S3_site_delay,O003-02,16.0,1,1,5.5,10,2,2,0,-1.0,15.6
1015,S3_site_delay,O003-03,16.0,1,1,5.25,10,3,2,0,-1.0,14.8
1015,S3_site_delay,O003-04,16.0,1,1,5.25,10,4,2,0,-1.0,17.3
1015,S3_site_delay,O004-01,16.0,1,0,3.5,9,1,7,0,-1.0,18.8
1015,S3_site_delay,O004-02,16.0,1,0,3.5,9,2,7,0,-1.0,15.1
1015,S3_site_delay,O005-01,21.0,0,3,4.5,7,1,9,0,-1.0,22.2
1015,S3_site_delay,O005-02,21.0,0,3,4.5,7,2,9,0,-1.0,14.5
1015,S3_site_delay,O005-03,21.0,0,3,4.5,7,3,9,0,-1.0,26.6
1015,S3_site_delay,O006-01,17.0,1,0,3.25,9,1,7,0,-1.0,15.9
1015,S3_site_delay,O006-02,17.0,1,0,3.25,9,2,7,0,-1.0,15.6
1015,S3_site_delay,O007-01,25.0,0,3,3.25,6,1,1,0,-1.0,27.6
1015,S3_site_delay,O007-02,25.0,0,3,3.25,6,2,1,0,-1.0,25.3
1015,S3_site_delay,O008-01,15.0,0,3,5.5,10,1,5,0,-1.0,19.0
1015,S3_site_delay,O009-01,23.0,0,3,4.5,11,1,4,0,-1.0,16.2
1015,S3_site_delay,O009-02,23.0,0,3,4.5,11,2,4,0,-1.0,23.2
1015,S3_site_delay,O010-01,17.0,0,0,5.25,6,1,1,0,-1.0,21.5
1015,S3_site_delay,O010-02,17.0,0,0,5.25,6,2,1,0,-1.0,15.2
1015,S3_site_delay,O011-01,12.0,1,1,4.0,8,1,6,0,-1.0,11.4
1015,S3_site_delay,O011-02,12.0,1,1,4.0,8,2,6,0,-1.0,12.8
1015,S3_site_delay,O012-01,14.0,1,1,3.5,8,1,6,0,-1.0,14.2
1015,S3_site_delay,O012-02,14.0,1,1,3.5,8,2,6,0,-1.0,15.9
1015,S3_site_delay,O013-01,16.0,1,1,4.0,9,1,7,0,-1.0,16.5
1015,S3_site_delay,O014-01,15.0,1,1,4.5,7,1,8,0,-1.0,15.7
1015,S3_site_delay,O014-02,15.0,1,1,4.25,7,2,8,0,-1.0,13.7
1015,S3_site_delay,O014-03,15.0,1,1,4.25,7,3,8,0,-1.0,15.1
1015,S3_site_delay,O015-01,15.0,1,3,3.5,7,1,8,0,-1.0,13.8
1015,S3_site_delay,O015-02,15.0,1,3,3.5,7,2,8,0,-1.0,17.0
1015,S3_site_delay,O016-01,13.0,1,3,3.25,10,1,2,0,-1.0,11.1
1015,S3_site_delay,O016-02,13.0,1,3,3.25,10,2,2,0,-1.0,13.1
1015,S3_site_delay,O017-01,22.0,0,0,3.75,7,1,9,0,-1.0,22.1
1015,S3_site_delay,O017-02,22.0,0,0,3.75,7,2,9,0,-1.0,17.1
1015,S3_site_delay,O018-01,13.0,1,2,4.75,9,1,7,0,-1.0,12.9
1015,S3_site_delay,O018-02,13.0,1,2,4.75,9,2,7,0,-1.0,11.8
1015,S3_site_delay,O018-03,13.0,1,2,4.5,9,3,7,0,-1.0,11.3
1015,S3_site_delay,O018-04,13.0,1,2,4.5,9,4,7,0,-1.0,12.9
1015,S3_site_delay,O019-01,23.0,0,0,4.5,6,1,1,0,-1.0,20.7
1015,S3_site_delay,O020-01,17.0,1,1,4.0,8,1,10,0,-1.0,15.9
1015,S3_site_delay,O021-01,12.0,1,1,4.0,10,1,2,0,-1.0,11.9
1015,S3_site_delay,O022-01,12.0,1,3,5.5,7,1,8,0,-1.0,12.7
1015,S3_site_delay,O022-02,12.0,1,3,5.5,7,2,8,0,-1.0,14.2
1015,S3_site_delay,O022-03,12.0,1,3,5.5,7,3,8,0,-1.0,11.4
1015,S3_site_delay,O023-01,25.0,0,0,6.0,10,1,5,0,-1.0,27.6
1015,S3_site_delay,O024-01,16.0,0,3,4.5,10,1,5,0,-1.0,14.9
1015,S3_site_delay,O024-02,16.0,0,3,4.5,10,2,5,0,-1.0,15.6
1015,S3_site_delay,O025-01,18.0,0,3,5.5,6,1,1,0,-1.0,18.5
1015,S3_site_delay,O026-01,18.0,1,1,5.0,10,1,2,0,-1.0,16.3
1015,S3_site_delay,O026-02,18.0,1,1,5.0,10,2,2,0,-1.0,23.3
1015,S3_site_delay,O027-01,16.0,0,3,4.25,7,1,9,0,-1.0,17.8
1015,S3_site_delay,O027-02,16.0,0,3,4.25,7,2,9,0,-1.0,13.6
1015,S3_site_delay,O028-01,16.0,0,2,5.0,11,1,4,0,-1.0,18.1
1015,S3_site_delay,O029-01,21.0,0,0,4.75,7,1,9,0,-1.0,19.1
1015,S3_site_delay,O029-02,21.0,0,0,4.75,7,2,9,0,-1.0,23.2
1015,S3_site_delay,O029-03,21.0,0,0,4.5,7,3,9,0,-1.0,18.6
1015,S3_site_delay,O030-01,23.0,0,2,4.5,7,1,9,0,-1.0,19.7
1016,S0_normal,O001-01,18.0,0,2,4.0,11,1,4,0,-1.0,17.2
1016,S0_normal,O002-01,16.0,0,1,5.5,6,1,1,0,-1.0,20.1
1016,S0_normal,O003-01,13.0,1,3,5.5,10,1,2,0,-1.0,13.2
1016,S0_normal,O003-02,13.0,1,3,5.25,10,2,2,0,-1.0,12.4
1016,S0_normal,O003-03,13.0,1,3,5.25,10,3,2,0,-1.0,11.3
1016,S0_normal,O004-01,17.0,1,3,5.75,9,1,7,0,-1.0,21.5
1016,S0_normal,O004-02,17.0,1,3,5.75,9,2,7,0,-1.0,14.8
1016,S0_normal,O004-03,17.0,1,3,5.5,9,3,7,0,-1.0,16.2
1016,S0_normal,O005-01,23.0,0,0,5.5,6,1,1,0,-1.0,24.1
1016,S0_normal,O005-02,23.0,0,0,5.5,6,2,1,0,-1.0,31.3
1016,S0_normal,O006-01,18.0,1,1,5.75,8,1,10,0,-1.0,20.4
1016,S0_normal,O006-02,18.0,1,1,5.75,8,2,10,0,-1.0,20.4
1016,S0_normal,O007-01,13.0,1,3,4.0,9,1,7,0,-1.0,16.2
1016,S0_normal,O008-01,14.0,1,1,3.25,7,1,8,0,-1.0,8.8
1016,S0_normal,O008-02,14.0,1,1,3.25,7,2,8,0,-1.0,14.8
1016,S0_normal,O009-01,19.0,0,2,5.75,10,1,5,0,-1.0,21.9
1016,S0_normal,O009-02,19.0,0,2,5.75,10,2,5,0,-1.0,13.6
1016,S0_normal,O010-01,16.0,0,0,3.5,10,1,3,0,-1.0,13.5
1016,S0_normal,O010-02,16.0,0,0,3.5,10,2,3,0,-1.0,13.0
1016,S0_normal,O011-01,14.0,1,0,5.75,8,1,6,0,-1.0,13.6
1016,S0_normal,O011-02,14.0,1,0,5.75,8,2,6,0,-1.0,11.1
1016,S0_normal,O012-01,24.0,0,3,5.5,11,1,4,0,-1.0,25.4
1016,S0_normal,O012-02,24.0,0,3,5.5,11,2,4,0,-1.0,20.2
1016,S0_normal,O012-03,24.0,0,3,5.5,11,3,4,0,-1.0,24.3
1016,S0_normal,O013-01,14.0,1,3,5.0,10,1,2,0,-1.0,17.0
1016,S0_normal,O013-02,14.0,1,3,5.0,10,2,2,0,-1.0,14.6
1016,S0_normal,O013-03,14.0,1,3,5.0,10,3,2,0,-1.0,14.1
1016,S0_normal,O014-01,16.0,0,2,5.25,10,1,3,0,-1.0,20.1
1016,S0_normal,O014-02,16.0,0,2,5.25,10,2,3,0,-1.0,14.6
1016,S0_normal,O014-03,16.0,0,2,5.0,10,3,3,0,-1.0,16.3
1016,S0_normal,O015-01,22.0,0,3,5.5,10,1,3,0,-1.0,21.5
1016,S0_normal,O015-02,22.0,0,3,5.5,10,2,3,0,-1.0,19.2
1016,S0_normal,O015-03,22.0,0,3,5.5,10,3,3,0,-1.0,23.2
1016,S0_normal,O015-04,22.0,0,3,5.5,10,4,3,0,-1.0,28.7
1016,S0_normal,O016-01,23.0,0,0,4.0,6,1,1,0,-1.0,25.1
1016,S0_normal,O017-01,15.0,0,3,5.0,10,1,5,0,-1.0,14.7
1016,S0_normal,O017-02,15.0,0,3,4.75,10,2,5,0,-1.0,13.8
1016,S0_normal,O017-03,15.0,0,3,4.75,10,3,5,0,-1.0,16.8
1016,S0_normal,O018-01,22.0,0,2,4.5,10,1,5,0,-1.0,17.5
1016,S0_normal,O018-02,22.0,0,2,4.5,10,2,5,0,-1.0,21.7
1016,S0_normal,O018-03,22.0,0,2,4.5,10,3,5,0,-1.0,24.8
1016,S0_normal,O019-01,19.0,0,2,4.5,11,1,4,0,-1.0,19.1
1016,S0_normal,O019-02,19.0,0,2,4.5,11,2,4,0,-1.0,24.0
1016,S0_normal,O019-03,19.0,0,2,4.5,11,3,4,0,-1.0,23.8
1016,S0_normal,O020-01,19.0,0,2,5.0,7,1,9,0,-1.0,18.3
1016,S0_normal,O021-01,23.0,0,3,4.75,10,1,5,0,-1.0,23.4
1016,S0_normal,O021-02,23.0,0,3,4.75,10,2,5,0,-1.0,21.5
1016,S0_normal,O022-01,25.0,0,0,4.0,6,1,1,0,-1.0,26.5
1016,S0_normal,O023-01,18.0,1,2,5.0,8,1,10,0,-1.0,19.4
1016,S0_normal,O023-02,18.0,1,2,4.75,8,2,10,0,-1.0,20.3
1016,S0_normal,O023-03,18.0,1,2,4.75,8,3,10,0,-1.0,23.1
1016,S0_normal,O024-01,18.0,0,2,4.0,10,1,3,0,-1.0,21.4
1016,S0_normal,O025-01,17.0,1,0,5.25,9,1,7,0,-1.0,18.2
1016,S0_normal,O025-02,17.0,1,0,5.25,9,2,7,0,-1.0,19.8
1016,S0_normal,O026-01,15.0,1,3,4.5,7,1,8,0,-1.0,14.9
1016,S0_normal,O026-02,15.0,1,3,4.5,7,2,8,0,-1.0,15.2
1016,S0_normal,O027-01,17.0,1,3,5.75,8,1,10,0,-1.0,17.9
1016,S0_normal,O027-02,17.0,1,3,5.75,8,2,10,0,-1.0,12.8
1016,S0_normal,O027-03,17.0,1,3,5.5,8,3,10,0,-1.0,17.5
1016,S0_normal,O028-01,16.0,0,3,6.0,10,1,3,0,-1.0,19.5
1016,S0_normal,O028-02,16.0,0,3,6.0,10,2,3,0,-1.0,17.0
1016,S0_normal,O029-01,15.0,1,2,5.0,8,1,10,0,-1.0,12.4
1016,S0_normal,O029-02,15.0,1,2,5.0,8,2,10,0,-1.0,13.8
1016,S0_normal,O029-03,15.0,1,2,5.0,8,3,10,0,-1.0,16.6
1016,S0_normal,O030-01,17.0,1,1,4.5,10,1,2,0,-1.0,16.3
1017,S0_normal,O001-01,16.0,0,1,4.0,7,1,9,0,-1.0,16.0
1017,S0_normal,O001-02,16.0,0,1,4.0,7,2,9,0,-1.0,14.7
1017,S0_normal,O002-01,15.0,1,2,4.5,8,1,10,0,-1.0,15.2
1017,S0_normal,O003-01,17.0,0,3,4.75,11,1,4,0,-1.0,16.3
1017,S0_normal,O003-02,17.0,0,3,4.75,11,2,4,0,-1.0,25.1
1017,S0_normal,O004-01,12.0,1,2,3.5,9,1,7,0,-1.0,10.9
1017,S0_normal,O004-02,12.0,1,2,3.5,9,2,7,0,-1.0,11.4
1017,S0_normal,O005-01,17.0,1,2,4.0,9,1,7,0,-1.0,18.5
1017,S0_normal,O006-01,12.0,1,3,4.5,9,1,7,0,-1.0,14.6
1017,S0_normal,O007-01,18.0,1,3,5.75,8,1,10,0,-1.0,19.2
1017,S0_normal,O007-02,18.0,1,3,5.75,8,2,10,0,-1.0,16.6
1017,S0_normal,O007-03,18.0,1,3,5.75,8,3,10,0,-1.0,15.5
1017,S0_normal,O007-04,18.0,1,3,5.75,8,4,10,0,-1.0,15.1
1017,S0_normal,O007-05,18.0,1,3,5.5,8,5,10,0,-1.0,20.0
1017,S0_normal,O007-06,18.0,1,3,5.5,8,6,10,0,-1.0,17.3
1017,S0_normal,O007-07,18.0,1,3,5.5,8,7,10,0,-1.0,15.6
1017,S0_normal,O008-01,12.0,1,1,5.0,8,1,10,0,-1.0,11.5
1017,S0_normal,O008-02,12.0,1,1,5.0,8,2,10,0,-1.0,15.9
1017,S0_normal,O009-01,24.0,0,2,5.25,10,1,5,0,-1.0,21.4
1017,S0_normal,O009-02,24.0,0,2,5.25,10,2,5,0,-1.0,26.6
1017,S0_normal,O009-03,24.0,0,2,5.25,10,3,5,0,-1.0,22.3
1017,S0_normal,O009-04,24.0,0,2,5.25,10,4,5,0,-1.0,21.8
1017,S0_normal,O009-05,24.0,0,2,5.0,10,5,5,0,-1.0,26.1
1017,S0_normal,O009-06,24.0,0,2,5.0,10,6,5,0,-1.0,23.5
1017,S0_normal,O010-01,22.0,0,0,4.75,11,1,4,0,-1.0,26.0
1017,S0_normal,O010-02,22.0,0,0,4.75,11,2,4,0,-1.0,24.1
1017,S0_normal,O011-01,17.0,1,3,5.0,10,1,2,0,-1.0,15.4
1017,S0_normal,O011-02,17.0,1,3,4.75,10,2,2,0,-1.0,19.1
1017,S0_normal,O011-03,17.0,1,3,4.75,10,3,2,0,-1.0,18.1
1017,S0_normal,O012-01,20.0,0,2,3.5,10,1,3,0,-1.0,21.1
1017,S0_normal,O012-02,20.0,0,2,3.5,10,2,3,0,-1.0,28.6
1017,S0_normal,O013-01,16.0,0,3,4.5,10,1,5,0,-1.0,14.5
1017,S0_normal,O013-02,16.0,0,3,4.25,10,2,5,0,-1.0,15.8
1017,S0_normal,O013-03,16.0,0,3,4.25,10,3,5,0,-1.0,17.0
1017,S0_normal,O014-01,17.0,1,1,4.75,8,1,6,0,-1.0,14.2
1017,S0_normal,O014-02,17.0,1,1,4.75,8,2,6,0,-1.0,20.4
1017,S0_normal,O014-03,17.0,1,1,4.75,8,3,6,0,-1.0,16.4
1017,S0_normal,O014-04,17.0,1,1,4.75,8,4,6,0,-1.0,17.6
1017,S0_normal,O015-01,23.0,0,0,6.0,6,1,1,0,-1.0,27.5
1017,S0_normal,O015-02,23.0,0,0,6.0,6,2,1,0,-1.0,25.0
1017,S0_normal,O016-01,13.0,1,0,3.75,8,1,10,0,-1.0,12.2
1017,S0_normal,O016-02,13.0,1,0,3.75,8,2,10,0,-1.0,10.6
1017,S0_normal,O017-01,12.0,1,2,4.5,7,1,8,0,-1.0,10.7
1017,S0_normal,O018-01,20.0,0,1,4.0,6,1,1,0,-1.0,20.8
1017,S0_normal,O018-02,20.0,0,1,4.0,6,2,1,0,-1.0,16.5
1017,S0_normal,O019-01,19.0,0,3,5.0,11,1,4,0,-1.0,18.4
1017,S0_normal,O019-02,19.0,0,3,5.0,11,2,4,0,-1.0,17.0
1017,S0_normal,O020-01,14.0,1,3,4.5,9,1,7,0,-1.0,12.6
1017,S0_normal,O020-02,14.0,1,3,4.25,9,2,7,0,-1.0,18.2
1017,S0_normal,O020-03,14.0,1,3,4.25,9,3,7,0,-1.0,14.5
1017,S0_normal,O021-01,21.0,0,1,5.0,11,1,4,0,-1.0,18.1
1017,S0_normal,O021-02,21.0,0,1,4.75,11,2,4,0,-1.0,22.4
1017,S0_normal,O021-03,21.0,0,1,4.75,11,3,4,0,-1.0,22.9
1017,S0_normal,O022-01,16.0,1,0,5.0,10,1,2,0,-1.0,14.1
1017,S0_normal,O022-02,16.0,1,0,5.0,10,2,2,0,-1.0,16.6
1017,S0_normal,O022-03,16.0,1,0,5.0,10,3,2,0,-1.0,15.1
1017,S0_normal,O022-04,16.0,1,0,5.0,10,4,2,0,-1.0,16.9
1017,S0_normal,O023-01,25.0,0,0,5.5,10,1,5,0,-1.0,27.9
1017,S0_normal,O023-02,25.0,0,0,5.5,10,2,5,0,-1.0,25.4
1017,S0_normal,O024-01,16.0,0,0,3.25,7,1,9,0,-1.0,13.8
1017,S0_normal,O024-02,16.0,0,0,3.25,7,2,9,0,-1.0,13.0
1017,S0_normal,O025-01,12.0,1,0,5.0,8,1,10,0,-1.0,14.4
1017,S0_normal,O026-01,18.0,1,3,4.75,8,1,6,0,-1.0,19.6
1017,S0_normal,O026-02,18.0,1,3,4.75,8,2,6,0,-1.0,16.7
1017,S0_normal,O026-03,18.0,1,3,4.5,8,3,6,0,-1.0,15.2
1017,S0_normal,O027-01,18.0,1,2,5.5,10,1,2,0,-1.0,20.5
1017,S0_normal,O028-01,24.0,0,0,3.75,10,1,5,0,-1.0,27.1
1017,S0_normal,O028-02,24.0,0,0,3.75,10,2,5,0,-1.0,30.2
1017,S0_normal,O029-01,12.0,1,1,3.5,10,1,2,0,-1.0,12.2
1017,S0_normal,O029-02,12.0,1,1,3.5,10,2,2,0,-1.0,14.9
1017,S0_normal,O030-01,14.0,1,0,5.25,8,1,6,0,-1.0,14.3
1017,S0_normal,O030-02,14.0,1,0,5.25,8,2,6,0,-1.0,13.5
1018,S0_normal,O001-01,13.0,1,1,4.5,10,1,2,0,-1.0,15.3
1018,S0_normal,O001-02,13.0,1,1,4.5,10,2,2,0,-1.0,15.1
1018,S0_normal,O001-03,13.0,1,1,4.5,10,3,2,0,-1.0,13.7
1018,S0_normal,O002-01,17.0,1,3,4.5,8,1,10,0,-1.0,19.2
1018,S0_normal,O002-02,17.0,1,3,4.5,8,2,10,0,-1.0,18.1
1018,S0_normal,O002-03,17.0,1,3,4.5,8,3,10,0,-1.0,17.1
1018,S0_normal,O003-01,16.0,1,0,4.5,10,1,2,0,-1.0,13.7
1018,S0_normal,O004-01,16.0,0,0,4.0,11,1,4,0,-1.0,14.0
1018,S0_normal,O005-01,25.0,0,2,5.5,11,1,4,0,-1.0,17.4
1018,S0_normal,O005-02,25.0,0,2,5.5,11,2,4,0,-1.0,22.1
1018,S0_normal,O006-01,16.0,1,2,5.75,10,1,2,0,-1.0,20.9
1018,S0_normal,O006-02,16.0,1,2,5.75,10,2,2,0,-1.0,14.8
1018,S0_normal,O007-01,17.0,1,1,3.75,7,1,8,0,-1.0,12.5
1018,S0_normal,O007-02,17.0,1,1,3.75,7,2,8,0,-1.0,18.5
1018,S0_normal,O008-01,19.0,0,2,6.0,11,1,4,0,-1.0,19.2
1018,S0_normal,O008-02,19.0,0,2,6.0,11,2,4,0,-1.0,17.5
1018,S0_normal,O008-03,19.0,0,2,6.0,11,3,4,0,-1.0,15.1
1018,S0_normal,O008-04,19.0,0,2,5.75,11,4,4,0,-1.0,25.7
1018,S0_normal,O008-05,19.0,0,2,5.75,11,5,4,0,-1.0,22.3
1018,S0_normal,O009-01,16.0,0,2,5.5,6,1,1,0,-1.0,18.5
1018,S0_normal,O009-02,16.0,0,2,5.5,6,2,1,0,-1.0,17.9
1018,S0_normal,O009-03,16.0,0,2,5.5,6,3,1,0,-1.0,15.6
1018,S0_normal,O010-01,15.0,0,0,4.0,10,1,5,0,-1.0,15.5
1018,S0_normal,O010-02,15.0,0,0,4.0,10,2,5,0,-1.0,15.7
1018,S0_normal,O011-01,22.0,0,1,3.75,10,1,3,0,-1.0,22.2
1018,S0_normal,O011-02,22.0,0,1,3.75,10,2,3,0,-1.0,15.7
1018,S0_normal,O012-01,18.0,0,3,5.0,10,1,3,0,-1.0,21.2
1018,S0_normal,O012-02,18.0,0,3,5.0,10,2,3,0,-1.0,17.3
1018,S0_normal,O012-03,18.0,0,3,5.0,10,3,3,0,-1.0,20.3
1018,S0_normal,O012-04,18.0,0,3,5.0,10,4,3,0,-1.0,14.4
1018,S0_normal,O013-01,21.0,0,2,4.0,7,1,9,0,-1.0,22.4
1018,S0_normal,O014-01,21.0,0,1,5.0,6,1,1,0,-1.0,27.1
1018,S0_normal,O014-02,21.0,0,1,5.0,6,2,1,0,-1.0,20.5
1018,S0_normal,O015-01,15.0,1,3,5.0,9,1,7,0,-1.0,15.1
1018,S0_normal,O016-01,23.0,0,2,4.75,10,1,3,0,-1.0,19.4
1018,S0_normal,O016-02,23.0,0,2,4.75,10,2,3,0,-1.0,24.8
1018,S0_normal,O017-01,24.0,0,0,4.0,7,1,9,0,-1.0,25.2
1018,S0_normal,O018-01,20.0,0,2,4.25,10,1,5,0,-1.0,19.3
1018,S0_normal,O018-02,20.0,0,2,4.25,10,2,5,0,-1.0,18.9
1018,S0_normal,O019-01,21.0,0,0,4.75,10,1,5,0,-1.0,19.6
1018,S0_normal,O019-02,21.0,0,0,4.75,10,2,5,0,-1.0,24.7
1018,S0_normal,O020-01,19.0,0,3,4.75,10,1,5,0,-1.0,20.8
1018,S0_normal,O020-02,19.0,0,3,4.75,10,2,5,0,-1.0,17.3
1018,S0_normal,O021-01,17.0,1,1,4.5,9,1,7,0,-1.0,22.4
1018,S0_normal,O021-02,17.0,1,1,4.25,9,2,7,0,-1.0,18.2
1018,S0_normal,O021-03,17.0,1,1,4.25,9,3,7,0,-1.0,17.7
1018,S0_normal,O022-01,18.0,0,1,5.25,10,1,3,0,-1.0,16.2
1018,S0_normal,O022-02,18.0,0,1,5.25,10,2,3,0,-1.0,18.8
1018,S0_normal,O022-03,18.0,0,1,5.0,10,3,3,0,-1.0,15.6
1018,S0_normal,O023-01,16.0,1,3,5.0,8,1,10,0,-1.0,15.5
1018,S0_normal,O023-02,16.0,1,3,4.75,8,2,10,0,-1.0,15.9
1018,S0_normal,O023-03,16.0,1,3,4.75,8,3,10,0,-1.0,15.6
1018,S0_normal,O024-01,20.0,0,1,5.25,10,1,5,0,-1.0,18.5
1018,S0_normal,O024-02,20.0,0,1,5.25,10,2,5,0,-1.0,24.1
1018,S0_normal,O024-03,20.0,0,1,5.0,10,3,5,0,-1.0,20.5
1018,S0_normal,O024-04,20.0,0,1,5.0,10,4,5,0,-1.0,20.3
1018,S0_normal,O024-05,20.0,0,1,5.0,10,5,5,0,-1.0,19.4
1018,S0_normal,O025-01,15.0,0,1,6.0,10,1,3,0,-1.0,13.0
1018,S0_normal,O026-01,13.0,1,0,4.25,9,1,7,0,-1.0,15.3
1018,S0_normal,O026-02,13.0,1,0,4.25,9,2,7,0,-1.0,11.7
1018,S0_normal,O027-01,14.0,1,0,4.75,9,1,7,0,-1.0,16.6
1018,S0_normal,O027-02,14.0,1,0,4.75,9,2,7,0,-1.0,13.7
1018,S0_normal,O027-03,14.0,1,0,4.5,9,3,7,0,-1.0,18.6
1018,S0_normal,O027-04,14.0,1,0,4.5,9,4,7,0,-1.0,12.5
1018,S0_normal,O028-01,13.0,1,3,5.5,9,1,7,0,-1.0,11.4
1018,S0_normal,O029-01,16.0,1,1,3.5,8,1,6,0,-1.0,16.0
1018,S0_normal,O029-02,16.0,1,1,3.5,8,2,6,0,-1.0,14.4
1018,S0_normal,O030-01,18.0,0,2,4.5,7,1,9,0,-1.0,18.1
1019,S2_peak_traffic,O001-01,15.0,1,1,4.5,7,1,8,0,-1.0,16.1
1019,S2_peak_traffic,O001-02,15.0,1,1,4.5,7,2,8,0,-1.0,14.5
1019,S2_peak_traffic,O002-01,14.0,1,1,3.5,8,1,10,0,-1.0,13.2
1019,S2_peak_traffic,O002-02,14.0,1,1,3.5,8,2,10,0,-1.0,10.1
1019,S2_peak_traffic,O003-01,24.0,0,3,5.5,7,1,9,0,-1.0,21.1
1019,S2_peak_traffic,O003-02,24.0,0,3,5.5,7,2,9,0,-1.0,21.1
1019,S2_peak_traffic,O004-01,25.0,0,2,6.0,11,1,4,0,-1.0,21.4
1019,S2_peak_traffic,O005-01,17.0,0,1,6.0,10,1,3,0,-1.0,18.6
1019,S2_peak_traffic,O005-02,17.0,0,1,5.75,10,2,3,0,-1.0,20.4
1019,S2_peak_traffic,O005-03,17.0,0,1,5.75,10,3,3,0,-1.0,19.0
1019,S2_peak_traffic,O006-01,24.0,0,3,6.0,11,1,4,0,-1.0,23.7
1019,S2_peak_traffic,O007-01,22.0,0,3,6.0,6,1,1,0,-1.0,23.1
1019,S2_peak_traffic,O008-01,16.0,1,3,4.75,10,1,2,0,-1.0,16.7
1019,S2_peak_traffic,O008-02,16.0,1,3,4.75,10,2,2,0,-1.0,13.2
1019,S2_peak_traffic,O008-03,16.0,1,3,4.5,10,3,2,0,-1.0,15.6
1019,S2_peak_traffic,O009-01,17.0,1,1,4.5,10,1,2,0,-1.0,11.3
1019,S2_peak_traffic,O010-01,17.0,0,1,5.0,10,1,3,0,-1.0,15.2
1019,S2_peak_traffic,O010-02,17.0,0,1,5.0,10,2,3,0,-1.0,16.2
1019,S2_peak_traffic,O010-03,17.0,0,1,5.0,10,3,3,0,-1.0,12.9
1019,S2_peak_traffic,O011-01,17.0,0,2,4.75,10,1,5,0,-1.0,26.3
1019,S2_peak_traffic,O011-02,17.0,0,2,4.75,10,2,5,0,-1.0,21.7
1019,S2_peak_traffic,O011-03,17.0,0,2,4.5,10,3,5,0,-1.0,16.7
1019,S2_peak_traffic,O012-01,17.0,0,0,5.75,7,1,9,0,-1.0,20.5
1019,S2_peak_traffic,O012-02,17.0,0,0,5.75,7,2,9,0,-1.0,22.1
1019,S2_peak_traffic,O013-01,17.0,0,1,6.0,7,1,9,0,-1.0,16.9
1019,S2_peak_traffic,O014-01,18.0,1,2,4.75,8,1,6,0,-1.0,17.8
1019,S2_peak_traffic,O014-02,18.0,1,2,4.75,8,2,6,0,-1.0,18.5
1019,S2_peak_traffic,O015-01,20.0,0,0,3.75,10,1,5,0,-1.0,22.5
1019,S2_peak_traffic,O015-02,20.0,0,0,3.75,10,2,5,0,-1.0,22.8
1019,S2_peak_traffic,O016-01,16.0,0,1,5.5,11,1,4,0,-1.0,14.6
1019,S2_peak_traffic,O017-01,13.0,1,3,6.0,9,1,7,0,-1.0,10.9
1019,S2_peak_traffic,O017-02,13.0,1,3,6.0,9,2,7,0,-1.0,14.1
1019,S2_peak_traffic,O018-01,24.0,0,3,5.0,10,1,5,0,-1.0,18.7
1019,S2_peak_traffic,O018-02,24.0,0,3,5.0,10,2,5,0,-1.0,24.5
1019,S2_peak_traffic,O018-03,24.0,0,3,4.75,10,3,5,0,-1.0,19.8
1019,S2_peak_traffic,O018-04,24.0,0,3,4.75,10,4,5,0,-1.0,28.7
1019,S2_peak_traffic,O019-01,19.0,0,1,4.5,6,1,1,0,-1.0,20.6
1019,S2_peak_traffic,O020-01,17.0,0,3,3.75,7,1,9,0,-1.0,11.5
1019,S2_peak_traffic,O020-02,17.0,0,3,3.75,7,2,9,0,-1.0,19.5
1019,S2_peak_traffic,O021-01,18.0,0,0,5.0,7,1,9,0,-1.0,21.7
1019,S2_peak_traffic,O021-02,18.0,0,0,4.75,7,2,9,0,-1.0,18.8
1019,S2_peak_traffic,O021-03,18.0,0,0,4.75,7,3,9,0,-1.0,15.2
1019,S2_peak_traffic,O022-01,21.0,0,1,4.75,7,1,9,0,-1.0,18.7
1019,S2_peak_traffic,O022-02,21.0,0,1,4.75,7,2,9,0,-1.0,20.2
1019,S2_peak_traffic,O022-03,21.0,0,1,4.5,7,3,9,0,-1.0,18.6
1019,S2_peak_traffic,O022-04,21.0,0,1,4.5,7,4,9,0,-1.0,18.7
1019,S2_peak_traffic,O023-01,16.0,0,3,4.25,10,1,3,0,-1.0,15.8
1019,S2_peak_traffic,O023-02,16.0,0,3,4.25,10,2,3,0,-1.0,17.0
1019,S2_peak_traffic,O024-01,13.0,1,2,5.5,8,1,10,0,-1.0,12.0
1019,S2_peak_traffic,O025-01,24.0,0,3,5.75,11,1,4,0,-1.0,24.2
1019,S2_peak_traffic,O025-02,24.0,0,3,5.75,11,2,4,0,-1.0,19.1
1019,S2_peak_traffic,O025-03,24.0,0,3,5.5,11,3,4,0,-1.0,27.5
1019,S2_peak_traffic,O026-01,23.0,0,1,4.5,6,1,1,0,-1.0,17.9
1019,S2_peak_traffic,O026-02,23.0,0,1,4.25,6,2,1,0,-1.0,26.7
1019,S2_peak_traffic,O026-03,23.0,0,1,4.25,6,3,1,0,-1.0,22.6
1019,S2_peak_traffic,O027-01,16.0,1,2,4.75,8,1,10,0,-1.0,15.3
1019,S2_peak_traffic,O027-02,16.0,1,2,4.75,8,2,10,0,-1.0,15.5
1019,S2_peak_traffic,O027-03,16.0,1,2,4.5,8,3,10,0,-1.0,16.8
1019,S2_peak_traffic,O028-01,17.0,0,3,4.25,10,1,3,0,-1.0,17.6
1019,S2_peak_traffic,O028-02,17.0,0,3,4.25,10,2,3,0,-1.0,18.3
1019,S2_peak_traffic,O029-01,16.0,0,0,3.25,7,1,9,0,-1.0,15.1
1019,S2_peak_traffic,O029-02,16.0,0,0,3.25,7,2,9,0,-1.0,15.5
1019,S2_peak_traffic,O030-01,12.0,1,1,4.0,7,1,8,0,-1.0,11.6
1020,S2_peak_traffic,O001-01,16.0,0,2,3.75,7,1,9,0,-1.0,15.9
1020,S2_peak_traffic,O001-02,16.0,0,2,3.75,7,2,9,0,-1.0,16.1
1020,S2_peak_traffic,O002-01,23.0,0,1,4.5,6,1,1,0,-1.0,26.0
1020,S2_peak_traffic,O002-02,23.0,0,1,4.5,6,2,1,0,-1.0,22.6
1020,S2_peak_traffic,O003-01,21.0,0,1,5.0,10,1,5,0,-1.0,22.0
1020,S2_peak_traffic,O003-02,21.0,0,1,5.0,10,2,5,0,-1.0,18.8
1020,S2_peak_traffic,O003-03,21.0,0,1,4.75,10,3,5,0,-1.0,15.8
1020,S2_peak_traffic,O003-04,21.0,0,1,4.75,10,4,5,0,-1.0,23.8
1020,S2_peak_traffic,O004-01,17.0,1,0,5.5,9,1,7,0,-1.0,12.8
1020,S2_peak_traffic,O004-02,17.0,1,0,5.25,9,2,7,0,-1.0,13.3
1020,S2_peak_traffic,O004-03,17.0,1,0,5.25,9,3,7,0,-1.0,15.4
1020,S2_peak_traffic,O005-01,22.0,0,3,4.0,11,1,4,0,-1.0,20.0
1020,S2_peak_traffic,O005-02,22.0,0,3,4.0,11,2,4,0,-1.0,18.3
1020,S2_peak_traffic,O006-01,22.0,0,2,4.0,11,1,4,0,-1.0,20.1
1020,S2_peak_traffic,O006-02,22.0,0,2,4.0,11,2,4,0,-1.0,19.3
1020,S2_peak_traffic,O007-01,17.0,0,2,5.0,10,1,5,0,-1.0,16.7
1020,S2_peak_traffic,O007-02,17.0,0,2,5.0,10,2,5,0,-1.0,14.6
1020,S2_peak_traffic,O007-03,17.0,0,2,5.0,10,3,5,0,-1.0,15.8
1020,S2_peak_traffic,O008-01,20.0,0,0,3.5,10,1,5,0,-1.0,17.9
1020,S2_peak_traffic,O008-02,20.0,0,0,3.5,10,2,5,0,-1.0,24.1
1020,S2_peak_traffic,O009-01,25.0,0,1,3.5,10,1,3,0,-1.0,21.5
1020,S2_peak_traffic,O009-02,25.0,0,1,3.5,10,2,3,0,-1.0,27.8
1020,S2_peak_traffic,O010-01,17.0,0,0,6.0,11,1,4,0,-1.0,15.0
1020,S2_peak_traffic,O010-02,17.0,0,0,6.0,11,2,4,0,-1.0,19.5
1020,S2_peak_traffic,O010-03,17.0,0,0,6.0,11,3,4,0,-1.0,18.6
1020,S2_peak_traffic,O011-01,12.0,1,2,4.0,8,1,6,0,-1.0,11.2
1020,S2_peak_traffic,O012-01,12.0,1,1,4.25,8,1,6,0,-1.0,12.8
1020,S2_peak_traffic,O012-02,12.0,1,1,4.25,8,2,6,0,-1.0,16.6
1020,S2_peak_traffic,O013-01,20.0,0,1,4.0,10,1,5,0,-1.0,18.6
1020,S2_peak_traffic,O014-01,16.0,1,3,5.5,7,1,8,0,-1.0,12.3
1020,S2_peak_traffic,O014-02,16.0,1,3,5.25,7,2,8,0,-1.0,15.3
1020,S2_peak_traffic,O014-03,16.0,1,3,5.25,7,3,8,0,-1.0,18.0
1020,S2_peak_traffic,O014-04,16.0,1,3,5.25,7,4,8,0,-1.0,18.4
1020,S2_peak_traffic,O014-05,16.0,1,3,5.25,7,5,8,0,-1.0,17.2
1020,S2_peak_traffic,O015-01,25.0,0,0,4.75,11,1,4,0,-1.0,25.6
1020,S2_peak_traffic,O015-02,25.0,0,0,4.75,11,2,4,0,-1.0,24.9
1020,S2_peak_traffic,O016-01,17.0,1,1,4.75,7,1,8,0,-1.0,12.5
1020,S2_peak_traffic,O016-02,17.0,1,1,4.75,7,2,8,0,-1.0,20.8
1020,S2_peak_traffic,O016-03,17.0,1,1,4.5,7,3,8,0,-1.0,20.8
1020,S2_peak_traffic,O016-04,17.0,1,1,4.5,7,4,8,0,-1.0,17.0
1020,S2_peak_traffic,O017-01,16.0,0,3,5.75,7,1,9,0,-1.0,14.3
1020,S2_peak_traffic,O017-02,16.0,0,3,5.75,7,2,9,0,-1.0,18.3
1020,S2_peak_traffic,O018-01,12.0,1,1,5.5,9,1,7,0,-1.0,13.7
1020,S2_peak_traffic,O018-02,12.0,1,1,5.25,9,2,7,0,-1.0,13.1
1020,S2_peak_traffic,O018-03,12.0,1,1,5.25,9,3,7,0,-1.0,14.2
1020,S2_peak_traffic,O018-04,12.0,1,1,5.25,9,4,7,0,-1.0,11.7
1020,S2_peak_traffic,O018-05,12.0,1,1,5.25,9,5,7,0,-1.0,12.7
1020,S2_peak_traffic,O019-01,17.0,0,1,4.0,11,1,4,0,-1.0,14.5
1020,S2_peak_traffic,O020-01,15.0,1,3,5.75,7,1,8,0,-1.0,15.3
1020,S2_peak_traffic,O020-02,15.0,1,3,5.75,7,2,8,0,-1.0,12.8
1020,S2_peak_traffic,O021-01,15.0,1,0,5.5,9,1,7,0,-1.0,17.5
1020,S2_peak_traffic,O022-01,17.0,1,2,4.0,7,1,8,0,-1.0,12.3
1020,S2_peak_traffic,O022-02,17.0,1,2,4.0,7,2,8,0,-1.0,18.8
1020,S2_peak_traffic,O023-01,22.0,0,1,4.5,7,1,9,0,-1.0,23.7
1020,S2_peak_traffic,O023-02,22.0,0,1,4.5,7,2,9,0,-1.0,26.0
1020,S2_peak_traffic,O024-01,17.0,1,3,4.25,8,1,6,0,-1.0,23.4
1020,S2_peak_traffic,O024-02,17.0,1,3,4.25,8,2,6,0,-1.0,11.6
1020,S2_peak_traffic,O025-01,18.0,1,0,4.0,9,1,7,0,-1.0,17.7
1020,S2_peak_traffic,O026-01,13.0,1,1,3.5,7,1,8,0,-1.0,19.2
1020,S2_peak_traffic,O026-02,13.0,1,1,3.5,7,2,8,0,-1.0,11.2
1020,S2_peak_traffic,O027-01,14.0,1,0,4.75,8,1,10,0,-1.0,15.5
1020,S2_peak_traffic,O027-02,14.0,1,0,4.75,8,2,10,0,-1.0,15.7
1020,S2_peak_traffic,O027-03,14.0,1,0,4.5,8,3,10,0,-1.0,14.8
1020,S2_peak_traffic,O027-04,14.0,1,0,4.5,8,4,10,0,-1.0,9.2
1020,S2_peak_traffic,O028-01,16.0,0,3,4.0,10,1,5,0,-1.0,15.4
1020,S2_peak_traffic,O029-01,12.0,1,2,5.75,10,1,2,0,-1.0,10.8
1020,S2_peak_traffic,O029-02,12.0,1,2,5.75,10,2,2,0,-1.0,12.1
1020,S2_peak_traffic,O029-03,12.0,1,2,5.75,10,3,2,0,-1.0,9.8
1020,S2_peak_traffic,O029-04,12.0,1,2,5.75,10,4,2,0,-1.0,8.5
1020,S2_peak_traffic,O029-05,12.0,1,2,5.75,10,5,2,0,-1.0,11.5
1020,S2_peak_traffic,O029-06,12.0,1,2,5.75,10,6,2,0,-1.0,13.9
1020,S2_peak_traffic,O029-07,12.0,1,2,5.5,10,7,2,0,-1.0,10.9
1020,S2_peak_traffic,O030-01,17.0,0,0,6.0,6,1,1,0,-1.0,19.7
1021,S0_normal,O001-01,12.0,1,3,3.5,7,1,8,0,-1.0,13.4
1021,S0_normal,O001-02,12.0,1,3,3.5,7,2,8,0,-1.0,14.6
1021,S0_normal,O002-01,15.0,1,0,5.5,8,1,6,0,-1.0,14.7
1021,S0_normal,O002-02,15.0,1,0,5.5,8,2,6,0,-1.0,17.4
1021,S0_normal,O002-03,15.0,1,0,5.5,8,3,6,0,-1.0,16.2
1021,S0_normal,O002-04,15.0,1,0,5.5,8,4,6,0,-1.0,13.6
1021,S0_normal,O003-01,17.0,1,3,3.25,8,1,10,0,-1.0,13.6
1021,S0_normal,O003-02,17.0,1,3,3.25,8,2,10,0,-1.0,19.1
1021,S0_normal,O004-01,15.0,0,0,4.75,10,1,3,0,-1.0,13.4
1021,S0_normal,O004-02,15.0,0,0,4.75,10,2,3,0,-1.0,16.1
1021,S0_normal,O004-03,15.0,0,0,4.5,10,3,3,0,-1.0,14.5
1021,S0_normal,O005-01,23.0,0,3,4.75,11,1,4,0,-1.0,22.2
1021,S0_normal,O005-02,23.0,0,3,4.75,11,2,4,0,-1.0,28.2
1021,S0_normal,O005-03,23.0,0,3,4.75,11,3,4,0,-1.0,24.7
1021,S0_normal,O005-04,23.0,0,3,4.75,11,4,4,0,-1.0,24.7
1021,S0_normal,O006-01,20.0,0,2,6.0,10,1,5,0,-1.0,20.9
1021,S0_normal,O006-02,20.0,0,2,6.0,10,2,5,0,-1.0,25.5
1021,S0_normal,O007-01,12.0,1,0,4.25,8,1,10,0,-1.0,12.2
1021,S0_normal,O007-02,12.0,1,0,4.25,8,2,10,0,-1.0,13.4
1021,S0_normal,O007-03,12.0,1,0,4.0,8,3,10,0,-1.0,12.8
1021,S0_normal,O008-01,13.0,1,3,5.25,8,1,6,0,-1.0,13.2
1021,S0_normal,O008-02,13.0,1,3,5.25,8,2,6,0,-1.0,12.5
1021,S0_normal,O008-03,13.0,1,3,5.0,8,3,6,0,-1.0,11.8
1021,S0_normal,O009-01,16.0,0,3,3.25,6,1,1,0,-1.0,20.4
1021,S0_normal,O009-02,16.0,0,3,3.25,6,2,1,0,-1.0,23.3
1021,S0_normal,O010-01,16.0,0,3,3.75,7,1,9,0,-1.0,15.4
1021,S0_normal,O010-02,16.0,0,3,3.75,7,2,9,0,-1.0,17.5
1021,S0_normal,O011-01,24.0,0,3,4.25,10,1,5,0,-1.0,30.8
1021,S0_normal,O011-02,24.0,0,3,4.25,10,2,5,0,-1.0,28.1
1021,S0_normal,O012-01,12.0,1,1,4.5,8,1,10,0,-1.0,12.3
1021,S0_normal,O012-02,12.0,1,1,4.5,8,2,10,0,-1.0,14.9
1021,S0_normal,O012-03,12.0,1,1,4.5,8,3,10,0,-1.0,9.9
1021,S0_normal,O013-01,18.0,0,0,5.5,6,1,1,0,-1.0,19.2
1021,S0_normal,O013-02,18.0,0,0,5.25,6,2,1,0,-1.0,17.5
1021,S0_normal,O013-03,18.0,0,0,5.25,6,3,1,0,-1.0,27.3
1021,S0_normal,O014-01,14.0,1,3,5.5,7,1,8,0,-1.0,13.3
1021,S0_normal,O015-01,12.0,1,2,4.75,10,1,2,0,-1.0,10.1
1021,S0_normal,O015-02,12.0,1,2,4.75,10,2,2,0,-1.0,15.4
1021,S0_normal,O015-03,12.0,1,2,4.5,10,3,2,0,-1.0,14.1
1021,S0_normal,O016-01,25.0,0,1,4.5,10,1,5,0,-1.0,26.7
1021,S0_normal,O016-02,25.0,0,1,4.5,10,2,5,0,-1.0,25.8
1021,S0_normal,O017-01,18.0,0,2,5.0,10,1,5,0,-1.0,16.4
1021,S0_normal,O018-01,18.0,1,0,5.75,10,1,2,0,-1.0,13.7
1021,S0_normal,O018-02,18.0,1,0,5.75,10,2,2,0,-1.0,15.9
1021,S0_normal,O019-01,12.0,1,0,4.0,8,1,10,0,-1.0,13.6
1021,S0_normal,O020-01,13.0,1,0,6.0,9,1,7,0,-1.0,12.4
1021,S0_normal,O021-01,16.0,0,0,4.0,10,1,3,0,-1.0,17.7
1021,S0_normal,O022-01,22.0,0,0,5.25,11,1,4,0,-1.0,16.4
1021,S0_normal,O022-02,22.0,0,0,5.25,11,2,4,0,-1.0,24.9
1021,S0_normal,O023-01,17.0,0,1,5.5,10,1,5,0,-1.0,19.2
1021,S0_normal,O023-02,17.0,0,1,5.5,10,2,5,0,-1.0,19.0
1021,S0_normal,O023-03,17.0,0,1,5.5,10,3,5,0,-1.0,17.9
1021,S0_normal,O023-04,17.0,0,1,5.5,10,4,5,0,-1.0,18.6
1021,S0_normal,O023-05,17.0,0,1,5.5,10,5,5,0,-1.0,15.6
1021,S0_normal,O024-01,14.0,1,1,5.25,8,1,10,0,-1.0,13.7
1021,S0_normal,O024-02,14.0,1,1,5.25,8,2,10,0,-1.0,15.7
1021,S0_normal,O024-03,14.0,1,1,5.0,8,3,10,0,-1.0,14.1
1021,S0_normal,O024-04,14.0,1,1,5.0,8,4,10,0,-1.0,16.3
1021,S0_normal,O025-01,23.0,0,2,3.25,7,1,9,0,-1.0,23.7
1021,S0_normal,O025-02,23.0,0,2,3.25,7,2,9,0,-1.0,24.0
1021,S0_normal,O026-01,23.0,0,1,4.25,6,1,1,0,-1.0,24.2
1021,S0_normal,O026-02,23.0,0,1,4.25,6,2,1,0,-1.0,28.2
1021,S0_normal,O027-01,17.0,0,0,5.0,10,1,3,0,-1.0,17.3
1021,S0_normal,O027-02,17.0,0,0,4.75,10,2,3,0,-1.0,14.0
1021,S0_normal,O027-03,17.0,0,0,4.75,10,3,3,0,-1.0,14.4
1021,S0_normal,O028-01,17.0,1,2,5.5,8,1,6,0,-1.0,12.1
1021,S0_normal,O029-01,19.0,0,0,5.75,11,1,4,0,-1.0,18.6
1021,S0_normal,O029-02,19.0,0,0,5.75,11,2,4,0,-1.0,18.6
1021,S0_normal,O029-03,19.0,0,0,5.75,11,3,4,0,-1.0,16.8
1021,S0_normal,O029-04,19.0,0,0,5.75,11,4,4,0,-1.0,18.9
1021,S0_normal,O030-01,13.0,1,3,4.0,10,1,2,0,-1.0,14.4
1021,S0_normal,O030-02,13.0,1,3,4.0,10,2,2,0,-1.0,17.0
1022,S2_peak_traffic,O001-01,12.0,1,2,5.75,9,1,7,0,-1.0,12.3
1022,S2_peak_traffic,O001-02,12.0,1,2,5.75,9,2,7,0,-1.0,11.2
1022,S2_peak_traffic,O001-03,12.0,1,2,5.75,9,3,7,0,-1.0,11.7
1022,S2_peak_traffic,O001-04,12.0,1,2,5.75,9,4,7,0,-1.0,9.3
1022,S2_peak_traffic,O001-05,12.0,1,2,5.75,9,5,7,0,-1.0,11.0
1022,S2_peak_traffic,O001-06,12.0,1,2,5.75,9,6,7,0,-1.0,12.1
1022,S2_peak_traffic,O001-07,12.0,1,2,5.5,9,7,7,0,-1.0,11.7
1022,S2_peak_traffic,O002-01,21.0,0,0,4.0,10,1,3,0,-1.0,23.3
1022,S2_peak_traffic,O003-01,15.0,1,3,3.75,9,1,7,0,-1.0,14.8
1022,S2_peak_traffic,O003-02,15.0,1,3,3.75,9,2,7,0,-1.0,12.8
1022,S2_peak_traffic,O004-01,17.0,0,1,4.5,6,1,1,0,-1.0,16.8
1022,S2_peak_traffic,O005-01,20.0,0,3,3.5,7,1,9,0,-1.0,20.9
1022,S2_peak_traffic,O005-02,20.0,0,3,3.5,7,2,9,0,-1.0,18.8
1022,S2_peak_traffic,O006-01,18.0,1,3,4.25,10,1,2,0,-1.0,20.6
1022,S2_peak_traffic,O006-02,18.0,1,3,4.25,10,2,2,0,-1.0,20.1
1022,S2_peak_traffic,O007-01,21.0,0,3,5.5,10,1,5,0,-1.0,20.8
1022,S2_peak_traffic,O007-02,21.0,0,3,5.5,10,2,5,0,-1.0,23.8
1022,S2_peak_traffic,O007-03,21.0,0,3,5.5,10,3,5,0,-1.0,22.3
1022,S2_peak_traffic,O008-01,17.0,1,3,5.5,7,1,8,0,-1.0,19.6
1022,S2_peak_traffic,O009-01,16.0,0,3,5.5,7,1,9,0,-1.0,12.3
1022,S2_peak_traffic,O010-01,18.0,1,3,5.25,8,1,10,0,-1.0,12.9
1022,S2_peak_traffic,O010-02,18.0,1,3,5.25,8,2,10,0,-1.0,14.7
1022,S2_peak_traffic,O010-03,18.0,1,3,5.0,8,3,10,0,-1.0,15.1
1022,S2_peak_traffic,O011-01,15.0,1,2,4.5,7,1,8,0,-1.0,16.2
1022,S2_peak_traffic,O011-02,15.0,1,2,4.5,7,2,8,0,-1.0,16.1
1022,S2_peak_traffic,O012-01,16.0,1,1,4.25,7,1,8,0,-1.0,12.6
1022,S2_peak_traffic,O012-02,16.0,1,1,4.25,7,2,8,0,-1.0,17.2
1022,S2_peak_traffic,O013-01,14.0,1,1,5.0,7,1,8,0,-1.0,11.4
1022,S2_peak_traffic,O013-02,14.0,1,1,4.75,7,2,8,0,-1.0,11.1
1022,S2_peak_traffic,O013-03,14.0,1,1,4.75,7,3,8,0,-1.0,12.5
1022,S2_peak_traffic,O014-01,15.0,1,0,4.25,9,1,7,0,-1.0,16.1
1022,S2_peak_traffic,O014-02,15.0,1,0,4.25,9,2,7,0,-1.0,19.9
1022,S2_peak_traffic,O015-01,13.0,1,3,4.0,9,1,7,0,-1.0,10.5
1022,S2_peak_traffic,O016-01,13.0,1,1,3.25,8,1,6,0,-1.0,15.3
1022,S2_peak_traffic,O016-02,13.0,1,1,3.25,8,2,6,0,-1.0,9.6
1022,S2_peak_traffic,O017-01,18.0,0,3,4.5,6,1,1,0,-1.0,15.9
1022,S2_peak_traffic,O017-02,18.0,0,3,4.5,6,2,1,0,-1.0,23.5
1022,S2_peak_traffic,O017-03,18.0,0,3,4.5,6,3,1,0,-1.0,20.1
1022,S2_peak_traffic,O018-01,17.0,1,3,5.5,8,1,10,0,-1.0,13.0
1022,S2_peak_traffic,O018-02,17.0,1,3,5.5,8,2,10,0,-1.0,13.0
1022,S2_peak_traffic,O019-01,16.0,0,2,4.0,10,1,5,0,-1.0,15.6
1022,S2_peak_traffic,O020-01,18.0,0,2,6.0,7,1,9,0,-1.0,17.9
1022,S2_peak_traffic,O020-02,18.0,0,2,6.0,7,2,9,0,-1.0,17.3
1022,S2_peak_traffic,O021-01,18.0,1,1,4.25,10,1,2,0,-1.0,17.2
1022,S2_peak_traffic,O021-02,18.0,1,1,4.25,10,2,2,0,-1.0,20.4
1022,S2_peak_traffic,O021-03,18.0,1,1,4.0,10,3,2,0,-1.0,16.1
1022,S2_peak_traffic,O022-01,22.0,0,0,6.0,11,1,4,0,-1.0,20.7
1022,S2_peak_traffic,O022-02,22.0,0,0,6.0,11,2,4,0,-1.0,22.9
1022,S2_peak_traffic,O023-01,15.0,0,0,6.0,10,1,3,0,-1.0,12.1
1022,S2_peak_traffic,O024-01,20.0,0,1,4.0,10,1,3,0,-1.0,20.5
1022,S2_peak_traffic,O025-01,15.0,1,3,5.25,7,1,8,0,-1.0,14.3
1022,S2_peak_traffic,O025-02,15.0,1,3,5.25,7,2,8,0,-1.0,12.5
1022,S2_peak_traffic,O025-03,15.0,1,3,5.0,7,3,8,0,-1.0,13.4
1022,S2_peak_traffic,O026-01,24.0,0,1,5.5,6,1,1,0,-1.0,23.6
1022,S2_peak_traffic,O026-02,24.0,0,1,5.5,6,2,1,0,-1.0,21.9
1022,S2_peak_traffic,O027-01,17.0,0,2,3.25,7,1,9,0,-1.0,15.7
1022,S2_peak_traffic,O027-02,17.0,0,2,3.25,7,2,9,0,-1.0,13.2
1022,S2_peak_traffic,O028-01,23.0,0,1,4.75,10,1,3,0,-1.0,21.6
1022,S2_peak_traffic,O028-02,23.0,0,1,4.75,10,2,3,0,-1.0,26.8
1022,S2_peak_traffic,O028-03,23.0,0,1,4.75,10,3,3,0,-1.0,28.5
1022,S2_peak_traffic,O028-04,23.0,0,1,4.75,10,4,3,0,-1.0,20.0
1022,S2_peak_traffic,O029-01,14.0,1,2,5.0,10,1,2,0,-1.0,11.9
1022,S2_peak_traffic,O029-02,14.0,1,2,5.0,10,2,2,0,-1.0,14.7
1022,S2_peak_traffic,O029-03,14.0,1,2,5.0,10,3,2,0,-1.0,14.6
1022,S2_peak_traffic,O030-01,15.0,0,1,5.25,10,1,5,0,-1.0,14.4
1022,S2_peak_traffic,O030-02,15.0,0,1,5.25,10,2,5,0,-1.0,15.9
1023,S2_peak_traffic,O001-01,12.0,1,3,5.5,7,1,8,0,-1.0,14.4
1023,S2_peak_traffic,O002-01,20.0,0,3,4.0,11,1,4,0,-1.0,14.7
1023,S2_peak_traffic,O003-01,17.0,0,0,3.5,6,1,1,0,-1.0,19.0
1023,S2_peak_traffic,O003-02,17.0,0,0,3.5,6,2,1,0,-1.0,13.6
1023,S2_peak_traffic,O004-01,20.0,0,1,3.75,11,1,4,0,-1.0,23.5
1023,S2_peak_traffic,O004-02,20.0,0,1,3.75,11,2,4,0,-1.0,21.6
1023,S2_peak_traffic,O005-01,18.0,1,2,4.5,8,1,10,0,-1.0,12.9
1023,S2_peak_traffic,O005-02,18.0,1,2,4.25,8,2,10,0,-1.0,17.9
1023,S2_peak_traffic,O005-03,18.0,1,2,4.25,8,3,10,0,-1.0,17.1
1023,S2_peak_traffic,O006-01,24.0,0,0,5.5,11,1,4,0,-1.0,26.4
1023,S2_peak_traffic,O006-02,24.0,0,0,5.5,11,2,4,0,-1.0,20.9
1023,S2_peak_traffic,O007-01,17.0,1,3,4.0,8,1,6,0,-1.0,12.7
1023,S2_peak_traffic,O008-01,18.0,0,0,4.0,7,1,9,0,-1.0,24.8
1023,S2_peak_traffic,O009-01,15.0,1,2,4.0,10,1,2,0,-1.0,19.1
1023,S2_peak_traffic,O009-02,15.0,1,2,4.0,10,2,2,0,-1.0,14.5
1023,S2_peak_traffic,O010-01,14.0,1,2,5.0,8,1,10,0,-1.0,14.0
1023,S2_peak_traffic,O011-01,15.0,0,3,5.0,7,1,9,0,-1.0,13.5
1023,S2_peak_traffic,O011-02,15.0,0,3,5.0,7,2,9,0,-1.0,12.3
1023,S2_peak_traffic,O012-01,15.0,1,0,4.5,9,1,7,0,-1.0,14.2
1023,S2_peak_traffic,O013-01,18.0,0,1,5.5,10,1,3,0,-1.0,16.1
1023,S2_peak_traffic,O014-01,19.0,0,3,5.75,10,1,5,0,-1.0,19.1
1023,S2_peak_traffic,O014-02,19.0,0,3,5.75,10,2,5,0,-1.0,19.1
1023,S2_peak_traffic,O014-03,19.0,0,3,5.5,10,3,5,0,-1.0,16.4
1023,S2_peak_traffic,O015-01,15.0,1,0,5.25,9,1,7,0,-1.0,16.3
1023,S2_peak_traffic,O015-02,15.0,1,0,5.25,9,2,7,0,-1.0,16.4
1023,S2_peak_traffic,O016-01,18.0,0,3,6.0,10,1,3,0,-1.0,21.3
1023,S2_peak_traffic,O016-02,18.0,0,3,6.0,10,2,3,0,-1.0,14.1
1023,S2_peak_traffic,O016-03,18.0,0,3,6.0,10,3,3,0,-1.0,19.3
1023,S2_peak_traffic,O016-04,18.0,0,3,5.75,10,4,3,0,-1.0,16.9
1023,S2_peak_traffic,O016-05,18.0,0,3,5.75,10,5,3,0,-1.0,15.0
1023,S2_peak_traffic,O017-01,17.0,1,1,6.0,8,1,6,0,-1.0,13.8
1023,S2_peak_traffic,O017-02,17.0,1,1,6.0,8,2,6,0,-1.0,18.3
1023,S2_peak_traffic,O018-01,18.0,0,1,4.25,11,1,4,0,-1.0,18.8
1023,S2_peak_traffic,O018-02,18.0,0,1,4.25,11,2,4,0,-1.0,16.7
1023,S2_peak_traffic,O018-03,18.0,0,1,4.0,11,3,4,0,-1.0,25.2
1023,S2_peak_traffic,O019-01,18.0,0,0,4.0,7,1,9,0,-1.0,15.6
1023,S2_peak_traffic,O019-02,18.0,0,0,4.0,7,2,9,0,-1.0,18.2
1023,S2_peak_traffic,O020-01,16.0,0,0,5.0,10,1,5,0,-1.0,16.9
1023,S2_peak_traffic,O020-02,16.0,0,0,5.0,10,2,5,0,-1.0,18.0
1023,S2_peak_traffic,O021-01,12.0,1,2,4.25,7,1,8,0,-1.0,14.0
1023,S2_peak_traffic,O021-02,12.0,1,2,4.25,7,2,8,0,-1.0,13.4
1023,S2_peak_traffic,O022-01,18.0,1,2,4.75,7,1,8,0,-1.0,17.7
1023,S2_peak_traffic,O022-02,18.0,1,2,4.75,7,2,8,0,-1.0,19.3
1023,S2_peak_traffic,O023-01,23.0,0,3,4.5,7,1,9,0,-1.0,23.0
1023,S2_peak_traffic,O023-02,23.0,0,3,4.5,7,2,9,0,-1.0,21.9
1023,S2_peak_traffic,O023-03,23.0,0,3,4.5,7,3,9,0,-1.0,24.7
1023,S2_peak_traffic,O024-01,22.0,0,1,5.25,6,1,1,0,-1.0,20.3
1023,S2_peak_traffic,O024-02,22.0,0,1,5.25,6,2,1,0,-1.0,20.9
1023,S2_peak_traffic,O024-03,22.0,0,1,5.0,6,3,1,0,-1.0,18.6
1023,S2_peak_traffic,O025-01,15.0,1,0,5.5,8,1,10,0,-1.0,11.7
1023,S2_peak_traffic,O025-02,15.0,1,0,5.25,8,2,10,0,-1.0,14.4
1023,S2_peak_traffic,O025-03,15.0,1,0,5.25,8,3,10,0,-1.0,13.4
1023,S2_peak_traffic,O026-01,16.0,0,1,5.25,11,1,4,0,-1.0,14.7
1023,S2_peak_traffic,O026-02,16.0,0,1,5.25,11,2,4,0,-1.0,17.1
1023,S2_peak_traffic,O026-03,16.0,0,1,5.0,11,3,4,0,-1.0,12.9
1023,S2_peak_traffic,O027-01,13.0,1,0,5.0,7,1,8,0,-1.0,12.8
1023,S2_peak_traffic,O027-02,13.0,1,0,5.0,7,2,8,0,-1.0,12.6
1023,S2_peak_traffic,O027-03,13.0,1,0,5.0,7,3,8,0,-1.0,11.9
1023,S2_peak_traffic,O028-01,14.0,1,2,5.0,10,1,2,0,-1.0,13.3
1023,S2_peak_traffic,O029-01,15.0,1,3,5.0,10,1,2,0,-1.0,18.5
1023,S2_peak_traffic,O030-01,13.0,1,0,5.5,8,1,6,0,-1.0,12.5
1024,S3_site_delay,O001-01,23.0,0,1,4.5,6,1,1,0,-1.0,21.2
1024,S3_site_delay,O002-01,18.0,0,1,5.0,11,1,4,0,-1.0,16.3
1024,S3_site_delay,O002-02,18.0,0,1,5.0,11,2,4,0,-1.0,14.0
1024,S3_site_delay,O002-03,18.0,0,1,5.0,11,3,4,0,-1.0,17.8
1024,S3_site_delay,O002-04,18.0,0,1,5.0,11,4,4,0,-1.0,21.6
1024,S3_site_delay,O003-01,15.0,0,0,4.0,7,1,9,0,-1.0,12.5
1024,S3_site_delay,O004-01,17.0,1,2,6.0,10,1,2,0,-1.0,15.8
1024,S3_site_delay,O004-02,17.0,1,2,6.0,10,2,2,0,-1.0,17.8
1024,S3_site_delay,O004-03,17.0,1,2,6.0,10,3,2,0,-1.0,15.6
1024,S3_site_delay,O004-04,17.0,1,2,6.0,10,4,2,0,-1.0,18.9
1024,S3_site_delay,O004-05,17.0,1,2,6.0,10,5,2,0,-1.0,16.4
1024,S3_site_delay,O005-01,15.0,1,0,5.5,8,1,6,0,-1.0,17.1
1024,S3_site_delay,O005-02,15.0,1,0,5.5,8,2,6,0,-1.0,19.7
1024,S3_site_delay,O006-01,22.0,0,1,5.5,7,1,9,0,-1.0,20.1
1024,S3_site_delay,O007-01,23.0,0,0,4.25,6,1,1,0,-1.0,31.2
1024,S3_site_delay,O007-02,23.0,0,0,4.25,6,2,1,0,-1.0,26.5
1024,S3_site_delay,O008-01,24.0,0,2,5.5,7,1,9,0,-1.0,31.6
1024,S3_site_delay,O009-01,18.0,1,0,5.5,9,1,7,0,-1.0,16.7
1024,S3_site_delay,O010-01,16.0,0,1,4.0,7,1,9,0,-1.0,22.0
1024,S3_site_delay,O011-01,21.0,0,0,4.25,10,1,5,0,-1.0,25.5
1024,S3_site_delay,O011-02,21.0,0,0,4.25,10,2,5,0,-1.0,25.6
1024,S3_site_delay,O011-03,21.0,0,0,4.0,10,3,5,0,-1.0,16.9
1024,S3_site_delay,O012-01,14.0,1,2,4.75,8,1,10,0,-1.0,15.8
1024,S3_site_delay,O012-02,14.0,1,2,4.75,8,2,10,0,-1.0,11.8
1024,S3_site_delay,O012-03,14.0,1,2,4.5,8,3,10,0,-1.0,14.5
1024,S3_site_delay,O013-01,23.0,0,1,3.25,7,1,9,0,-1.0,26.2
1024,S3_site_delay,O013-02,23.0,0,1,3.25,7,2,9,0,-1.0,18.5
1024,S3_site_delay,O014-01,12.0,1,2,3.75,10,1,2,0,-1.0,10.2
1024,S3_site_delay,O014-02,12.0,1,2,3.75,10,2,2,0,-1.0,14.3
1024,S3_site_delay,O015-01,13.0,1,3,3.5,9,1,7,0,-1.0,14.9
1024,S3_site_delay,O015-02,13.0,1,3,3.5,9,2,7,0,-1.0,12.5
1024,S3_site_delay,O016-01,22.0,0,3,5.5,10,1,3,0,-1.0,32.0
1024,S3_site_delay,O016-02,22.0,0,3,5.5,10,2,3,0,-1.0,22.3
1024,S3_site_delay,O016-03,22.0,0,3,5.25,10,3,3,0,-1.0,20.5
1024,S3_site_delay,O016-04,22.0,0,3,5.25,10,4,3,0,-1.0,23.7
1024,S3_site_delay,O017-01,15.0,0,2,4.0,11,1,4,0,-1.0,19.9
1024,S3_site_delay,O018-01,12.0,1,2,3.5,8,1,10,0,-1.0,12.5
1024,S3_site_delay,O018-02,12.0,1,2,3.5,8,2,10,0,-1.0,15.7
1024,S3_site_delay,O019-01,23.0,0,3,4.0,11,1,4,0,-1.0,20.5
1024,S3_site_delay,O020-01,15.0,1,1,4.25,8,1,10,0,-1.0,14.7
1024,S3_site_delay,O020-02,15.0,1,1,4.25,8,2,10,0,-1.0,12.5
1024,S3_site_delay,O020-03,15.0,1,1,4.0,8,3,10,0,-1.0,14.2
1024,S3_site_delay,O021-01,19.0,0,2,4.5,10,1,3,0,-1.0,23.9
1024,S3_site_delay,O022-01,21.0,0,3,3.5,10,1,5,0,-1.0,20.7
1024,S3_site_delay,O022-02,21.0,0,3,3.5,10,2,5,0,-1.0,29.3
1024,S3_site_delay,O023-01,14.0,1,1,4.25,7,1,8,0,-1.0,14.8
1024,S3_site_delay,O023-02,14.0,1,1,4.25,7,2,8,0,-1.0,10.2
1024,S3_site_delay,O024-01,17.0,0,3,3.5,10,1,3,0,-1.0,12.5
1024,S3_site_delay,O024-02,17.0,0,3,3.5,10,2,3,0,-1.0,19.2
1024,S3_site_delay,O025-01,18.0,0,2,4.0,10,1,3,0,-1.0,18.9
1024,S3_site_delay,O026-01,23.0,0,3,4.0,10,1,3,0,-1.0,27.6
1024,S3_site_delay,O027-01,14.0,1,2,5.5,8,1,10,0,-1.0,15.0
1024,S3_site_delay,O027-02,14.0,1,2,5.5,8,2,10,0,-1.0,12.6
1024,S3_site_delay,O027-03,14.0,1,2,5.5,8,3,10,0,-1.0,16.8
1024,S3_site_delay,O028-01,13.0,1,1,4.5,7,1,8,0,-1.0,13.2
1024,S3_site_delay,O028-02,13.0,1,1,4.5,7,2,8,0,-1.0,13.6
1024,S3_site_delay,O028-03,13.0,1,1,4.5,7,3,8,0,-1.0,14.1
1024,S3_site_delay,O029-01,13.0,1,2,6.0,7,1,8,0,-1.0,18.1
1024,S3_site_delay,O030-01,25.0,0,2,6.0,6,1,1,0,-1.0,20.5
1025,S3_site_delay,O001-01,19.0,0,2,5.5,10,1,3,0,-1.0,16.7
1025,S3_site_delay,O001-02,19.0,0,2,5.25,10,2,3,0,-1.0,19.0
1025,S3_site_delay,O001-03,19.0,0,2,5.25,10,3,3,0,-1.0,24.8
1025,S3_site_delay,O002-01,20.0,0,1,5.25,10,1,3,0,-1.0,24.2
1025,S3_site_delay,O002-02,20.0,0,1,5.25,10,2,3,0,-1.0,22.5
1025,S3_site_delay,O003-01,25.0,0,1,5.25,10,1,3,0,-1.0,21.5
1025,S3_site_delay,O003-02,25.0,0,1,5.25,10,2,3,0,-1.0,25.6
1025,S3_site_delay,O004-01,25.0,0,3,5.5,7,1,9,0,-1.0,20.7
1025,S3_site_delay,O004-02,25.0,0,3,5.5,7,2,9,0,-1.0,29.7
1025,S3_site_delay,O004-03,25.0,0,3,5.5,7,3,9,0,-1.0,22.8
1025,S3_site_delay,O005-01,20.0,0,1,4.5,6,1,1,0,-1.0,20.8
1025,S3_site_delay,O005-02,20.0,0,1,4.5,6,2,1,0,-1.0,21.3
1025,S3_site_delay,O005-03,20.0,0,1,4.5,6,3,1,0,-1.0,17.2
1025,S3_site_delay,O006-01,21.0,0,2,6.0,6,1,1,0,-1.0,26.3
1025,S3_site_delay,O007-01,15.0,0,2,4.25,10,1,5,0,-1.0,19.7
1025,S3_site_delay,O007-02,15.0,0,2,4.25,10,2,5,0,-1.0,13.8
1025,S3_site_delay,O008-01,16.0,1,3,4.5,10,1,2,0,-1.0,12.2
1025,S3_site_delay,O009-01,18.0,1,0,4.75,8,1,10,0,-1.0,18.0
1025,S3_site_delay,O009-02,18.0,1,0,4.75,8,2,10,0,-1.0,17.5
1025,S3_site_delay,O010-01,13.0,1,2,6.0,8,1,10,0,-1.0,12.1
1025,S3_site_delay,O011-01,23.0,0,2,5.75,10,1,5,0,-1.0,24.7
1025,S3_site_delay,O011-02,23.0,0,2,5.75,10,2,5,0,-1.0,21.8
1025,S3_site_delay,O012-01,25.0,0,0,3.5,11,1,4,0,-1.0,31.3
1025,S3_site_delay,O012-02,25.0,0,0,3.5,11,2,4,0,-1.0,20.6
1025,S3_site_delay,O013-01,17.0,1,1,5.25,9,1,7,0,-1.0,13.8
1025,S3_site_delay,O013-02,17.0,1,1,5.25,9,2,7,0,-1.0,12.8
1025,S3_site_delay,O014-01,22.0,0,0,4.25,10,1,5,0,-1.0,24.8
1025,S3_site_delay,O014-02,22.0,0,0,4.25,10,2,5,0,-1.0,22.1
1025,S3_site_delay,O015-01,16.0,1,1,5.0,7,1,8,0,-1.0,16.2
1025,S3_site_delay,O016-01,14.0,1,0,5.5,10,1,2,0,-1.0,20.3
1025,S3_site_delay,O016-02,14.0,1,0,5.5,10,2,2,0,-1.0,13.5
1025,S3_site_delay,O017-01,12.0,1,2,3.25,10,1,2,0,-1.0,13.5
1025,S3_site_delay,O017-02,12.0,1,2,3.25,10,2,2,0,-1.0,14.0
1025,S3_site_delay,O018-01,16.0,1,1,4.0,10,1,2,0,-1.0,19.1
1025,S3_site_delay,O019-01,15.0,0,2,4.0,6,1,1,0,-1.0,14.5
1025,S3_site_delay,O020-01,17.0,0,2,4.0,7,1,9,0,-1.0,18.3
1025,S3_site_delay,O021-01,14.0,1,0,4.75,7,1,8,0,-1.0,9.8
1025,S3_site_delay,O021-02,14.0,1,0,4.75,7,2,8,0,-1.0,12.5
1025,S3_site_delay,O021-03,14.0,1,0,4.75,7,3,8,0,-1.0,13.5
1025,S3_site_delay,O021-04,14.0,1,0,4.75,7,4,8,0,-1.0,13.9
1025,S3_site_delay,O022-01,21.0,0,0,6.0,11,1,4,0,-1.0,20.5
1025,S3_site_delay,O022-02,21.0,0,0,6.0,11,2,4,0,-1.0,21.5
1025,S3_site_delay,O023-01,16.0,0,1,5.0,7,1,9,0,-1.0,18.9
1025,S3_site_delay,O023-02,16.0,0,1,4.75,7,2,9,0,-1.0,17.3
1025,S3_site_delay,O023-03,16.0,0,1,4.75,7,3,9,0,-1.0,16.8
1025,S3_site_delay,O024-01,18.0,1,2,4.5,9,1,7,0,-1.0,15.4
1025,S3_site_delay,O024-02,18.0,1,2,4.5,9,2,7,0,-1.0,24.2
1025,S3_site_delay,O025-01,25.0,0,3,4.0,7,1,9,0,-1.0,23.6
1025,S3_site_delay,O026-01,17.0,1,2,3.25,7,1,8,0,-1.0,17.4
1025,S3_site_delay,O026-02,17.0,1,2,3.25,7,2,8,0,-1.0,17.9
1025,S3_site_delay,O027-01,15.0,1,0,5.0,9,1,7,0,-1.0,12.1
1025,S3_site_delay,O027-02,15.0,1,0,5.0,9,2,7,0,-1.0,16.0
1025,S3_site_delay,O027-03,15.0,1,0,5.0,9,3,7,0,-1.0,12.0
1025,S3_site_delay,O028-01,13.0,1,2,5.0,8,1,6,0,-1.0,15.1
1025,S3_site_delay,O029-01,23.0,0,0,5.5,10,1,3,0,-1.0,21.7
1025,S3_site_delay,O029-02,23.0,0,0,5.25,10,2,3,0,-1.0,21.3
1025,S3_site_delay,O029-03,23.0,0,0,5.25,10,3,3,0,-1.0,28.4
1025,S3_site_delay,O029-04,23.0,0,0,5.25,10,4,3,0,-1.0,21.1
1025,S3_site_delay,O029-05,23.0,0,0,5.25,10,5,3,0,-1.0,29.4
1025,S3_site_delay,O029-06,23.0,0,0,5.25,10,6,3,0,-1.0,19.2
1025,S3_site_delay,O029-07,23.0,0,0,5.25,10,7,3,0,-1.0,24.1
1025,S3_site_delay,O030-01,18.0,0,0,5.75,11,1,4,0,-1.0,23.2
1025,S3_site_delay,O030-02,18.0,0,0,5.75,11,2,4,0,-1.0,20.8
1025,S3_site_delay,O030-03,18.0,0,0,5.75,11,3,4,0,-1.0,18.6
1025,S3_site_delay,O030-04,18.0,0,0,5.75,11,4,4,0,-1.0,18.3
1025,S3_site_delay,O030-05,18.0,0,0,5.75,11,5,4,0,-1.0,20.0
1025,S3_site_delay,O030-06,18.0,0,0,5.75,11,6,4,0,-1.0,19.1
1025,S3_site_delay,O030-07,18.0,0,0,5.5,11,7,4,0,-1.0,18.7
1026,S0_normal,O001-01,15.0,1,1,5.25,8,1,6,0,-1.0,14.9
1026,S0_normal,O001-02,15.0,1,1,5.25,8,2,6,0,-1.0,14.5
1026,S0_normal,O001-03,15.0,1,1,5.0,8,3,6,0,-1.0,16.6
1026,S0_normal,O002-01,22.0,0,2,4.5,10,1,5,0,-1.0,17.3
1026,S0_normal,O002-02,22.0,0,2,4.25,10,2,5,0,-1.0,19.3
1026,S0_normal,O002-03,22.0,0,2,4.25,10,3,5,0,-1.0,23.6
1026,S0_normal,O003-01,20.0,0,3,5.0,11,1,4,0,-1.0,19.4
1026,S0_normal,O004-01,24.0,0,1,4.5,6,1,1,0,-1.0,29.4
1026,S0_normal,O004-02,24.0,0,1,4.25,6,2,1,0,-1.0,27.3
1026,S0_normal,O004-03,24.0,0,1,4.25,6,3,1,0,-1.0,18.4
1026,S0_normal,O005-01,18.0,1,2,3.25,9,1,7,0,-1.0,18.6
1026,S0_normal,O005-02,18.0,1,2,3.25,9,2,7,0,-1.0,18.9
1026,S0_normal,O006-01,15.0,1,2,5.75,8,1,10,0,-1.0,13.4
1026,S0_normal,O006-02,15.0,1,2,5.75,8,2,10,0,-1.0,13.4
1026,S0_normal,O007-01,20.0,0,2,5.5,7,1,9,0,-1.0,17.0
1026,S0_normal,O007-02,20.0,0,2,5.5,7,2,9,0,-1.0,18.3
1026,S0_normal,O007-03,20.0,0,2,5.5,7,3,9,0,-1.0,17.6
1026,S0_normal,O007-04,20.0,0,2,5.5,7,4,9,0,-1.0,13.9
1026,S0_normal,O008-01,25.0,0,3,4.0,11,1,4,0,-1.0,28.6
1026,S0_normal,O009-01,21.0,0,3,5.0,7,1,9,0,-1.0,28.1
1026,S0_normal,O009-02,21.0,0,3,4.75,7,2,9,0,-1.0,27.3
1026,S0_normal,O009-03,21.0,0,3,4.75,7,3,9,0,-1.0,22.0
1026,S0_normal,O010-01,17.0,1,2,4.75,10,1,2,0,-1.0,16.0
1026,S0_normal,O010-02,17.0,1,2,4.75,10,2,2,0,-1.0,14.0
1026,S0_normal,O011-01,17.0,1,0,3.5,8,1,6,0,-1.0,19.0
1026,S0_normal,O011-02,17.0,1,0,3.5,8,2,6,0,-1.0,16.5
1026,S0_normal,O012-01,14.0,1,3,4.75,10,1,2,0,-1.0,17.6
1026,S0_normal,O012-02,14.0,1,3,4.75,10,2,2,0,-1.0,11.6
1026,S0_normal,O013-01,18.0,1,0,6.0,9,1,7,0,-1.0,16.7
1026,S0_normal,O013-02,18.0,1,0,6.0,9,2,7,0,-1.0,19.9
1026,S0_normal,O014-01,12.0,1,2,4.0,8,1,10,0,-1.0,16.6
1026,S0_normal,O015-01,12.0,1,0,3.75,8,1,10,0,-1.0,11.5
1026,S0_normal,O015-02,12.0,1,0,3.75,8,2,10,0,-1.0,12.9
1026,S0_normal,O016-01,22.0,0,1,5.75,10,1,3,0,-1.0,20.1
1026,S0_normal,O016-02,22.0,0,1,5.75,10,2,3,0,-1.0,27.1
1026,S0_normal,O016-03,22.0,0,1,5.5,10,3,3,0,-1.0,23.7
1026,S0_normal,O017-01,17.0,1,2,4.0,9,1,7,0,-1.0,22.9
1026,S0_normal,O018-01,25.0,0,2,5.25,10,1,3,0,-1.0,21.9
1026,S0_normal,O018-02,25.0,0,2,5.25,10,2,3,0,-1.0,30.6
1026,S0_normal,O018-03,25.0,0,2,5.0,10,3,3,0,-1.0,21.0
1026,S0_normal,O019-01,15.0,1,2,3.75,7,1,8,0,-1.0,14.0
1026,S0_normal,O019-02,15.0,1,2,3.75,7,2,8,0,-1.0,15.8
1026,S0_normal,O020-01,25.0,0,0,5.0,10,1,5,0,-1.0,24.9
1026,S0_normal,O020-02,25.0,0,0,4.75,10,2,5,0,-1.0,28.5
1026,S0_normal,O020-03,25.0,0,0,4.75,10,3,5,0,-1.0,29.0
1026,S0_normal,O021-01,25.0,0,1,5.5,10,1,3,0,-1.0,29.5
1026,S0_normal,O022-01,18.0,0,0,4.0,11,1,4,0,-1.0,16.3
1026,S0_normal,O023-01,14.0,1,0,5.75,8,1,10,0,-1.0,16.4
1026,S0_normal,O023-02,14.0,1,0,5.75,8,2,10,0,-1.0,12.3
1026,S0_normal,O023-03,14.0,1,0,5.75,8,3,10,0,-1.0,20.0
1026,S0_normal,O023-04,14.0,1,0,5.75,8,4,10,0,-1.0,19.6
1026,S0_normal,O023-05,14.0,1,0,5.75,8,5,10,0,-1.0,13.1
1026,S0_normal,O023-06,14.0,1,0,5.75,8,6,10,0,-1.0,18.3
1026,S0_normal,O023-07,14.0,1,0,5.5,8,7,10,0,-1.0,14.6
1026,S0_normal,O024-01,15.0,1,1,5.5,10,1,2,0,-1.0,12.4
1026,S0_normal,O024-02,15.0,1,1,5.5,10,2,2,0,-1.0,16.1
1026,S0_normal,O024-03,15.0,1,1,5.5,10,3,2,0,-1.0,15.2
1026,S0_normal,O024-04,15.0,1,1,5.5,10,4,2,0,-1.0,16.1
1026,S0_normal,O025-01,13.0,1,0,3.75,8,1,10,0,-1.0,9.6
1026,S0_normal,O025-02,13.0,1,0,3.75,8,2,10,0,-1.0,15.2
1026,S0_normal,O026-01,20.0,0,3,4.5,10,1,5,0,-1.0,19.6
1026,S0_normal,O027-01,12.0,1,2,6.0,10,1,2,0,-1.0,10.6
1026,S0_normal,O028-01,17.0,0,0,5.0,10,1,5,0,-1.0,18.3
1026,S0_normal,O028-02,17.0,0,0,5.0,10,2,5,0,-1.0,17.2
1026,S0_normal,O029-01,16.0,1,3,5.0,10,1,2,0,-1.0,13.7
1026,S0_normal,O029-02,16.0,1,3,4.75,10,2,2,0,-1.0,21.7
1026,S0_normal,O029-03,16.0,1,3,4.75,10,3,2,0,-1.0,16.3
1026,S0_normal,O030-01,23.0,0,2,4.0,10,1,3,0,-1.0,16.5
1027,S1_light_traffic,O001-01,12.0,1,0,4.5,10,1,2,0,-1.0,11.3
1027,S1_light_traffic,O001-02,12.0,1,0,4.25,10,2,2,0,-1.0,11.7
1027,S1_light_traffic,O001-03,12.0,1,0,4.25,10,3,2,0,-1.0,14.6
1027,S1_light_traffic,O002-01,15.0,1,2,5.0,8,1,6,0,-1.0,9.9
1027,S1_light_traffic,O002-02,15.0,1,2,5.0,8,2,6,0,-1.0,11.8
1027,S1_light_traffic,O002-03,15.0,1,2,5.0,8,3,6,0,-1.0,14.7
1027,S1_light_traffic,O003-01,24.0,0,2,3.75,10,1,3,0,-1.0,26.8
1027,S1_light_traffic,O003-02,24.0,0,2,3.75,10,2,3,0,-1.0,29.7
1027,S1_light_traffic,O004-01,18.0,0,2,5.5,11,1,4,0,-1.0,14.6
1027,S1_light_traffic,O005-01,16.0,0,2,6.0,6,1,1,0,-1.0,17.8
1027,S1_light_traffic,O006-01,18.0,1,3,4.25,8,1,10,0,-1.0,18.4
1027,S1_light_traffic,O006-02,18.0,1,3,4.25,8,2,10,0,-1.0,16.9
1027,S1_light_traffic,O006-03,18.0,1,3,4.0,8,3,10,0,-1.0,22.9
1027,S1_light_traffic,O007-01,19.0,0,0,4.0,10,1,5,0,-1.0,12.6
1027,S1_light_traffic,O008-01,20.0,0,1,4.75,10,1,3,0,-1.0,19.5
1027,S1_light_traffic,O008-02,20.0,0,1,4.75,10,2,3,0,-1.0,26.8
1027,S1_light_traffic,O009-01,14.0,1,3,4.5,8,1,10,0,-1.0,14.6
1027,S1_light_traffic,O009-02,14.0,1,3,4.5,8,2,10,0,-1.0,16.9
1027,S1_light_traffic,O010-01,24.0,0,0,4.25,7,1,9,0,-1.0,22.3
1027,S1_light_traffic,O010-02,24.0,0,0,4.25,7,2,9,0,-1.0,20.1
1027,S1_light_traffic,O011-01,19.0,0,1,5.75,11,1,4,0,-1.0,21.6
1027,S1_light_traffic,O011-02,19.0,0,1,5.75,11,2,4,0,-1.0,17.9
1027,S1_light_traffic,O011-03,19.0,0,1,5.5,11,3,4,0,-1.0,19.3
1027,S1_light_traffic,O011-04,19.0,0,1,5.5,11,4,4,0,-1.0,25.1
1027,S1_light_traffic,O012-01,17.0,1,2,3.25,9,1,7,0,-1.0,17.0
1027,S1_light_traffic,O012-02,17.0,1,2,3.25,9,2,7,0,-1.0,20.4
1027,S1_light_traffic,O013-01,17.0,1,0,3.5,9,1,7,0,-1.0,14.9
1027,S1_light_traffic,O013-02,17.0,1,0,3.5,9,2,7,0,-1.0,17.1
1027,S1_light_traffic,O014-01,16.0,0,0,4.0,6,1,1,0,-1.0,13.9
1027,S1_light_traffic,O015-01,16.0,0,2,4.75,10,1,5,0,-1.0,17.4
1027,S1_light_traffic,O015-02,16.0,0,2,4.75,10,2,5,0,-1.0,16.5
1027,S1_light_traffic,O016-01,17.0,1,0,3.75,8,1,10,0,-1.0,19.3
1027,S1_light_traffic,O016-02,17.0,1,0,3.75,8,2,10,0,-1.0,17.4
1027,S1_light_traffic,O017-01,18.0,1,2,5.5,7,1,8,0,-1.0,17.6
1027,S1_light_traffic,O017-02,18.0,1,2,5.5,7,2,8,0,-1.0,16.7
1027,S1_light_traffic,O017-03,18.0,1,2,5.5,7,3,8,0,-1.0,17.5
1027,S1_light_traffic,O017-04,18.0,1,2,5.5,7,4,8,0,-1.0,22.1
1027,S1_light_traffic,O017-05,18.0,1,2,5.5,7,5,8,0,-1.0,15.3
1027,S1_light_traffic,O017-06,18.0,1,2,5.5,7,6,8,0,-1.0,17.3
1027,S1_light_traffic,O018-01,24.0,0,1,5.5,7,1,9,0,-1.0,28.1
1027,S1_light_traffic,O018-02,24.0,0,1,5.25,7,2,9,0,-1.0,24.1
1027,S1_light_traffic,O018-03,24.0,0,1,5.25,7,3,9,0,-1.0,25.9
1027,S1_light_traffic,O019-01,22.0,0,1,4.5,11,1,4,0,-1.0,18.2
1027,S1_light_traffic,O019-02,22.0,0,1,4.5,11,2,4,0,-1.0,20.7
1027,S1_light_traffic,O020-01,15.0,0,1,5.5,11,1,4,0,-1.0,16.1
1027,S1_light_traffic,O021-01,18.0,0,1,4.5,10,1,3,0,-1.0,17.6
1027,S1_light_traffic,O021-02,18.0,0,1,4.5,10,2,3,0,-1.0,26.4
1027,S1_light_traffic,O021-03,18.0,0,1,4.5,10,3,3,0,-1.0,19.9
1027,S1_light_traffic,O022-01,17.0,1,0,4.0,10,1,2,0,-1.0,14.2
1027,S1_light_traffic,O023-01,14.0,1,2,5.25,10,1,2,0,-1.0,12.6
1027,S1_light_traffic,O023-02,14.0,1,2,5.25,10,2,2,0,-1.0,14.1
1027,S1_light_traffic,O023-03,14.0,1,2,5.0,10,3,2,0,-1.0,11.6
1027,S1_light_traffic,O023-04,14.0,1,2,5.0,10,4,2,0,-1.0,12.4
1027,S1_light_traffic,O023-05,14.0,1,2,5.0,10,5,2,0,-1.0,15.6
1027,S1_light_traffic,O024-01,19.0,0,1,4.0,7,1,9,0,-1.0,22.0
1027,S1_light_traffic,O024-02,19.0,0,1,4.0,7,2,9,0,-1.0,21.0
1027,S1_light_traffic,O025-01,12.0,1,1,6.0,9,1,7,0,-1.0,12.9
1027,S1_light_traffic,O025-02,12.0,1,1,6.0,9,2,7,0,-1.0,15.7
1027,S1_light_traffic,O025-03,12.0,1,1,6.0,9,3,7,0,-1.0,7.8
1027,S1_light_traffic,O026-01,22.0,0,2,5.75,11,1,4,0,-1.0,27.5
1027,S1_light_traffic,O026-02,22.0,0,2,5.75,11,2,4,0,-1.0,30.7
1027,S1_light_traffic,O026-03,22.0,0,2,5.5,11,3,4,0,-1.0,26.0
1027,S1_light_traffic,O026-04,22.0,0,2,5.5,11,4,4,0,-1.0,20.1
1027,S1_light_traffic,O026-05,22.0,0,2,5.5,11,5,4,0,-1.0,23.7
1027,S1_light_traffic,O027-01,15.0,1,1,4.5,8,1,10,0,-1.0,12.8
1027,S1_light_traffic,O028-01,23.0,0,3,5.5,6,1,1,0,-1.0,32.4
1027,S1_light_traffic,O028-02,23.0,0,3,5.5,6,2,1,0,-1.0,20.9
1027,S1_light_traffic,O029-01,13.0,1,2,5.0,8,1,6,0,-1.0,15.2
1027,S1_light_traffic,O030-01,25.0,0,0,5.75,10,1,3,0,-1.0,26.1
1027,S1_light_traffic,O030-02,25.0,0,0,5.75,10,2,3,0,-1.0,23.0
1027,S1_light_traffic,O030-03,25.0,0,0,5.5,10,3,3,0,-1.0,32.4
1028,S0_normal,O001-01,15.0,1,3,4.75,8,1,10,0,-1.0,13.3
1028,S0_normal,O001-02,15.0,1,3,4.75,8,2,10,0,-1.0,13.9
1028,S0_normal,O002-01,15.0,1,1,4.5,7,1,8,0,-1.0,10.4
1028,S0_normal,O003-01,16.0,1,0,6.0,10,1,2,0,-1.0,17.3
1028,S0_normal,O003-02,16.0,1,0,5.75,10,2,2,0,-1.0,16.7
1028,S0_normal,O003-03,16.0,1,0,5.75,10,3,2,0,-1.0,14.5
1028,S0_normal,O004-01,15.0,0,1,4.75,10,1,5,0,-1.0,13.1
1028,S0_normal,O004-02,15.0,0,1,4.75,10,2,5,0,-1.0,13.9
1028,S0_normal,O005-01,15.0,0,3,5.5,6,1,1,0,-1.0,16.1
1028,S0_normal,O005-02,15.0,0,3,5.5,6,2,1,0,-1.0,17.1
1028,S0_normal,O005-03,15.0,0,3,5.5,6,3,1,0,-1.0,18.6
1028,S0_normal,O005-04,15.0,0,3,5.25,6,4,1,0,-1.0,15.8
1028,S0_normal,O005-05,15.0,0,3,5.25,6,5,1,0,-1.0,15.1
1028,S0_normal,O006-01,16.0,1,0,5.25,10,1,2,0,-1.0,18.1
1028,S0_normal,O006-02,16.0,1,0,5.25,10,2,2,0,-1.0,13.9
1028,S0_normal,O006-03,16.0,1,0,5.25,10,3,2,0,-1.0,17.9
1028,S0_normal,O006-04,16.0,1,0,5.25,10,4,2,0,-1.0,12.5
1028,S0_normal,O006-05,16.0,1,0,5.25,10,5,2,0,-1.0,23.2
1028,S0_normal,O006-06,16.0,1,0,5.25,10,6,2,0,-1.0,15.7
1028,S0_normal,O007-01,17.0,1,3,5.0,10,1,2,0,-1.0,19.7
1028,S0_normal,O007-02,17.0,1,3,5.0,10,2,2,0,-1.0,16.7
1028,S0_normal,O007-03,17.0,1,3,4.75,10,3,2,0,-1.0,19.8
1028,S0_normal,O007-04,17.0,1,3,4.75,10,4,2,0,-1.0,15.2
1028,S0_normal,O008-01,20.0,0,3,4.25,7,1,9,0,-1.0,24.0
1028,S0_normal,O008-02,20.0,0,3,4.25,7,2,9,0,-1.0,20.6
1028,S0_normal,O008-03,20.0,0,3,4.0,7,3,9,0,-1.0,22.4
1028,S0_normal,O009-01,16.0,1,0,4.0,10,1,2,0,-1.0,15.3
1028,S0_normal,O010-01,12.0,1,1,4.5,7,1,8,0,-1.0,11.5
1028,S0_normal,O010-02,12.0,1,1,4.25,7,2,8,0,-1.0,10.7
1028,S0_normal,O010-03,12.0,1,1,4.25,7,3,8,0,-1.0,12.4
1028,S0_normal,O011-01,21.0,0,2,6.0,6,1,1,0,-1.0,16.5
1028,S0_normal,O011-02,21.0,0,2,5.75,6,2,1,0,-1.0,19.0
1028,S0_normal,O011-03,21.0,0,2,5.75,6,3,1,0,-1.0,26.1
1028,S0_normal,O012-01,15.0,1,2,5.75,9,1,7,0,-1.0,15.4
1028,S0_normal,O012-02,15.0,1,2,5.75,9,2,7,0,-1.0,15.4
1028,S0_normal,O012-03,15.0,1,2,5.75,9,3,7,0,-1.0,11.3
1028,S0_normal,O012-04,15.0,1,2,5.75,9,4,7,0,-1.0,14.9
1028,S0_normal,O012-05,15.0,1,2,5.5,9,5,7,0,-1.0,14.7
1028,S0_normal,O012-06,15.0,1,2,5.5,9,6,7,0,-1.0,14.7
1028,S0_normal,O013-01,18.0,0,1,6.0,10,1,3,0,-1.0,16.1
1028,S0_normal,O014-01,15.0,0,2,5.25,7,1,9,0,-1.0,18.2
1028,S0_normal,O014-02,15.0,0,2,5.25,7,2,9,0,-1.0,15.8
1028,S0_normal,O014-03,15.0,0,2,5.25,7,3,9,0,-1.0,14.2
1028,S0_normal,O014-04,15.0,0,2,5.25,7,4,9,0,-1.0,17.0
1028,S0_normal,O014-05,15.0,0,2,5.25,7,5,9,0,-1.0,16.4
1028,S0_normal,O014-06,15.0,0,2,5.25,7,6,9,0,-1.0,12.8
1028,S0_normal,O014-07,15.0,0,2,5.0,7,7,9,0,-1.0,14.9
1028,S0_normal,O015-01,17.0,1,1,3.75,10,1,2,0,-1.0,17.8
1028,S0_normal,O015-02,17.0,1,1,3.75,10,2,2,0,-1.0,15.2
1028,S0_normal,O016-01,20.0,0,3,5.25,11,1,4,0,-1.0,16.2
1028,S0_normal,O016-02,20.0,0,3,5.25,11,2,4,0,-1.0,17.3
1028,S0_normal,O017-01,14.0,1,2,4.5,8,1,6,0,-1.0,17.5
1028,S0_normal,O017-02,14.0,1,2,4.5,8,2,6,0,-1.0,14.1
1028,S0_normal,O018-01,13.0,1,1,5.5,8,1,6,0,-1.0,12.8
1028,S0_normal,O019-01,21.0,0,3,4.5,10,1,5,0,-1.0,19.3
1028,S0_normal,O019-02,21.0,0,3,4.25,10,2,5,0,-1.0,19.1
1028,S0_normal,O019-03,21.0,0,3,4.25,10,3,5,0,-1.0,20.4
1028,S0_normal,O020-01,17.0,1,2,4.0,8,1,10,0,-1.0,17.4
1028,S0_normal,O021-01,21.0,0,0,4.0,7,1,9,0,-1.0,21.5
1028,S0_normal,O022-01,17.0,1,2,6.0,7,1,8,0,-1.0,14.8
1028,S0_normal,O022-02,17.0,1,2,6.0,7,2,8,0,-1.0,16.3
1028,S0_normal,O023-01,17.0,1,0,5.5,10,1,2,0,-1.0,17.3
1028,S0_normal,O024-01,25.0,0,1,5.5,10,1,5,0,-1.0,26.0
1028,S0_normal,O024-02,25.0,0,1,5.5,10,2,5,0,-1.0,20.0
1028,S0_normal,O024-03,25.0,0,1,5.5,10,3,5,0,-1.0,22.8
1028,S0_normal,O024-04,25.0,0,1,5.5,10,4,5,0,-1.0,26.4
1028,S0_normal,O025-01,13.0,1,1,6.0,7,1,8,0,-1.0,15.5
1028,S0_normal,O025-02,13.0,1,1,6.0,7,2,8,0,-1.0,15.0
1028,S0_normal,O026-01,25.0,0,1,5.5,7,1,9,0,-1.0,25.1
1028,S0_normal,O026-02,25.0,0,1,5.5,7,2,9,0,-1.0,25.2
1028,S0_normal,O027-01,15.0,0,1,4.0,11,1,4,0,-1.0,16.2
1028,S0_normal,O028-01,25.0,0,0,5.5,11,1,4,0,-1.0,20.4
1028,S0_normal,O029-01,18.0,0,2,6.0,10,1,3,0,-1.0,14.8
1028,S0_normal,O029-02,18.0,0,2,6.0,10,2,3,0,-1.0,14.7
1028,S0_normal,O030-01,14.0,1,2,4.5,10,1,2,0,-1.0,12.5
1028,S0_normal,O030-02,14.0,1,2,4.25,10,2,2,0,-1.0,14.3
1028,S0_normal,O030-03,14.0,1,2,4.25,10,3,2,0,-1.0,15.0
1029,S2_peak_traffic,O001-01,17.0,0,2,5.0,6,1,1,0,-1.0,14.4
1029,S2_peak_traffic,O002-01,18.0,0,2,5.75,6,1,1,0,-1.0,14.6
1029,S2_peak_traffic,O002-02,18.0,0,2,5.75,6,2,1,0,-1.0,23.6
1029,S2_peak_traffic,O003-01,12.0,1,1,4.25,9,1,7,0,-1.0,11.7
1029,S2_peak_traffic,O003-02,12.0,1,1,4.25,9,2,7,0,-1.0,10.4
1029,S2_peak_traffic,O004-01,23.0,0,2,4.75,10,1,5,0,-1.0,28.6
1029,S2_peak_traffic,O004-02,23.0,0,2,4.75,10,2,5,0,-1.0,28.3
1029,S2_peak_traffic,O004-03,23.0,0,2,4.5,10,3,5,0,-1.0,29.8
1029,S2_peak_traffic,O005-01,18.0,1,3,3.25,10,1,2,0,-1.0,17.6
1029,S2_peak_traffic,O005-02,18.0,1,3,3.25,10,2,2,0,-1.0,16.5
1029,S2_peak_traffic,O006-01,18.0,1,1,4.5,9,1,7,0,-1.0,12.9
1029,S2_peak_traffic,O007-01,18.0,1,0,4.5,9,1,7,0,-1.0,13.4
1029,S2_peak_traffic,O007-02,18.0,1,0,4.5,9,2,7,0,-1.0,18.2
1029,S2_peak_traffic,O007-03,18.0,1,0,4.5,9,3,7,0,-1.0,18.4
1029,S2_peak_traffic,O008-01,15.0,1,1,4.0,8,1,6,0,-1.0,12.0
1029,S2_peak_traffic,O009-01,14.0,1,0,5.5,9,1,7,0,-1.0,16.1
1029,S2_peak_traffic,O010-01,21.0,0,2,4.0,6,1,1,0,-1.0,24.2
1029,S2_peak_traffic,O011-01,13.0,1,3,4.25,9,1,7,0,-1.0,12.4
1029,S2_peak_traffic,O011-02,13.0,1,3,4.25,9,2,7,0,-1.0,14.1
1029,S2_peak_traffic,O012-01,15.0,0,2,4.75,10,1,5,0,-1.0,17.0
1029,S2_peak_traffic,O012-02,15.0,0,2,4.75,10,2,5,0,-1.0,13.4
1029,S2_peak_traffic,O012-03,15.0,0,2,4.75,10,3,5,0,-1.0,13.0
1029,S2_peak_traffic,O012-04,15.0,0,2,4.75,10,4,5,0,-1.0,13.3
1029,S2_peak_traffic,O013-01,15.0,1,3,3.5,8,1,6,0,-1.0,14.9
1029,S2_peak_traffic,O013-02,15.0,1,3,3.5,8,2,6,0,-1.0,15.0
1029,S2_peak_traffic,O014-01,13.0,1,2,4.5,9,1,7,0,-1.0,13.2
1029,S2_peak_traffic,O014-02,13.0,1,2,4.25,9,2,7,0,-1.0,16.7
1029,S2_peak_traffic,O014-03,13.0,1,2,4.25,9,3,7,0,-1.0,11.8
1029,S2_peak_traffic,O015-01,17.0,1,3,4.25,7,1,8,0,-1.0,15.2
1029,S2_peak_traffic,O015-02,17.0,1,3,4.25,7,2,8,0,-1.0,14.6
1029,S2_peak_traffic,O015-03,17.0,1,3,4.0,7,3,8,0,-1.0,18.4
1029,S2_peak_traffic,O016-01,21.0,0,0,4.75,7,1,9,0,-1.0,20.1
1029,S2_peak_traffic,O016-02,21.0,0,0,4.75,7,2,9,0,-1.0,20.7
1029,S2_peak_traffic,O017-01,18.0,0,3,5.0,10,1,5,0,-1.0,19.0
1029,S2_peak_traffic,O018-01,14.0,1,0,4.0,8,1,10,0,-1.0,14.5
1029,S2_peak_traffic,O019-01,18.0,1,2,3.75,10,1,2,0,-1.0,21.4
1029,S2_peak_traffic,O019-02,18.0,1,2,3.75,10,2,2,0,-1.0,19.0
1029,S2_peak_traffic,O020-01,19.0,0,2,6.0,6,1,1,0,-1.0,15.8
1029,S2_peak_traffic,O021-01,13.0,1,0,5.75,9,1,7,0,-1.0,13.4
1029,S2_peak_traffic,O021-02,13.0,1,0,5.75,9,2,7,0,-1.0,13.1
1029,S2_peak_traffic,O021-03,13.0,1,0,5.5,9,3,7,0,-1.0,12.6
1029,S2_peak_traffic,O021-04,13.0,1,0,5.5,9,4,7,0,-1.0,12.6
1029,S2_peak_traffic,O022-01,21.0,0,3,6.0,10,1,3,0,-1.0,18.3
1029,S2_peak_traffic,O023-01,21.0,0,1,5.0,7,1,9,0,-1.0,21.6
1029,S2_peak_traffic,O023-02,21.0,0,1,5.0,7,2,9,0,-1.0,19.2
1029,S2_peak_traffic,O023-03,21.0,0,1,5.0,7,3,9,0,-1.0,22.1
1029,S2_peak_traffic,O023-04,21.0,0,1,4.75,7,4,9,0,-1.0,18.4
1029,S2_peak_traffic,O023-05,21.0,0,1,4.75,7,5,9,0,-1.0,18.4
1029,S2_peak_traffic,O024-01,16.0,1,3,5.5,8,1,10,0,-1.0,15.7
1029,S2_peak_traffic,O025-01,14.0,1,0,3.5,8,1,10,0,-1.0,14.2
1029,S2_peak_traffic,O025-02,14.0,1,0,3.5,8,2,10,0,-1.0,14.9
1029,S2_peak_traffic,O026-01,14.0,1,3,5.25,9,1,7,0,-1.0,18.7
1029,S2_peak_traffic,O026-02,14.0,1,3,5.25,9,2,7,0,-1.0,14.1
1029,S2_peak_traffic,O027-01,19.0,0,2,4.25,6,1,1,0,-1.0,17.3
1029,S2_peak_traffic,O027-02,19.0,0,2,4.25,6,2,1,0,-1.0,20.0
1029,S2_peak_traffic,O027-03,19.0,0,2,4.0,6,3,1,0,-1.0,14.9
1029,S2_peak_traffic,O028-01,12.0,1,2,6.0,8,1,10,0,-1.0,13.5
1029,S2_peak_traffic,O029-01,17.0,1,1,4.25,8,1,10,0,-1.0,16.8
1029,S2_peak_traffic,O029-02,17.0,1,1,4.25,8,2,10,0,-1.0,22.2
1029,S2_peak_traffic,O029-03,17.0,1,1,4.0,8,3,10,0,-1.0,15.6
1029,S2_peak_traffic,O030-01,17.0,0,0,5.5,11,1,4,0,-1.0,16.2
1030,S0_normal,O001-01,20.0,0,1,5.0,10,1,5,0,-1.0,16.4
1030,S0_normal,O001-02,20.0,0,1,5.0,10,2,5,0,-1.0,22.5
1030,S0_normal,O002-01,15.0,1,2,4.25,8,1,10,0,-1.0,13.1
1030,S0_normal,O002-02,15.0,1,2,4.25,8,2,10,0,-1.0,19.0
1030,S0_normal,O003-01,15.0,1,0,5.0,7,1,8,0,-1.0,15.9
1030,S0_normal,O003-02,15.0,1,0,4.75,7,2,8,0,-1.0,15.5
1030,S0_normal,O003-03,15.0,1,0,4.75,7,3,8,0,-1.0,13.8
1030,S0_normal,O004-01,19.0,0,0,5.5,10,1,5,0,-1.0,21.7
1030,S0_normal,O005-01,17.0,1,0,4.25,7,1,8,0,-1.0,22.2
1030,S0_normal,O005-02,17.0,1,0,4.25,7,2,8,0,-1.0,20.4
1030,S0_normal,O005-03,17.0,1,0,4.0,7,3,8,0,-1.0,19.6
1030,S0_normal,O006-01,25.0,0,2,5.5,6,1,1,0,-1.0,25.5
1030,S0_normal,O007-01,14.0,1,2,6.0,8,1,10,0,-1.0,13.1
1030,S0_normal,O008-01,17.0,0,0,5.5,10,1,5,0,-1.0,14.9
1030,S0_normal,O008-02,17.0,0,0,5.5,10,2,5,0,-1.0,14.7
1030,S0_normal,O008-03,17.0,0,0,5.5,10,3,5,0,-1.0,17.3
1030,S0_normal,O008-04,17.0,0,0,5.5,10,4,5,0,-1.0,19.1
1030,S0_normal,O008-05,17.0,0,0,5.5,10,5,5,0,-1.0,14.5
1030,S0_normal,O008-06,17.0,0,0,5.5,10,6,5,0,-1.0,21.5
1030,S0_normal,O009-01,25.0,0,2,5.25,6,1,1,0,-1.0,29.6
1030,S0_normal,O009-02,25.0,0,2,5.25,6,2,1,0,-1.0,17.7
1030,S0_normal,O010-01,12.0,1,1,4.5,10,1,2,0,-1.0,17.9
1030,S0_normal,O010-02,12.0,1,1,4.5,10,2,2,0,-1.0,14.4
1030,S0_normal,O011-01,12.0,1,1,4.5,8,1,6,0,-1.0,8.3
1030,S0_normal,O011-02,12.0,1,1,4.5,8,2,6,0,-1.0,8.9
1030,S0_normal,O012-01,16.0,0,1,5.75,10,1,3,0,-1.0,19.5
1030,S0_normal,O012-02,16.0,0,1,5.75,10,2,3,0,-1.0,14.1
1030,S0_normal,O012-03,16.0,0,1,5.5,10,3,3,0,-1.0,25.7
1030,S0_normal,O013-01,15.0,1,0,4.75,9,1,7,0,-1.0,13.1
1030,S0_normal,O013-02,15.0,1,0,4.75,9,2,7,0,-1.0,12.8
1030,S0_normal,O013-03,15.0,1,0,4.5,9,3,7,0,-1.0,14.3
1030,S0_normal,O013-04,15.0,1,0,4.5,9,4,7,0,-1.0,13.9
1030,S0_normal,O014-01,12.0,1,3,5.5,7,1,8,0,-1.0,9.9
1030,S0_normal,O014-02,12.0,1,3,5.5,7,2,8,0,-1.0,10.5
1030,S0_normal,O014-03,12.0,1,3,5.25,7,3,8,0,-1.0,16.4
1030,S0_normal,O014-04,12.0,1,3,5.25,7,4,8,0,-1.0,16.9
1030,S0_normal,O015-01,15.0,0,1,5.25,11,1,4,0,-1.0,17.3
1030,S0_normal,O015-02,15.0,0,1,5.25,11,2,4,0,-1.0,14.3
1030,S0_normal,O016-01,15.0,0,3,5.0,10,1,5,0,-1.0,12.7
1030,S0_normal,O016-02,15.0,0,3,5.0,10,2,5,0,-1.0,13.9
1030,S0_normal,O016-03,15.0,0,3,5.0,10,3,5,0,-1.0,16.2
1030,S0_normal,O016-04,15.0,0,3,5.0,10,4,5,0,-1.0,14.4
1030,S0_normal,O017-01,13.0,1,3,5.75,8,1,6,0,-1.0,12.4
1030,S0_normal,O017-02,13.0,1,3,5.75,8,2,6,0,-1.0,12.9
1030,S0_normal,O017-03,13.0,1,3,5.75,8,3,6,0,-1.0,12.4
1030,S0_normal,O017-04,13.0,1,3,5.75,8,4,6,0,-1.0,14.9
1030,S0_normal,O017-05,13.0,1,3,5.5,8,5,6,0,-1.0,13.6
1030,S0_normal,O017-06,13.0,1,3,5.5,8,6,6,0,-1.0,10.3
1030,S0_normal,O018-01,24.0,0,1,3.5,10,1,3,0,-1.0,18.0
1030,S0_normal,O018-02,24.0,0,1,3.5,10,2,3,0,-1.0,20.6
1030,S0_normal,O019-01,23.0,0,3,6.0,10,1,5,0,-1.0,23.3
1030,S0_normal,O019-02,23.0,0,3,6.0,10,2,5,0,-1.0,21.2
1030,S0_normal,O020-01,15.0,1,0,6.0,8,1,6,0,-1.0,16.1
1030,S0_normal,O020-02,15.0,1,0,5.75,8,2,6,0,-1.0,15.7
1030,S0_normal,O020-03,15.0,1,0,5.75,8,3,6,0,-1.0,15.7
1030,S0_normal,O020-04,15.0,1,0,5.75,8,4,6,0,-1.0,17.4
1030,S0_normal,O020-05,15.0,1,0,5.75,8,5,6,0,-1.0,18.5
1030,S0_normal,O021-01,19.0,0,3,6.0,11,1,4,0,-1.0,18.7
1030,S0_normal,O022-01,19.0,0,2,4.0,6,1,1,0,-1.0,19.1
1030,S0_normal,O023-01,17.0,0,1,5.0,7,1,9,0,-1.0,13.7
1030,S0_normal,O023-02,17.0,0,1,4.75,7,2,9,0,-1.0,15.0
1030,S0_normal,O023-03,17.0,0,1,4.75,7,3,9,0,-1.0,17.3
1030,S0_normal,O024-01,20.0,0,3,6.0,6,1,1,0,-1.0,16.3
1030,S0_normal,O025-01,15.0,1,3,6.0,7,1,8,0,-1.0,15.3
1030,S0_normal,O025-02,15.0,1,3,6.0,7,2,8,0,-1.0,13.4
1030,S0_normal,O025-03,15.0,1,3,5.75,7,3,8,0,-1.0,15.0
1030,S0_normal,O025-04,15.0,1,3,5.75,7,4,8,0,-1.0,16.6
1030,S0_normal,O026-01,16.0,1,1,6.0,9,1,7,0,-1.0,15.8
1030,S0_normal,O027-01,20.0,0,0,6.0,10,1,3,0,-1.0,19.0
1030,S0_normal,O028-01,15.0,1,1,4.0,10,1,2,0,-1.0,11.2
1030,S0_normal,O029-01,21.0,0,0,3.5,10,1,5,0,-1.0,18.6
1030,S0_normal,O029-02,21.0,0,0,3.5,10,2,5,0,-1.0,29.1
1030,S0_normal,O030-01,21.0,0,2,4.0,10,1,5,0,-1.0,24.1
1030,S0_normal,O030-02,21.0,0,2,4.0,10,2,5,0,-1.0,18.1
1031,S2_peak_traffic,O001-01,16.0,0,3,4.75,10,1,5,0,-1.0,18.6
1031,S2_peak_traffic,O001-02,16.0,0,3,4.75,10,2,5,0,-1.0,13.9
1031,S2_peak_traffic,O001-03,16.0,0,3,4.5,10,3,5,0,-1.0,17.5
1031,S2_peak_traffic,O002-01,15.0,0,1,5.75,10,1,5,0,-1.0,18.8
1031,S2_peak_traffic,O002-02,15.0,0,1,5.75,10,2,5,0,-1.0,17.7
1031,S2_peak_traffic,O002-03,15.0,0,1,5.5,10,3,5,0,-1.0,15.5
1031,S2_peak_traffic,O003-01,16.0,1,1,3.75,10,1,2,0,-1.0,15.2
1031,S2_peak_traffic,O003-02,16.0,1,1,3.75,10,2,2,0,-1.0,15.7
1031,S2_peak_traffic,O004-01,12.0,1,0,5.0,8,1,6,0,-1.0,12.5
1031,S2_peak_traffic,O004-02,12.0,1,0,5.0,8,2,6,0,-1.0,9.9
1031,S2_peak_traffic,O004-03,12.0,1,0,5.0,8,3,6,0,-1.0,11.9
1031,S2_peak_traffic,O004-04,12.0,1,0,5.0,8,4,6,0,-1.0,11.1
1031,S2_peak_traffic,O005-01,23.0,0,2,6.0,7,1,9,0,-1.0,23.3
1031,S2_peak_traffic,O006-01,16.0,0,2,4.75,11,1,4,0,-1.0,12.3
1031,S2_peak_traffic,O006-02,16.0,0,2,4.75,11,2,4,0,-1.0,14.0
1031,S2_peak_traffic,O006-03,16.0,0,2,4.5,11,3,4,0,-1.0,14.7
1031,S2_peak_traffic,O006-04,16.0,0,2,4.5,11,4,4,0,-1.0,13.4
1031,S2_peak_traffic,O007-01,17.0,1,0,5.5,8,1,10,0,-1.0,23.5
1031,S2_peak_traffic,O008-01,15.0,1,0,5.0,9,1,7,0,-1.0,11.8
1031,S2_peak_traffic,O008-02,15.0,1,0,5.0,9,2,7,0,-1.0,17.6
1031,S2_peak_traffic,O008-03,15.0,1,0,5.0,9,3,7,0,-1.0,15.2
1031,S2_peak_traffic,O008-04,15.0,1,0,5.0,9,4,7,0,-1.0,16.5
1031,S2_peak_traffic,O009-01,16.0,1,3,4.25,8,1,10,0,-1.0,15.9
1031,S2_peak_traffic,O009-02,16.0,1,3,4.25,8,2,10,0,-1.0,17.7
1031,S2_peak_traffic,O010-01,16.0,0,3,4.75,10,1,3,0,-1.0,15.1
1031,S2_peak_traffic,O010-02,16.0,0,3,4.75,10,2,3,0,-1.0,18.7
1031,S2_peak_traffic,O011-01,14.0,1,2,4.25,8,1,10,0,-1.0,13.3
1031,S2_peak_traffic,O011-02,14.0,1,2,4.25,8,2,10,0,-1.0,17.6
1031,S2_peak_traffic,O012-01,21.0,0,2,4.0,6,1,1,0,-1.0,21.9
1031,S2_peak_traffic,O012-02,21.0,0,2,4.0,6,2,1,0,-1.0,21.4
1031,S2_peak_traffic,O013-01,15.0,1,0,5.5,10,1,2,0,-1.0,11.9
1031,S2_peak_traffic,O013-02,15.0,1,0,5.25,10,2,2,0,-1.0,14.8
1031,S2_peak_traffic,O013-03,15.0,1,0,5.25,10,3,2,0,-1.0,14.7
1031,S2_peak_traffic,O014-01,19.0,0,1,4.5,7,1,9,0,-1.0,22.5
1031,S2_peak_traffic,O014-02,19.0,0,1,4.5,7,2,9,0,-1.0,19.8
1031,S2_peak_traffic,O014-03,19.0,0,1,4.5,7,3,9,0,-1.0,15.5
1031,S2_peak_traffic,O015-01,20.0,0,3,5.25,6,1,1,0,-1.0,16.8
1031,S2_peak_traffic,O015-02,20.0,0,3,5.25,6,2,1,0,-1.0,16.4
1031,S2_peak_traffic,O015-03,20.0,0,3,5.0,6,3,1,0,-1.0,21.4
1031,S2_peak_traffic,O016-01,17.0,1,1,4.0,7,1,8,0,-1.0,16.7
1031,S2_peak_traffic,O017-01,13.0,1,2,4.25,8,1,10,0,-1.0,14.1
1031,S2_peak_traffic,O017-02,13.0,1,2,4.25,8,2,10,0,-1.0,19.9
1031,S2_peak_traffic,O017-03,13.0,1,2,4.0,8,3,10,0,-1.0,11.7
1031,S2_peak_traffic,O018-01,16.0,1,1,5.0,10,1,2,0,-1.0,16.5
1031,S2_peak_traffic,O019-01,17.0,1,0,3.25,7,1,8,0,-1.0,15.9
1031,S2_peak_traffic,O019-02,17.0,1,0,3.25,7,2,8,0,-1.0,16.9
1031,S2_peak_traffic,O020-01,18.0,1,3,5.25,10,1,2,0,-1.0,17.4
1031,S2_peak_traffic,O020-02,18.0,1,3,5.25,10,2,2,0,-1.0,23.2
1031,S2_peak_traffic,O021-01,14.0,1,2,5.75,7,1,8,0,-1.0,16.4
1031,S2_peak_traffic,O021-02,14.0,1,2,5.75,7,2,8,0,-1.0,13.7
1031,S2_peak_traffic,O021-03,14.0,1,2,5.5,7,3,8,0,-1.0,14.9
1031,S2_peak_traffic,O021-04,14.0,1,2,5.5,7,4,8,0,-1.0,13.6
1031,S2_peak_traffic,O021-05,14.0,1,2,5.5,7,5,8,0,-1.0,11.2
1031,S2_peak_traffic,O021-06,14.0,1,2,5.5,7,6,8,0,-1.0,14.2
1031,S2_peak_traffic,O022-01,25.0,0,1,4.25,10,1,5,0,-1.0,19.0
1031,S2_peak_traffic,O022-02,25.0,0,1,4.25,10,2,5,0,-1.0,32.6
1031,S2_peak_traffic,O022-03,25.0,0,1,4.0,10,3,5,0,-1.0,29.1
1031,S2_peak_traffic,O023-01,25.0,0,1,4.0,10,1,3,0,-1.0,24.4
1031,S2_peak_traffic,O024-01,19.0,0,0,5.25,11,1,4,0,-1.0,20.5
1031,S2_peak_traffic,O024-02,19.0,0,0,5.25,11,2,4,0,-1.0,19.4
1031,S2_peak_traffic,O024-03,19.0,0,0,5.0,11,3,4,0,-1.0,18.7
1031,S2_peak_traffic,O024-04,19.0,0,0,5.0,11,4,4,0,-1.0,23.2
1031,S2_peak_traffic,O025-01,15.0,1,0,3.75,7,1,8,0,-1.0,13.4
1031,S2_peak_traffic,O025-02,15.0,1,0,3.75,7,2,8,0,-1.0,11.1
1031,S2_peak_traffic,O026-01,19.0,0,3,6.0,10,1,5,0,-1.0,16.9
1031,S2_peak_traffic,O026-02,19.0,0,3,6.0,10,2,5,0,-1.0,16.0
1031,S2_peak_traffic,O026-03,19.0,0,3,6.0,10,3,5,0,-1.0,22.9
1031,S2_peak_traffic,O026-04,19.0,0,3,6.0,10,4,5,0,-1.0,15.8
1031,S2_peak_traffic,O027-01,20.0,0,1,4.5,10,1,3,0,-1.0,17.9
1031,S2_peak_traffic,O027-02,20.0,0,1,4.5,10,2,3,0,-1.0,18.2
1031,S2_peak_traffic,O028-01,14.0,1,2,4.25,7,1,8,0,-1.0,15.9
1031,S2_peak_traffic,O028-02,14.0,1,2,4.25,7,2,8,0,-1.0,11.7
1031,S2_peak_traffic,O029-01,13.0,1,3,4.0,9,1,7,0,-1.0,12.4
1031,S2_peak_traffic,O029-02,13.0,1,3,4.0,9,2,7,0,-1.0,12.3
1031,S2_peak_traffic,O030-01,14.0,1,3,4.25,10,1,2,0,-1.0,16.4
1031,S2_peak_traffic,O030-02,14.0,1,3,4.25,10,2,2,0,-1.0,13.6
1032,S0_normal,O001-01,16.0,1,1,5.25,7,1,8,0,-1.0,18.0
1032,S0_normal,O001-02,16.0,1,1,5.25,7,2,8,0,-1.0,16.9
1032,S0_normal,O001-03,16.0,1,1,5.0,7,3,8,0,-1.0,16.0
1032,S0_normal,O001-04,16.0,1,1,5.0,7,4,8,0,-1.0,15.5
1032,S0_normal,O002-01,16.0,0,1,4.75,10,1,5,0,-1.0,14.5
1032,S0_normal,O002-02,16.0,0,1,4.75,10,2,5,0,-1.0,16.6
1032,S0_normal,O002-03,16.0,0,1,4.5,10,3,5,0,-1.0,16.2
1032,S0_normal,O003-01,12.0,1,3,4.5,9,1,7,0,-1.0,11.0
1032,S0_normal,O003-02,12.0,1,3,4.5,9,2,7,0,-1.0,16.2
1032,S0_normal,O003-03,12.0,1,3,4.5,9,3,7,0,-1.0,10.6
1032,S0_normal,O004-01,14.0,1,0,5.0,7,1,8,0,-1.0,16.5
1032,S0_normal,O004-02,14.0,1,0,5.0,7,2,8,0,-1.0,15.2
1032,S0_normal,O004-03,14.0,1,0,5.0,7,3,8,0,-1.0,14.4
1032,S0_normal,O005-01,12.0,1,1,3.75,7,1,8,0,-1.0,9.9
1032,S0_normal,O005-02,12.0,1,1,3.75,7,2,8,0,-1.0,12.6
1032,S0_normal,O006-01,14.0,1,3,6.0,8,1,10,0,-1.0,14.6
1032,S0_normal,O007-01,13.0,1,2,3.5,8,1,6,0,-1.0,14.2
1032,S0_normal,O007-02,13.0,1,2,3.5,8,2,6,0,-1.0,13.7
1032,S0_normal,O008-01,25.0,0,3,4.0,11,1,4,0,-1.0,20.7
1032,S0_normal,O009-01,17.0,1,0,4.25,9,1,7,0,-1.0,17.5
1032,S0_normal,O009-02,17.0,1,0,4.25,9,2,7,0,-1.0,23.4
1032,S0_normal,O009-03,17.0,1,0,4.0,9,3,7,0,-1.0,12.7
1032,S0_normal,O010-01,15.0,0,3,4.75,11,1,4,0,-1.0,13.7
1032,S0_normal,O010-02,15.0,0,3,4.75,11,2,4,0,-1.0,13.0
1032,S0_normal,O010-03,15.0,0,3,4.75,11,3,4,0,-1.0,13.1
1032,S0_normal,O010-04,15.0,0,3,4.75,11,4,4,0,-1.0,11.5
1032,S0_normal,O011-01,16.0,1,1,4.0,10,1,2,0,-1.0,14.0
1032,S0_normal,O012-01,18.0,1,0,4.0,7,1,8,0,-1.0,21.6
1032,S0_normal,O013-01,24.0,0,2,4.0,7,1,9,0,-1.0,20.8
1032,S0_normal,O014-01,13.0,1,0,4.0,8,1,10,0,-1.0,12.3
1032,S0_normal,O015-01,13.0,1,0,4.0,9,1,7,0,-1.0,10.9
1032,S0_normal,O015-02,13.0,1,0,4.0,9,2,7,0,-1.0,13.3
1032,S0_normal,O016-01,13.0,1,2,4.0,8,1,6,0,-1.0,12.0
1032,S0_normal,O017-01,24.0,0,1,4.0,11,1,4,0,-1.0,23.7
1032,S0_normal,O018-01,21.0,0,2,5.5,6,1,1,0,-1.0,22.7
1032,S0_normal,O018-02,21.0,0,2,5.5,6,2,1,0,-1.0,22.0
1032,S0_normal,O019-01,19.0,0,2,4.0,6,1,1,0,-1.0,16.3
1032,S0_normal,O019-02,19.0,0,2,4.0,6,2,1,0,-1.0,28.3
1032,S0_normal,O020-01,19.0,0,1,4.25,10,1,5,0,-1.0,14.5
1032,S0_normal,O020-02,19.0,0,1,4.25,10,2,5,0,-1.0,17.9
1032,S0_normal,O021-01,18.0,0,1,4.5,11,1,4,0,-1.0,18.8
1032,S0_normal,O022-01,16.0,0,3,3.5,7,1,9,0,-1.0,16.5
1032,S0_normal,O022-02,16.0,0,3,3.5,7,2,9,0,-1.0,18.3
1032,S0_normal,O023-01,15.0,0,2,5.5,6,1,1,0,-1.0,12.1
1032,S0_normal,O024-01,18.0,0,0,4.75,10,1,3,0,-1.0,12.8
1032,S0_normal,O024-02,18.0,0,0,4.75,10,2,3,0,-1.0,16.7
1032,S0_normal,O025-01,18.0,1,3,5.25,9,1,7,0,-1.0,23.0
1032,S0_normal,O025-02,18.0,1,3,5.25,9,2,7,0,-1.0,17.7
1032,S0_normal,O025-03,18.0,1,3,5.25,9,3,7,0,-1.0,18.4
1032,S0_normal,O025-04,18.0,1,3,5.25,9,4,7,0,-1.0,13.1
1032,S0_normal,O025-05,18.0,1,3,5.0,9,5,7,0,-1.0,18.6
1032,S0_normal,O026-01,22.0,0,2,4.25,11,1,4,0,-1.0,21.7
1032,S0_normal,O026-02,22.0,0,2,4.25,11,2,4,0,-1.0,21.6
1032,S0_normal,O027-01,19.0,0,3,5.75,6,1,1,0,-1.0,20.5
1032,S0_normal,O027-02,19.0,0,3,5.75,6,2,1,0,-1.0,20.5
1032,S0_normal,O027-03,19.0,0,3,5.75,6,3,1,0,-1.0,22.5
1032,S0_normal,O027-04,19.0,0,3,5.75,6,4,1,0,-1.0,17.9
1032,S0_normal,O027-05,19.0,0,3,5.75,6,5,1,0,-1.0,13.3
1032,S0_normal,O027-06,19.0,0,3,5.75,6,6,1,0,-1.0,17.8
1032,S0_normal,O027-07,19.0,0,3,5.5,6,7,1,0,-1.0,21.1
1032,S0_normal,O028-01,22.0,0,0,4.25,10,1,3,0,-1.0,21.0
1032,S0_normal,O028-02,22.0,0,0,4.25,10,2,3,0,-1.0,21.4
1032,S0_normal,O029-01,15.0,1,2,6.0,7,1,8,0,-1.0,23.4
1032,S0_normal,O029-02,15.0,1,2,5.75,7,2,8,0,-1.0,21.0
1032,S0_normal,O029-03,15.0,1,2,5.75,7,3,8,0,-1.0,16.6
1032,S0_normal,O030-01,13.0,1,3,5.5,9,1,7,0,-1.0,16.1
1033,S2_peak_traffic,O001-01,18.0,0,3,4.5,11,1,4,0,-1.0,24.1
1033,S2_peak_traffic,O001-02,18.0,0,3,4.5,11,2,4,0,-1.0,19.7
1033,S2_peak_traffic,O002-01,15.0,1,0,4.0,9,1,7,0,-1.0,17.7
1033,S2_peak_traffic,O003-01,17.0,0,1,5.75,10,1,3,0,-1.0,13.6
1033,S2_peak_traffic,O003-02,17.0,0,1,5.75,10,2,3,0,-1.0,14.5
1033,S2_peak_traffic,O003-03,17.0,0,1,5.5,10,3,3,0,-1.0,14.9
1033,S2_peak_traffic,O003-04,17.0,0,1,5.5,10,4,3,0,-1.0,16.5
1033,S2_peak_traffic,O004-01,24.0,0,0,5.5,10,1,3,0,-1.0,19.7
1033,S2_peak_traffic,O005-01,21.0,0,2,3.5,10,1,5,0,-1.0,20.5
1033,S2_peak_traffic,O005-02,21.0,0,2,3.5,10,2,5,0,-1.0,23.2
1033,S2_peak_traffic,O006-01,14.0,1,0,5.25,9,1,7,0,-1.0,14.4
1033,S2_peak_traffic,O006-02,14.0,1,0,5.25,9,2,7,0,-1.0,15.9
1033,S2_peak_traffic,O006-03,14.0,1,0,5.25,9,3,7,0,-1.0,12.1
1033,S2_peak_traffic,O006-04,14.0,1,0,5.25,9,4,7,0,-1.0,10.8
1033,S2_peak_traffic,O006-05,14.0,1,0,5.0,9,5,7,0,-1.0,14.7
1033,S2_peak_traffic,O006-06,14.0,1,0,5.0,9,6,7,0,-1.0,13.9
1033,S2_peak_traffic,O007-01,19.0,0,2,5.5,7,1,9,0,-1.0,24.8
1033,S2_peak_traffic,O007-02,19.0,0,2,5.5,7,2,9,0,-1.0,21.7
1033,S2_peak_traffic,O008-01,17.0,0,0,4.0,6,1,1,0,-1.0,13.4
1033,S2_peak_traffic,O008-02,17.0,0,0,4.0,6,2,1,0,-1.0,16.8
1033,S2_peak_traffic,O009-01,13.0,1,1,3.5,7,1,8,0,-1.0,13.8
1033,S2_peak_traffic,O009-02,13.0,1,1,3.5,7,2,8,0,-1.0,13.5
1033,S2_peak_traffic,O010-01,14.0,1,3,4.0,9,1,7,0,-1.0,20.0
1033,S2_peak_traffic,O011-01,19.0,0,2,4.5,11,1,4,0,-1.0,15.5
1033,S2_peak_traffic,O011-02,19.0,0,2,4.5,11,2,4,0,-1.0,22.7
1033,S2_peak_traffic,O012-01,22.0,0,3,4.5,10,1,3,0,-1.0,24.7
1033,S2_peak_traffic,O013-01,20.0,0,1,4.0,10,1,5,0,-1.0,23.3
1033,S2_peak_traffic,O014-01,19.0,0,0,4.0,10,1,5,0,-1.0,20.2
1033,S2_peak_traffic,O015-01,18.0,0,0,4.5,10,1,5,0,-1.0,18.8
1033,S2_peak_traffic,O016-01,16.0,1,2,4.0,8,1,10,0,-1.0,15.5
1033,S2_peak_traffic,O017-01,16.0,1,0,3.75,8,1,10,0,-1.0,15.8
1033,S2_peak_traffic,O017-02,16.0,1,0,3.75,8,2,10,0,-1.0,14.4
1033,S2_peak_traffic,O018-01,13.0,1,3,5.5,10,1,2,0,-1.0,14.7
1033,S2_peak_traffic,O019-01,16.0,1,2,4.5,8,1,6,0,-1.0,12.5
1033,S2_peak_traffic,O020-01,25.0,0,0,4.75,10,1,3,0,-1.0,23.9
1033,S2_peak_traffic,O020-02,25.0,0,0,4.75,10,2,3,0,-1.0,28.3
1033,S2_peak_traffic,O021-01,18.0,1,2,5.25,8,1,10,0,-1.0,13.9
1033,S2_peak_traffic,O021-02,18.0,1,2,5.25,8,2,10,0,-1.0,20.3
1033,S2_peak_traffic,O022-01,16.0,1,3,5.0,8,1,10,0,-1.0,16.7
1033,S2_peak_traffic,O022-02,16.0,1,3,5.0,8,2,10,0,-1.0,15.0
1033,S2_peak_traffic,O023-01,17.0,1,2,4.5,8,1,10,0,-1.0,17.2
1033,S2_peak_traffic,O023-02,17.0,1,2,4.25,8,2,10,0,-1.0,15.6
1033,S2_peak_traffic,O023-03,17.0,1,2,4.25,8,3,10,0,-1.0,18.6
1033,S2_peak_traffic,O024-01,13.0,1,3,5.0,10,1,2,0,-1.0,12.0
1033,S2_peak_traffic,O024-02,13.0,1,3,4.75,10,2,2,0,-1.0,11.3
1033,S2_peak_traffic,O024-03,13.0,1,3,4.75,10,3,2,0,-1.0,12.7
1033,S2_peak_traffic,O025-01,24.0,0,3,4.25,7,1,9,0,-1.0,22.1
1033,S2_peak_traffic,O025-02,24.0,0,3,4.25,7,2,9,0,-1.0,20.9
1033,S2_peak_traffic,O025-03,24.0,0,3,4.0,7,3,9,0,-1.0,22.8
1033,S2_peak_traffic,O026-01,15.0,1,1,4.75,9,1,7,0,-1.0,16.2
1033,S2_peak_traffic,O026-02,15.0,1,1,4.75,9,2,7,0,-1.0,17.0
1033,S2_peak_traffic,O027-01,22.0,0,2,5.0,10,1,3,0,-1.0,21.0
1033,S2_peak_traffic,O028-01,16.0,1,2,3.5,7,1,8,0,-1.0,15.3
1033,S2_peak_traffic,O028-02,16.0,1,2,3.5,7,2,8,0,-1.0,21.1
1033,S2_peak_traffic,O029-01,14.0,1,1,5.5,8,1,6,0,-1.0,15.2
1033,S2_peak_traffic,O029-02,14.0,1,1,5.5,8,2,6,0,-1.0,17.4
1033,S2_peak_traffic,O029-03,14.0,1,1,5.5,8,3,6,0,-1.0,15.6
1033,S2_peak_traffic,O030-01,14.0,1,2,4.0,10,1,2,0,-1.0,14.1
1033,S2_peak_traffic,O030-02,14.0,1,2,4.0,10,2,2,0,-1.0,16.0
1034,S0_normal,O001-01,17.0,1,0,3.25,8,1,6,0,-1.0,14.4
1034,S0_normal,O001-02,17.0,1,0,3.25,8,2,6,0,-1.0,14.8
1034,S0_normal,O002-01,13.0,1,3,5.75,9,1,7,0,-1.0,12.6
1034,S0_normal,O002-02,13.0,1,3,5.75,9,2,7,0,-1.0,13.5
1034,S0_normal,O002-03,13.0,1,3,5.5,9,3,7,0,-1.0,11.9
1034,S0_normal,O002-04,13.0,1,3,5.5,9,4,7,0,-1.0,15.1
1034,S0_normal,O003-01,13.0,1,2,5.0,10,1,2,0,-1.0,10.1
1034,S0_normal,O003-02,13.0,1,2,5.0,10,2,2,0,-1.0,14.0
1034,S0_normal,O003-03,13.0,1,2,5.0,10,3,2,0,-1.0,12.2
1034,S0_normal,O004-01,13.0,1,3,5.75,8,1,10,0,-1.0,13.4
1034,S0_normal,O004-02,13.0,1,3,5.75,8,2,10,0,-1.0,11.0
1034,S0_normal,O005-01,13.0,1,2,5.75,7,1,8,0,-1.0,13.2
1034,S0_normal,O005-02,13.0,1,2,5.75,7,2,8,0,-1.0,17.5
1034,S0_normal,O005-03,13.0,1,2,5.5,7,3,8,0,-1.0,11.8
1034,S0_normal,O005-04,13.0,1,2,5.5,7,4,8,0,-1.0,14.7
1034,S0_normal,O006-01,18.0,1,1,5.5,7,1,8,0,-1.0,15.7
1034,S0_normal,O006-02,18.0,1,1,5.5,7,2,8,0,-1.0,20.1
1034,S0_normal,O007-01,17.0,0,0,5.0,7,1,9,0,-1.0,20.6
1034,S0_normal,O007-02,17.0,0,0,5.0,7,2,9,0,-1.0,16.8
1034,S0_normal,O007-03,17.0,0,0,5.0,7,3,9,0,-1.0,13.9
1034,S0_normal,O008-01,15.0,0,0,5.25,6,1,1,0,-1.0,14.7
1034,S0_normal,O008-02,15.0,0,0,5.25,6,2,1,0,-1.0,17.5
1034,S0_normal,O008-03,15.0,0,0,5.0,6,3,1,0,-1.0,15.0
1034,S0_normal,O008-04,15.0,0,0,5.0,6,4,1,0,-1.0,13.4
1034,S0_normal,O008-05,15.0,0,0,5.0,6,5,1,0,-1.0,13.7
1034,S0_normal,O009-01,17.0,0,2,5.5,10,1,3,0,-1.0,17.9
1034,S0_normal,O010-01,16.0,1,1,4.5,7,1,8,0,-1.0,12.6
1034,S0_normal,O010-02,16.0,1,1,4.5,7,2,8,0,-1.0,14.6
1034,S0_normal,O011-01,15.0,1,3,4.0,9,1,7,0,-1.0,14.8
1034,S0_normal,O012-01,16.0,0,1,5.0,10,1,5,0,-1.0,19.6
1034,S0_normal,O012-02,16.0,0,1,5.0,10,2,5,0,-1.0,14.2
1034,S0_normal,O013-01,12.0,1,0,5.0,8,1,10,0,-1.0,12.4
1034,S0_normal,O014-01,24.0,0,1,6.0,11,1,4,0,-1.0,28.6
1034,S0_normal,O014-02,24.0,0,1,6.0,11,2,4,0,-1.0,35.7
1034,S0_normal,O014-03,24.0,0,1,6.0,11,3,4,0,-1.0,29.3
1034,S0_normal,O014-04,24.0,0,1,6.0,11,4,4,0,-1.0,21.5
1034,S0_normal,O015-01,20.0,0,2,4.75,10,1,3,0,-1.0,16.1
1034,S0_normal,O015-02,20.0,0,2,4.75,10,2,3,0,-1.0,17.9
1034,S0_normal,O016-01,13.0,1,3,4.5,8,1,10,0,-1.0,14.1
1034,S0_normal,O016-02,13.0,1,3,4.5,8,2,10,0,-1.0,10.3
1034,S0_normal,O016-03,13.0,1,3,4.5,8,3,10,0,-1.0,13.0
1034,S0_normal,O017-01,15.0,1,2,5.25,7,1,8,0,-1.0,14.9
1034,S0_normal,O017-02,15.0,1,2,5.25,7,2,8,0,-1.0,18.5
1034,S0_normal,O018-01,17.0,0,1,6.0,10,1,5,0,-1.0,16.6
1034,S0_normal,O018-02,17.0,0,1,6.0,10,2,5,0,-1.0,20.9
1034,S0_normal,O018-03,17.0,0,1,6.0,10,3,5,0,-1.0,17.1
1034,S0_normal,O019-01,18.0,0,0,3.5,11,1,4,0,-1.0,18.2
1034,S0_normal,O019-02,18.0,0,0,3.5,11,2,4,0,-1.0,17.9
1034,S0_normal,O020-01,16.0,1,2,3.75,7,1,8,0,-1.0,19.5
1034,S0_normal,O020-02,16.0,1,2,3.75,7,2,8,0,-1.0,15.4
1034,S0_normal,O021-01,25.0,0,3,4.5,10,1,5,0,-1.0,25.2
1034,S0_normal,O022-01,18.0,1,3,3.75,8,1,6,0,-1.0,22.0
1034,S0_normal,O022-02,18.0,1,3,3.75,8,2,6,0,-1.0,15.5
1034,S0_normal,O023-01,17.0,1,3,5.0,9,1,7,0,-1.0,16.6
1034,S0_normal,O023-02,17.0,1,3,5.0,9,2,7,0,-1.0,18.2
1034,S0_normal,O023-03,17.0,1,3,5.0,9,3,7,0,-1.0,17.7
1034,S0_normal,O024-01,24.0,0,3,6.0,10,1,3,0,-1.0,19.0
1034,S0_normal,O025-01,15.0,0,3,4.25,6,1,1,0,-1.0,12.1
1034,S0_normal,O025-02,15.0,0,3,4.25,6,2,1,0,-1.0,12.0
1034,S0_normal,O025-03,15.0,0,3,4.0,6,3,1,0,-1.0,15.6
1034,S0_normal,O026-01,15.0,1,3,3.25,9,1,7,0,-1.0,12.6
1034,S0_normal,O026-02,15.0,1,3,3.25,9,2,7,0,-1.0,13.1
1034,S0_normal,O027-01,12.0,1,0,5.0,10,1,2,0,-1.0,12.0
1034,S0_normal,O028-01,15.0,0,0,5.0,10,1,3,0,-1.0,13.3
1034,S0_normal,O028-02,15.0,0,0,5.0,10,2,3,0,-1.0,14.1
1034,S0_normal,O028-03,15.0,0,0,5.0,10,3,3,0,-1.0,14.3
1034,S0_normal,O028-04,15.0,0,0,4.75,10,4,3,0,-1.0,15.9
1034,S0_normal,O028-05,15.0,0,0,4.75,10,5,3,0,-1.0,18.0
1034,S0_normal,O029-01,16.0,0,3,6.0,7,1,9,0,-1.0,15.2
1034,S0_normal,O030-01,13.0,1,0,4.75,10,1,2,0,-1.0,15.2
1034,S0_normal,O030-02,13.0,1,0,4.75,10,2,2,0,-1.0,11.0
1034,S0_normal,O030-03,13.0,1,0,4.75,10,3,2,0,-1.0,13.7
1034,S0_normal,O030-04,13.0,1,0,4.75,10,4,2,0,-1.0,12.4
1035,S0_normal,O001-01,25.0,0,1,5.25,10,1,5,0,-1.0,32.2
1035,S0_normal,O001-02,25.0,0,1,5.25,10,2,5,0,-1.0,29.8
1035,S0_normal,O002-01,21.0,0,2,5.5,10,1,5,0,-1.0,15.2
1035,S0_normal,O002-02,21.0,0,2,5.5,10,2,5,0,-1.0,18.2
1035,S0_normal,O002-03,21.0,0,2,5.5,10,3,5,0,-1.0,20.5
1035,S0_normal,O002-04,21.0,0,2,5.5,10,4,5,0,-1.0,19.0
1035,S0_normal,O003-01,12.0,1,2,5.5,10,1,2,0,-1.0,13.5
1035,S0_normal,O004-01,21.0,0,3,4.5,10,1,3,0,-1.0,25.6
1035,S0_normal,O005-01,16.0,1,2,4.0,9,1,7,0,-1.0,15.0
1035,S0_normal,O006-01,15.0,1,2,5.5,10,1,2,0,-1.0,18.6
1035,S0_normal,O006-02,15.0,1,2,5.5,10,2,2,0,-1.0,14.4
1035,S0_normal,O006-03,15.0,1,2,5.25,10,3,2,0,-1.0,12.0
1035,S0_normal,O006-04,15.0,1,2,5.25,10,4,2,0,-1.0,13.1
1035,S0_normal,O006-05,15.0,1,2,5.25,10,5,2,0,-1.0,14.2
1035,S0_normal,O006-06,15.0,1,2,5.25,10,6,2,0,-1.0,14.8
1035,S0_normal,O007-01,15.0,0,0,5.0,6,1,1,0,-1.0,13.2
1035,S0_normal,O007-02,15.0,0,0,5.0,6,2,1,0,-1.0,14.6
1035,S0_normal,O008-01,14.0,1,2,5.0,8,1,10,0,-1.0,14.0
1035,S0_normal,O009-01,13.0,1,3,3.75,7,1,8,0,-1.0,10.5
1035,S0_normal,O009-02,13.0,1,3,3.75,7,2,8,0,-1.0,11.3
1035,S0_normal,O010-01,16.0,1,1,4.5,9,1,7,0,-1.0,14.1
1035,S0_normal,O011-01,18.0,1,2,5.75,9,1,7,0,-1.0,17.7
1035,S0_normal,O011-02,18.0,1,2,5.75,9,2,7,0,-1.0,18.2
1035,S0_normal,O011-03,18.0,1,2,5.5,9,3,7,0,-1.0,13.0
1035,S0_normal,O011-04,18.0,1,2,5.5,9,4,7,0,-1.0,16.7
1035,S0_normal,O012-01,13.0,1,1,5.5,8,1,6,0,-1.0,12.4
1035,S0_normal,O013-01,19.0,0,2,4.75,7,1,9,0,-1.0,16.9
1035,S0_normal,O013-02,19.0,0,2,4.75,7,2,9,0,-1.0,21.6
1035,S0_normal,O014-01,16.0,0,2,4.0,6,1,1,0,-1.0,14.2
1035,S0_normal,O014-02,16.0,0,2,4.0,6,2,1,0,-1.0,14.9
1035,S0_normal,O015-01,21.0,0,1,4.0,10,1,3,0,-1.0,22.4
1035,S0_normal,O016-01,13.0,1,2,4.75,8,1,6,0,-1.0,13.4
1035,S0_normal,O016-02,13.0,1,2,4.75,8,2,6,0,-1.0,12.7
1035,S0_normal,O017-01,15.0,0,1,5.25,10,1,5,0,-1.0,15.2
1035,S0_normal,O017-02,15.0,0,1,5.25,10,2,5,0,-1.0,10.4
1035,S0_normal,O018-01,14.0,1,2,5.25,7,1,8,0,-1.0,11.8
1035,S0_normal,O018-02,14.0,1,2,5.25,7,2,8,0,-1.0,13.9
1035,S0_normal,O018-03,14.0,1,2,5.0,7,3,8,0,-1.0,12.2
1035,S0_normal,O018-04,14.0,1,2,5.0,7,4,8,0,-1.0,15.6
1035,S0_normal,O019-01,20.0,0,1,4.0,11,1,4,0,-1.0,15.1
1035,S0_normal,O019-02,20.0,0,1,4.0,11,2,4,0,-1.0,19.5
1035,S0_normal,O020-01,22.0,0,1,5.25,10,1,5,0,-1.0,23.6
1035,S0_normal,O020-02,22.0,0,1,5.25,10,2,5,0,-1.0,23.0
1035,S0_normal,O021-01,15.0,1,1,4.25,7,1,8,0,-1.0,13.8
1035,S0_normal,O021-02,15.0,1,1,4.25,7,2,8,0,-1.0,16.0
1035,S0_normal,O021-03,15.0,1,1,4.0,7,3,8,0,-1.0,14.2
1035,S0_normal,O022-01,17.0,1,0,4.75,10,1,2,0,-1.0,16.3
1035,S0_normal,O022-02,17.0,1,0,4.75,10,2,2,0,-1.0,15.1
1035,S0_normal,O023-01,14.0,1,0,6.0,8,1,10,0,-1.0,13.4
1035,S0_normal,O024-01,17.0,0,1,5.75,10,1,3,0,-1.0,14.4
1035,S0_normal,O024-02,17.0,0,1,5.75,10,2,3,0,-1.0,19.7
1035,S0_normal,O025-01,25.0,0,3,4.0,11,1,4,0,-1.0,22.7
1035,S0_normal,O025-02,25.0,0,3,4.0,11,2,4,0,-1.0,23.3
1035,S0_normal,O026-01,17.0,1,2,5.0,8,1,6,0,-1.0,17.5
1035,S0_normal,O026-02,17.0,1,2,4.75,8,2,6,0,-1.0,18.9
1035,S0_normal,O026-03,17.0,1,2,4.75,8,3,6,0,-1.0,19.3
1035,S0_normal,O027-01,25.0,0,1,5.0,6,1,1,0,-1.0,33.1
1035,S0_normal,O027-02,25.0,0,1,4.75,6,2,1,0,-1.0,25.4
1035,S0_normal,O027-03,25.0,0,1,4.75,6,3,1,0,-1.0,28.2
1035,S0_normal,O028-01,16.0,1,2,6.0,9,1,7,0,-1.0,16.0
1035,S0_normal,O028-02,16.0,1,2,6.0,9,2,7,0,-1.0,15.4
1035,S0_normal,O028-03,16.0,1,2,6.0,9,3,7,0,-1.0,20.0
1035,S0_normal,O028-04,16.0,1,2,6.0,9,4,7,0,-1.0,12.8
1035,S0_normal,O029-01,25.0,0,1,3.25,11,1,4,0,-1.0,25.5
1035,S0_normal,O029-02,25.0,0,1,3.25,11,2,4,0,-1.0,31.4
1035,S0_normal,O030-01,16.0,1,2,3.75,8,1,10,0,-1.0,16.8
1035,S0_normal,O030-02,16.0,1,2,3.75,8,2,10,0,-1.0,19.1
1036,S0_normal,O001-01,16.0,1,3,5.5,8,1,6,0,-1.0,15.5
1036,S0_normal,O002-01,17.0,1,0,3.25,8,1,10,0,-1.0,15.3
1036,S0_normal,O002-02,17.0,1,0,3.25,8,2,10,0,-1.0,19.4
1036,S0_normal,O003-01,24.0,0,3,6.0,7,1,9,0,-1.0,23.9
1036,S0_normal,O003-02,24.0,0,3,6.0,7,2,9,0,-1.0,24.6
1036,S0_normal,O004-01,20.0,0,0,5.0,7,1,9,0,-1.0,20.5
1036,S0_normal,O004-02,20.0,0,0,5.0,7,2,9,0,-1.0,17.6
1036,S0_normal,O005-01,15.0,1,0,6.0,8,1,10,0,-1.0,15.2
1036,S0_normal,O005-02,15.0,1,0,5.75,8,2,10,0,-1.0,14.7
1036,S0_normal,O005-03,15.0,1,0,5.75,8,3,10,0,-1.0,16.8
1036,S0_normal,O006-01,20.0,0,2,3.5,11,1,4,0,-1.0,20.5
1036,S0_normal,O006-02,20.0,0,2,3.5,11,2,4,0,-1.0,15.4
1036,S0_normal,O007-01,22.0,0,2,4.75,7,1,9,0,-1.0,18.7
1036,S0_normal,O007-02,22.0,0,2,4.75,7,2,9,0,-1.0,21.1
1036,S0_normal,O007-03,22.0,0,2,4.5,7,3,9,0,-1.0,30.8
1036,S0_normal,O008-01,16.0,1,1,5.25,8,1,6,0,-1.0,16.9
1036,S0_normal,O008-02,16.0,1,1,5.25,8,2,6,0,-1.0,14.5
1036,S0_normal,O008-03,16.0,1,1,5.0,8,3,6,0,-1.0,14.6
1036,S0_normal,O009-01,14.0,1,2,4.5,7,1,8,0,-1.0,14.5
1036,S0_normal,O009-02,14.0,1,2,4.5,7,2,8,0,-1.0,16.4
1036,S0_normal,O010-01,15.0,1,3,5.5,7,1,8,0,-1.0,18.4
1036,S0_normal,O011-01,18.0,1,0,4.25,9,1,7,0,-1.0,16.4
1036,S0_normal,O011-02,18.0,1,0,4.25,9,2,7,0,-1.0,15.8
1036,S0_normal,O012-01,23.0,0,2,4.5,10,1,5,0,-1.0,26.2
1036,S0_normal,O013-01,16.0,1,2,5.25,10,1,2,0,-1.0,14.7
1036,S0_normal,O013-02,16.0,1,2,5.25,10,2,2,0,-1.0,15.3
1036,S0_normal,O014-01,12.0,1,2,4.5,8,1,6,0,-1.0,10.6
1036,S0_normal,O014-02,12.0,1,2,4.25,8,2,6,0,-1.0,10.2
1036,S0_normal,O014-03,12.0,1,2,4.25,8,3,6,0,-1.0,10.0
1036,S0_normal,O015-01,16.0,1,3,4.0,8,1,10,0,-1.0,12.2
1036,S0_normal,O016-01,13.0,1,2,4.0,9,1,7,0,-1.0,12.2
1036,S0_normal,O016-02,13.0,1,2,4.0,9,2,7,0,-1.0,14.3
1036,S0_normal,O017-01,12.0,1,1,6.0,8,1,6,0,-1.0,15.7
1036,S0_normal,O018-01,12.0,1,3,5.5,8,1,10,0,-1.0,9.3
1036,S0_normal,O019-01,17.0,0,2,5.0,6,1,1,0,-1.0,16.8
1036,S0_normal,O019-02,17.0,0,2,5.0,6,2,1,0,-1.0,14.0
1036,S0_normal,O020-01,18.0,0,1,5.0,10,1,5,0,-1.0,24.7
1036,S0_normal,O020-02,18.0,0,1,5.0,10,2,5,0,-1.0,24.4
1036,S0_normal,O020-03,18.0,0,1,5.0,10,3,5,0,-1.0,17.4
1036,S0_normal,O020-04,18.0,0,1,5.0,10,4,5,0,-1.0,16.2
1036,S0_normal,O020-05,18.0,0,1,5.0,10,5,5,0,-1.0,17.5
1036,S0_normal,O021-01,14.0,1,0,6.0,8,1,6,0,-1.0,15.5
1036,S0_normal,O021-02,14.0,1,0,6.0,8,2,6,0,-1.0,14.0
1036,S0_normal,O022-01,18.0,1,2,4.25,7,1,8,0,-1.0,17.6
1036,S0_normal,O022-02,18.0,1,2,4.25,7,2,8,0,-1.0,15.9
1036,S0_normal,O023-01,12.0,1,3,6.0,10,1,2,0,-1.0,10.4
1036,S0_normal,O024-01,17.0,0,1,4.5,11,1,4,0,-1.0,19.1
1036,S0_normal,O024-02,17.0,0,1,4.5,11,2,4,0,-1.0,15.5
1036,S0_normal,O025-01,17.0,1,3,6.0,9,1,7,0,-1.0,12.5
1036,S0_normal,O025-02,17.0,1,3,6.0,9,2,7,0,-1.0,20.6
1036,S0_normal,O026-01,25.0,0,0,3.75,10,1,3,0,-1.0,21.1
1036,S0_normal,O026-02,25.0,0,0,3.75,10,2,3,0,-1.0,26.0
1036,S0_normal,O027-01,19.0,0,2,5.0,10,1,3,0,-1.0,20.8
1036,S0_normal,O027-02,19.0,0,2,4.75,10,2,3,0,-1.0,22.3
1036,S0_normal,O027-03,19.0,0,2,4.75,10,3,3,0,-1.0,21.9
1036,S0_normal,O028-01,16.0,1,3,5.75,8,1,6,0,-1.0,14.8
1036,S0_normal,O028-02,16.0,1,3,5.75,8,2,6,0,-1.0,17.0
1036,S0_normal,O028-03,16.0,1,3,5.5,8,3,6,0,-1.0,13.7
1036,S0_normal,O029-01,13.0,1,1,3.25,8,1,6,0,-1.0,18.1
1036,S0_normal,O029-02,13.0,1,1,3.25,8,2,6,0,-1.0,11.7
1036,S0_normal,O030-01,16.0,1,3,6.0,8,1,6,0,-1.0,15.6
1037,S7_mixed_disruption,O001-01,14.0,1,0,5.25,8,1,10,0,-1.0,15.2
1037,S7_mixed_disruption,O001-02,14.0,1,0,5.25,8,2,10,0,-1.0,16.0
1037,S7_mixed_disruption,O001-03,14.0,1,0,5.0,8,3,10,0,-1.0,13.1
1037,S7_mixed_disruption,O002-01,16.0,0,1,3.75,11,1,4,0,-1.0,18.9
1037,S7_mixed_disruption,O002-02,16.0,0,1,3.75,11,2,4,0,-1.0,17.3
1037,S7_mixed_disruption,O003-01,13.0,1,0,5.75,8,1,6,0,-1.0,12.8
1037,S7_mixed_disruption,O003-02,13.0,1,0,5.75,8,2,6,0,-1.0,13.0
1037,S7_mixed_disruption,O004-01,14.0,1,3,4.0,7,1,8,0,-1.0,13.3
1037,S7_mixed_disruption,O005-01,17.0,1,1,4.5,7,1,8,0,-1.0,12.9
1037,S7_mixed_disruption,O005-02,17.0,1,1,4.25,7,2,8,0,-1.0,18.1
1037,S7_mixed_disruption,O005-03,17.0,1,1,4.25,7,3,8,0,-1.0,19.1
1037,S7_mixed_disruption,O006-01,16.0,1,0,4.75,9,1,7,0,-1.0,13.6
1037,S7_mixed_disruption,O006-02,16.0,1,0,4.75,9,2,7,0,-1.0,15.5
1037,S7_mixed_disruption,O006-03,16.0,1,0,4.75,9,3,7,0,-1.0,13.1
1037,S7_mixed_disruption,O006-04,16.0,1,0,4.75,9,4,7,0,-1.0,15.8
1037,S7_mixed_disruption,O007-01,20.0,0,1,5.0,11,1,4,0,-1.0,20.5
1037,S7_mixed_disruption,O008-01,15.0,0,3,5.0,10,1,3,0,-1.0,14.5
1037,S7_mixed_disruption,O008-02,15.0,0,3,5.0,10,2,3,0,-1.0,9.7
1037,S7_mixed_disruption,O009-01,23.0,0,0,3.75,10,1,5,0,-1.0,25.0
1037,S7_mixed_disruption,O009-02,23.0,0,0,3.75,10,2,5,0,-1.0,18.5
1037,S7_mixed_disruption,O010-01,18.0,1,1,4.75,8,1,10,0,-1.0,20.9
1037,S7_mixed_disruption,O010-02,18.0,1,1,4.75,8,2,10,0,-1.0,15.4
1037,S7_mixed_disruption,O011-01,14.0,1,2,4.5,8,1,6,0,-1.0,12.9
1037,S7_mixed_disruption,O012-01,15.0,1,1,5.75,9,1,7,0,-1.0,17.6
1037,S7_mixed_disruption,O012-02,15.0,1,1,5.75,9,2,7,0,-1.0,14.0
1037,S7_mixed_disruption,O012-03,15.0,1,1,5.5,9,3,7,0,-1.0,14.9
1037,S7_mixed_disruption,O013-01,16.0,1,3,5.0,8,1,6,0,-1.0,16.0
1037,S7_mixed_disruption,O014-01,22.0,0,1,4.75,6,1,1,0,-1.0,26.2
1037,S7_mixed_disruption,O014-02,22.0,0,1,4.75,6,2,1,0,-1.0,26.1
1037,S7_mixed_disruption,O014-03,22.0,0,1,4.5,6,3,1,0,-1.0,21.9
1037,S7_mixed_disruption,O014-04,22.0,0,1,4.5,6,4,1,0,-1.0,20.9
1037,S7_mixed_disruption,O015-01,17.0,1,1,5.0,8,1,6,0,-1.0,16.1
1037,S7_mixed_disruption,O016-01,25.0,0,3,5.25,6,1,1,0,-1.0,21.8
1037,S7_mixed_disruption,O016-02,25.0,0,3,5.25,6,2,1,0,-1.0,25.4
1037,S7_mixed_disruption,O017-01,23.0,0,0,4.5,7,1,9,0,-1.0,15.0
1037,S7_mixed_disruption,O017-02,23.0,0,0,4.5,7,2,9,0,-1.0,25.9
1037,S7_mixed_disruption,O017-03,23.0,0,0,4.5,7,3,9,0,-1.0,24.0
1037,S7_mixed_disruption,O018-01,23.0,0,1,4.5,10,1,5,0,-1.0,26.4
1037,S7_mixed_disruption,O019-01,16.0,1,2,6.0,10,1,2,0,-1.0,12.4
1037,S7_mixed_disruption,O020-01,25.0,0,3,4.0,7,1,9,0,-1.0,31.1
1037,S7_mixed_disruption,O020-02,25.0,0,3,4.0,7,2,9,0,-1.0,23.4
1037,S7_mixed_disruption,O021-01,18.0,1,1,5.0,8,1,10,0,-1.0,14.2
1037,S7_mixed_disruption,O021-02,18.0,1,1,4.75,8,2,10,0,-1.0,18.2
1037,S7_mixed_disruption,O021-03,18.0,1,1,4.75,8,3,10,0,-1.0,17.1
1037,S7_mixed_disruption,O022-01,17.0,0,0,5.25,7,1,9,0,-1.0,20.7
1037,S7_mixed_disruption,O022-02,17.0,0,0,5.25,7,2,9,0,-1.0,18.9
1037,S7_mixed_disruption,O022-03,17.0,0,0,5.0,7,3,9,1,-1.0,20.9
1037,S7_mixed_disruption,O023-01,24.0,0,2,5.75,6,1,1,0,-1.0,24.3
1037,S7_mixed_disruption,O023-02,24.0,0,2,5.75,6,2,1,0,-1.0,19.5
1037,S7_mixed_disruption,O023-03,24.0,0,2,5.75,6,3,1,0,-1.0,22.4
1037,S7_mixed_disruption,O023-04,24.0,0,2,5.75,6,4,1,0,-1.0,28.9
1037,S7_mixed_disruption,O024-01,22.0,0,2,4.0,10,1,5,0,-1.0,20.1
1037,S7_mixed_disruption,O025-01,20.0,0,0,5.0,10,1,3,0,-1.0,20.6
1037,S7_mixed_disruption,O026-01,19.0,0,1,5.75,10,1,3,0,-1.0,16.4
1037,S7_mixed_disruption,O026-02,19.0,0,1,5.75,10,2,3,0,-1.0,21.6
1037,S7_mixed_disruption,O026-03,19.0,0,1,5.75,10,3,3,0,-1.0,25.3
1037,S7_mixed_disruption,O026-04,19.0,0,1,5.75,10,4,3,0,-1.0,11.2
1037,S7_mixed_disruption,O027-01,15.0,1,2,4.5,9,1,7,0,-1.0,13.8
1037,S7_mixed_disruption,O027-02,15.0,1,2,4.5,9,2,7,0,-1.0,13.2
1037,S7_mixed_disruption,O027-03,15.0,1,2,4.5,9,3,7,0,-1.0,19.9
1037,S7_mixed_disruption,O028-01,17.0,0,1,4.0,7,1,9,0,-1.0,18.1
1037,S7_mixed_disruption,O028-02,17.0,0,1,4.0,7,2,9,0,-1.0,20.2
1037,S7_mixed_disruption,O029-01,13.0,1,2,5.75,8,1,10,0,-1.0,12.1
1037,S7_mixed_disruption,O029-02,13.0,1,2,5.75,8,2,10,0,-1.0,14.1
1037,S7_mixed_disruption,O029-03,13.0,1,2,5.5,8,3,10,0,-1.0,16.8
1037,S7_mixed_disruption,O030-01,16.0,0,2,3.5,10,1,3,0,-1.0,11.4
1037,S7_mixed_disruption,O030-02,16.0,0,2,3.5,10,2,3,0,-1.0,16.7
1038,S7_mixed_disruption,O001-01,18.0,0,3,4.5,10,1,3,0,-1.0,23.1
1038,S7_mixed_disruption,O002-01,14.0,1,3,6.0,9,1,7,0,-1.0,14.3
1038,S7_mixed_disruption,O002-02,14.0,1,3,5.75,9,2,7,0,-1.0,10.6
1038,S7_mixed_disruption,O002-03,14.0,1,3,5.75,9,3,7,0,-1.0,12.4
1038,S7_mixed_disruption,O003-01,24.0,0,1,4.5,10,1,5,0,-1.0,23.0
1038,S7_mixed_disruption,O003-02,24.0,0,1,4.5,10,2,5,0,-1.0,24.9
1038,S7_mixed_disruption,O003-03,24.0,0,1,4.5,10,3,5,0,-1.0,27.6
1038,S7_mixed_disruption,O004-01,16.0,1,2,6.0,8,1,6,0,-1.0,13.9
1038,S7_mixed_disruption,O004-02,16.0,1,2,6.0,8,2,6,0,-1.0,15.5
1038,S7_mixed_disruption,O005-01,12.0,1,1,4.0,8,1,6,0,-1.0,12.3
1038,S7_mixed_disruption,O006-01,12.0,1,3,4.0,9,1,7,0,-1.0,9.2
1038,S7_mixed_disruption,O007-01,23.0,0,2,5.25,10,1,5,0,-1.0,27.5
1038,S7_mixed_disruption,O007-02,23.0,0,2,5.25,10,2,5,0,-1.0,22.1
1038,S7_mixed_disruption,O008-01,13.0,1,2,5.75,8,1,10,0,-1.0,15.3
1038,S7_mixed_disruption,O008-02,13.0,1,2,5.75,8,2,10,0,-1.0,12.9
1038,S7_mixed_disruption,O008-03,13.0,1,2,5.5,8,3,10,0,-1.0,15.7
1038,S7_mixed_disruption,O008-04,13.0,1,2,5.5,8,4,10,0,-1.0,14.7
1038,S7_mixed_disruption,O008-05,13.0,1,2,5.5,8,5,10,0,-1.0,10.4
1038,S7_mixed_disruption,O009-01,17.0,1,0,4.0,10,1,2,0,-1.0,20.5
1038,S7_mixed_disruption,O010-01,14.0,1,0,4.0,10,1,2,0,-1.0,14.6
1038,S7_mixed_disruption,O011-01,19.0,0,0,5.0,11,1,4,0,-1.0,19.5
1038,S7_mixed_disruption,O011-02,19.0,0,0,5.0,11,2,4,0,-1.0,23.7
1038,S7_mixed_disruption,O011-03,19.0,0,0,5.0,11,3,4,0,-1.0,18.4
1038,S7_mixed_disruption,O012-01,25.0,0,0,5.0,6,1,1,0,-1.0,30.5
1038,S7_mixed_disruption,O012-02,25.0,0,0,5.0,6,2,1,0,-1.0,24.5
1038,S7_mixed_disruption,O013-01,14.0,1,1,5.0,8,1,10,0,-1.0,14.3
1038,S7_mixed_disruption,O013-02,14.0,1,1,5.0,8,2,10,0,-1.0,13.4
1038,S7_mixed_disruption,O014-01,13.0,1,2,4.25,8,1,6,0,-1.0,14.7
1038,S7_mixed_disruption,O014-02,13.0,1,2,4.25,8,2,6,0,-1.0,15.0
1038,S7_mixed_disruption,O015-01,22.0,0,0,4.0,6,1,1,0,-1.0,25.9
1038,S7_mixed_disruption,O016-01,20.0,0,2,6.0,10,1,5,0,-1.0,19.8
1038,S7_mixed_disruption,O016-02,20.0,0,2,5.75,10,2,5,0,-1.0,16.9
1038,S7_mixed_disruption,O016-03,20.0,0,2,5.75,10,3,5,0,-1.0,19.1
1038,S7_mixed_disruption,O017-01,15.0,0,1,6.0,6,1,1,0,-1.0,12.8
1038,S7_mixed_disruption,O017-02,15.0,0,1,6.0,6,2,1,0,-1.0,12.2
1038,S7_mixed_disruption,O018-01,12.0,1,1,4.25,8,1,10,0,-1.0,10.3
1038,S7_mixed_disruption,O018-02,12.0,1,1,4.25,8,2,10,0,-1.0,12.0
1038,S7_mixed_disruption,O019-01,14.0,1,0,3.25,7,1,8,0,-1.0,21.0
1038,S7_mixed_disruption,O019-02,14.0,1,0,3.25,7,2,8,0,-1.0,13.5
1038,S7_mixed_disruption,O020-01,13.0,1,1,5.0,8,1,10,0,-1.0,10.8
1038,S7_mixed_disruption,O020-02,13.0,1,1,5.0,8,2,10,0,-1.0,14.0
1038,S7_mixed_disruption,O021-01,13.0,1,0,5.25,7,1,8,0,-1.0,13.9
1038,S7_mixed_disruption,O021-02,13.0,1,0,5.25,7,2,8,0,-1.0,11.1
1038,S7_mixed_disruption,O021-03,13.0,1,0,5.0,7,3,8,0,-1.0,12.9
1038,S7_mixed_disruption,O021-04,13.0,1,0,5.0,7,4,8,0,-1.0,11.3
1038,S7_mixed_disruption,O022-01,21.0,0,2,5.5,10,1,3,0,-1.0,20.4
1038,S7_mixed_disruption,O023-01,15.0,1,0,5.75,8,1,6,0,-1.0,12.1
1038,S7_mixed_disruption,O023-02,15.0,1,0,5.75,8,2,6,0,-1.0,14.8
1038,S7_mixed_disruption,O024-01,16.0,1,0,5.0,9,1,7,0,-1.0,14.7
1038,S7_mixed_disruption,O024-02,16.0,1,0,5.0,9,2,7,0,-1.0,17.0
1038,S7_mixed_disruption,O024-03,16.0,1,0,5.0,9,3,7,0,-1.0,14.7
1038,S7_mixed_disruption,O025-01,23.0,0,1,6.0,6,1,1,0,-1.0,17.8
1038,S7_mixed_disruption,O025-02,23.0,0,1,6.0,6,2,1,0,-1.0,18.7
1038,S7_mixed_disruption,O026-01,14.0,1,0,6.0,8,1,6,0,-1.0,13.6
1038,S7_mixed_disruption,O026-02,14.0,1,0,6.0,8,2,6,0,-1.0,12.3
1038,S7_mixed_disruption,O027-01,12.0,1,0,5.5,8,1,6,0,-1.0,13.3
1038,S7_mixed_disruption,O028-01,20.0,0,3,4.0,7,1,9,0,-1.0,19.2
1038,S7_mixed_disruption,O028-02,20.0,0,3,4.0,7,2,9,0,-1.0,25.8
1038,S7_mixed_disruption,O029-01,17.0,1,3,4.25,7,1,8,0,-1.0,14.7
1038,S7_mixed_disruption,O029-02,17.0,1,3,4.25,7,2,8,0,-1.0,15.2
1038,S7_mixed_disruption,O030-01,12.0,1,2,4.5,9,1,7,0,-1.0,15.4
1038,S7_mixed_disruption,O030-02,12.0,1,2,4.25,9,2,7,0,-1.0,18.0
1038,S7_mixed_disruption,O030-03,12.0,1,2,4.25,9,3,7,0,-1.0,13.8
1039,S0_normal,O001-01,18.0,0,0,4.75,11,1,4,0,-1.0,17.5
1039,S0_normal,O001-02,18.0,0,0,4.75,11,2,4,0,-1.0,20.7
1039,S0_normal,O001-03,18.0,0,0,4.5,11,3,4,0,-1.0,24.6
1039,S0_normal,O002-01,20.0,0,1,5.0,6,1,1,0,-1.0,19.2
1039,S0_normal,O002-02,20.0,0,1,5.0,6,2,1,0,-1.0,17.7
1039,S0_normal,O003-01,24.0,0,3,4.0,10,1,3,0,-1.0,19.5
1039,S0_normal,O003-02,24.0,0,3,4.0,10,2,3,0,-1.0,25.6
1039,S0_normal,O004-01,18.0,1,1,4.25,8,1,10,0,-1.0,19.6
1039,S0_normal,O004-02,18.0,1,1,4.25,8,2,10,0,-1.0,20.4
1039,S0_normal,O005-01,19.0,0,0,3.75,10,1,5,0,-1.0,17.1
1039,S0_normal,O005-02,19.0,0,0,3.75,10,2,5,0,-1.0,15.4
1039,S0_normal,O006-01,22.0,0,3,5.0,10,1,5,0,-1.0,25.0
1039,S0_normal,O006-02,22.0,0,3,5.0,10,2,5,0,-1.0,24.2
1039,S0_normal,O007-01,12.0,1,1,3.25,10,1,2,0,-1.0,15.2
1039,S0_normal,O007-02,12.0,1,1,3.25,10,2,2,0,-1.0,12.9
1039,S0_normal,O008-01,17.0,1,0,5.0,10,1,2,0,-1.0,16.7
1039,S0_normal,O008-02,17.0,1,0,5.0,10,2,2,0,-1.0,17.7
1039,S0_normal,O009-01,15.0,1,1,4.5,10,1,2,0,-1.0,17.2
1039,S0_normal,O009-02,15.0,1,1,4.25,10,2,2,0,-1.0,13.6
1039,S0_normal,O009-03,15.0,1,1,4.25,10,3,2,0,-1.0,18.5
1039,S0_normal,O010-01,18.0,0,0,5.5,7,1,9,0,-1.0,17.3
1039,S0_normal,O010-02,18.0,0,0,5.5,7,2,9,0,-1.0,14.5
1039,S0_normal,O010-03,18.0,0,0,5.5,7,3,9,0,-1.0,19.0
1039,S0_normal,O011-01,24.0,0,2,3.25,6,1,1,0,-1.0,26.7
1039,S0_normal,O011-02,24.0,0,2,3.25,6,2,1,0,-1.0,25.7
1039,S0_normal,O012-01,17.0,1,2,5.25,10,1,2,0,-1.0,19.5
1039,S0_normal,O012-02,17.0,1,2,5.25,10,2,2,0,-1.0,15.8
1039,S0_normal,O012-03,17.0,1,2,5.0,10,3,2,0,-1.0,17.1
1039,S0_normal,O012-04,17.0,1,2,5.0,10,4,2,0,-1.0,17.2
1039,S0_normal,O013-01,13.0,1,0,5.75,8,1,10,0,-1.0,16.7
1039,S0_normal,O013-02,13.0,1,0,5.75,8,2,10,0,-1.0,17.2
1039,S0_normal,O014-01,13.0,1,2,4.25,8,1,6,0,-1.0,18.5
1039,S0_normal,O014-02,13.0,1,2,4.25,8,2,6,0,-1.0,16.9
1039,S0_normal,O014-03,13.0,1,2,4.0,8,3,6,0,-1.0,12.5
1039,S0_normal,O015-01,23.0,0,3,6.0,10,1,5,0,-1.0,28.1
1039,S0_normal,O016-01,17.0,1,2,3.5,7,1,8,0,-1.0,17.4
1039,S0_normal,O016-02,17.0,1,2,3.5,7,2,8,0,-1.0,21.2
1039,S0_normal,O017-01,18.0,1,2,5.75,7,1,8,0,-1.0,19.8
1039,S0_normal,O017-02,18.0,1,2,5.75,7,2,8,0,-1.0,19.2
1039,S0_normal,O017-03,18.0,1,2,5.75,7,3,8,0,-1.0,21.0
1039,S0_normal,O017-04,18.0,1,2,5.75,7,4,8,0,-1.0,18.2
1039,S0_normal,O018-01,17.0,0,2,6.0,10,1,3,0,-1.0,20.2
1039,S0_normal,O018-02,17.0,0,2,6.0,10,2,3,0,-1.0,16.6
1039,S0_normal,O018-03,17.0,0,2,6.0,10,3,3,0,-1.0,20.6
1039,S0_normal,O018-04,17.0,0,2,6.0,10,4,3,0,-1.0,13.4
1039,S0_normal,O019-01,15.0,1,0,4.75,7,1,8,0,-1.0,15.5
1039,S0_normal,O019-02,15.0,1,0,4.75,7,2,8,0,-1.0,14.5
1039,S0_normal,O019-03,15.0,1,0,4.5,7,3,8,0,-1.0,17.9
1039,S0_normal,O020-01,18.0,1,2,5.5,8,1,10,0,-1.0,17.2
1039,S0_normal,O020-02,18.0,1,2,5.5,8,2,10,0,-1.0,18.0
1039,S0_normal,O020-03,18.0,1,2,5.25,8,3,10,0,-1.0,14.5
1039,S0_normal,O020-04,18.0,1,2,5.25,8,4,10,0,-1.0,20.1
1039,S0_normal,O021-01,16.0,0,0,5.5,7,1,9,0,-1.0,18.0
1039,S0_normal,O022-01,12.0,1,2,4.25,8,1,10,0,-1.0,14.3
1039,S0_normal,O022-02,12.0,1,2,4.25,8,2,10,0,-1.0,9.8
1039,S0_normal,O022-03,12.0,1,2,4.0,8,3,10,0,-1.0,10.5
1039,S0_normal,O023-01,25.0,0,0,5.5,11,1,4,0,-1.0,27.4
1039,S0_normal,O023-02,25.0,0,0,5.5,11,2,4,0,-1.0,18.8
1039,S0_normal,O024-01,15.0,0,2,5.75,10,1,5,0,-1.0,15.8
1039,S0_normal,O024-02,15.0,0,2,5.75,10,2,5,0,-1.0,14.9
1039,S0_normal,O025-01,15.0,1,0,6.0,8,1,10,0,-1.0,16.7
1039,S0_normal,O026-01,18.0,0,0,5.75,10,1,3,0,-1.0,18.3
1039,S0_normal,O026-02,18.0,0,0,5.75,10,2,3,0,-1.0,19.4
1039,S0_normal,O026-03,18.0,0,0,5.5,10,3,3,0,-1.0,21.2
1039,S0_normal,O026-04,18.0,0,0,5.5,10,4,3,0,-1.0,17.2
1039,S0_normal,O027-01,17.0,1,0,4.0,8,1,6,0,-1.0,13.1
1039,S0_normal,O027-02,17.0,1,0,4.0,8,2,6,0,-1.0,17.6
1039,S0_normal,O028-01,18.0,1,0,5.75,8,1,10,0,-1.0,19.4
1039,S0_normal,O028-02,18.0,1,0,5.75,8,2,10,0,-1.0,22.6
1039,S0_normal,O029-01,12.0,1,1,4.75,9,1,7,0,-1.0,13.5
1039,S0_normal,O029-02,12.0,1,1,4.75,9,2,7,0,-1.0,11.9
1039,S0_normal,O030-01,18.0,0,1,5.5,10,1,3,0,-1.0,19.1
1039,S0_normal,O030-02,18.0,0,1,5.25,10,2,3,0,-1.0,16.9
1039,S0_normal,O030-03,18.0,0,1,5.25,10,3,3,0,-1.0,16.0
1040,S5_pump_failure,O001-01,16.0,1,1,6.0,9,1,7,0,-1.0,13.7
1040,S5_pump_failure,O002-01,17.0,1,2,6.0,8,1,6,0,-1.0,20.0
1040,S5_pump_failure,O003-01,18.0,0,3,3.5,7,1,9,0,-1.0,22.6
1040,S5_pump_failure,O003-02,18.0,0,3,3.5,7,2,9,0,-1.0,15.1
1040,S5_pump_failure,O004-01,19.0,0,2,4.0,6,1,1,0,-1.0,20.6
1040,S5_pump_failure,O005-01,17.0,1,0,4.75,7,1,8,0,-1.0,17.5
1040,S5_pump_failure,O005-02,17.0,1,0,4.75,7,2,8,0,-1.0,13.6
1040,S5_pump_failure,O005-03,17.0,1,0,4.75,7,3,8,0,-1.0,18.2
1040,S5_pump_failure,O005-04,17.0,1,0,4.75,7,4,8,0,-1.0,17.6
1040,S5_pump_failure,O006-01,17.0,0,3,5.75,7,1,9,0,-1.0,14.8
1040,S5_pump_failure,O006-02,17.0,0,3,5.75,7,2,9,0,-1.0,16.5
1040,S5_pump_failure,O007-01,16.0,1,1,4.0,8,1,6,0,-1.0,18.5
1040,S5_pump_failure,O008-01,24.0,0,2,5.5,6,1,1,0,-1.0,26.7
1040,S5_pump_failure,O008-02,24.0,0,2,5.5,6,2,1,0,-1.0,24.9
1040,S5_pump_failure,O008-03,24.0,0,2,5.5,6,3,1,0,-1.0,24.1
1040,S5_pump_failure,O009-01,16.0,1,0,4.5,8,1,10,0,-1.0,15.0
1040,S5_pump_failure,O009-02,16.0,1,0,4.5,8,2,10,0,-1.0,18.7
1040,S5_pump_failure,O010-01,23.0,0,2,6.0,11,1,4,0,-1.0,28.2
1040,S5_pump_failure,O010-02,23.0,0,2,6.0,11,2,4,0,-1.0,26.3
1040,S5_pump_failure,O011-01,18.0,1,3,4.25,8,1,6,0,-1.0,16.0
1040,S5_pump_failure,O011-02,18.0,1,3,4.25,8,2,6,0,-1.0,23.0
1040,S5_pump_failure,O011-03,18.0,1,3,4.0,8,3,6,0,-1.0,18.2
1040,S5_pump_failure,O012-01,14.0,1,1,4.5,8,1,10,0,-1.0,16.6
1040,S5_pump_failure,O013-01,21.0,0,0,3.25,11,1,4,0,-1.0,21.8
1040,S5_pump_failure,O013-02,21.0,0,0,3.25,11,2,4,0,-1.0,19.3
1040,S5_pump_failure,O014-01,15.0,1,3,6.0,10,1,2,0,-1.0,17.7
1040,S5_pump_failure,O014-02,15.0,1,3,6.0,10,2,2,0,-1.0,14.3
1040,S5_pump_failure,O014-03,15.0,1,3,6.0,10,3,2,0,-1.0,16.7
1040,S5_pump_failure,O014-04,15.0,1,3,5.75,10,4,2,0,-1.0,15.3
1040,S5_pump_failure,O014-05,15.0,1,3,5.75,10,5,2,0,-1.0,16.8
1040,S5_pump_failure,O015-01,18.0,1,3,5.5,8,1,10,0,-1.0,21.5
1040,S5_pump_failure,O015-02,18.0,1,3,5.5,8,2,10,0,-1.0,25.2
1040,S5_pump_failure,O016-01,21.0,0,3,4.5,7,1,9,0,-1.0,20.3
1040,S5_pump_failure,O016-02,21.0,0,3,4.25,7,2,9,0,-1.0,19.7
1040,S5_pump_failure,O016-03,21.0,0,3,4.25,7,3,9,0,-1.0,18.5
1040,S5_pump_failure,O017-01,12.0,1,0,5.5,10,1,2,0,-1.0,11.0
1040,S5_pump_failure,O018-01,20.0,0,0,5.25,10,1,5,0,-1.0,18.7
1040,S5_pump_failure,O018-02,20.0,0,0,5.25,10,2,5,0,-1.0,24.3
1040,S5_pump_failure,O018-03,20.0,0,0,5.25,10,3,5,0,-1.0,18.9
1040,S5_pump_failure,O018-04,20.0,0,0,5.25,10,4,5,0,-1.0,16.6
1040,S5_pump_failure,O018-05,20.0,0,0,5.0,10,5,5,0,-1.0,22.2
1040,S5_pump_failure,O019-01,13.0,1,0,4.0,8,1,6,0,-1.0,10.8
1040,S5_pump_failure,O020-01,18.0,1,3,5.75,7,1,8,0,-1.0,21.7
1040,S5_pump_failure,O020-02,18.0,1,3,5.75,7,2,8,0,-1.0,19.8
1040,S5_pump_failure,O021-01,13.0,1,1,5.0,7,1,8,0,-1.0,10.7
1040,S5_pump_failure,O021-02,13.0,1,1,5.0,7,2,8,0,-1.0,12.3
1040,S5_pump_failure,O021-03,13.0,1,1,5.0,7,3,8,0,-1.0,16.0
1040,S5_pump_failure,O022-01,22.0,0,3,4.75,10,1,3,0,-1.0,32.1
1040,S5_pump_failure,O022-02,22.0,0,3,4.75,10,2,3,0,-1.0,27.4
1040,S5_pump_failure,O023-01,23.0,0,2,5.0,7,1,9,0,-1.0,21.0
1040,S5_pump_failure,O024-01,13.0,1,2,5.5,10,1,2,0,-1.0,11.9
1040,S5_pump_failure,O025-01,15.0,1,1,4.25,7,1,8,0,-1.0,11.1
1040,S5_pump_failure,O025-02,15.0,1,1,4.25,7,2,8,0,-1.0,13.0
1040,S5_pump_failure,O026-01,24.0,0,2,5.25,10,1,5,0,-1.0,30.5
1040,S5_pump_failure,O026-02,24.0,0,2,5.25,10,2,5,0,-1.0,22.8
1040,S5_pump_failure,O026-03,24.0,0,2,5.0,10,3,5,0,-1.0,26.7
1040,S5_pump_failure,O026-04,24.0,0,2,5.0,10,4,5,0,-1.0,24.6
1040,S5_pump_failure,O026-05,24.0,0,2,5.0,10,5,5,0,-1.0,25.6
1040,S5_pump_failure,O027-01,19.0,0,0,4.75,10,1,5,0,-1.0,21.9
1040,S5_pump_failure,O027-02,19.0,0,0,4.75,10,2,5,0,-1.0,19.9
1040,S5_pump_failure,O028-01,12.0,1,0,5.0,9,1,7,0,-1.0,13.8
1040,S5_pump_failure,O028-02,12.0,1,0,5.0,9,2,7,0,-1.0,9.8
1040,S5_pump_failure,O029-01,13.0,1,0,5.0,8,1,6,0,-1.0,9.9
1040,S5_pump_failure,O030-01,25.0,0,1,5.5,11,1,4,0,-1.0,27.5
1040,S5_pump_failure,O030-02,25.0,0,1,5.25,11,2,4,0,-1.0,25.0
1040,S5_pump_failure,O030-03,25.0,0,1,5.25,11,3,4,0,-1.0,22.1
1040,S5_pump_failure,O030-04,25.0,0,1,5.25,11,4,4,0,-1.0,23.9
1040,S5_pump_failure,O030-05,25.0,0,1,5.25,11,5,4,0,-1.0,24.9
1041,S0_normal,O001-01,23.0,0,3,4.75,6,1,1,0,-1.0,20.7
1041,S0_normal,O001-02,23.0,0,3,4.75,6,2,1,0,-1.0,23.4
1041,S0_normal,O001-03,23.0,0,3,4.5,6,3,1,0,-1.0,27.8
1041,S0_normal,O001-04,23.0,0,3,4.5,6,4,1,0,-1.0,24.7
1041,S0_normal,O002-01,13.0,1,3,5.5,8,1,10,0,-1.0,11.3
1041,S0_normal,O002-02,13.0,1,3,5.5,8,2,10,0,-1.0,10.8
1041,S0_normal,O002-03,13.0,1,3,5.5,8,3,10,0,-1.0,11.0
1041,S0_normal,O002-04,13.0,1,3,5.5,8,4,10,0,-1.0,12.1
1041,S0_normal,O003-01,24.0,0,3,3.5,11,1,4,0,-1.0,33.4
1041,S0_normal,O003-02,24.0,0,3,3.5,11,2,4,0,-1.0,21.8
1041,S0_normal,O004-01,15.0,1,2,4.25,10,1,2,0,-1.0,14.5
1041,S0_normal,O004-02,15.0,1,2,4.25,10,2,2,0,-1.0,15.6
1041,S0_normal,O004-03,15.0,1,2,4.0,10,3,2,0,-1.0,17.9
1041,S0_normal,O005-01,22.0,0,0,3.75,7,1,9,0,-1.0,24.9
1041,S0_normal,O005-02,22.0,0,0,3.75,7,2,9,0,-1.0,23.0
1041,S0_normal,O006-01,12.0,1,0,4.5,10,1,2,0,-1.0,9.5
1041,S0_normal,O006-02,12.0,1,0,4.5,10,2,2,0,-1.0,11.6
1041,S0_normal,O006-03,12.0,1,0,4.5,10,3,2,0,-1.0,10.9
1041,S0_normal,O007-01,16.0,1,3,4.75,8,1,10,0,-1.0,15.5
1041,S0_normal,O007-02,16.0,1,3,4.75,8,2,10,0,-1.0,21.1
1041,S0_normal,O007-03,16.0,1,3,4.5,8,3,10,0,-1.0,11.5
1041,S0_normal,O007-04,16.0,1,3,4.5,8,4,10,0,-1.0,16.3
1041,S0_normal,O008-01,16.0,0,1,3.25,10,1,3,0,-1.0,16.5
1041,S0_normal,O008-02,16.0,0,1,3.25,10,2,3,0,-1.0,12.4
1041,S0_normal,O009-01,16.0,0,1,5.5,10,1,5,0,-1.0,19.4
1041,S0_normal,O010-01,22.0,0,2,5.0,7,1,9,0,-1.0,19.6
1041,S0_normal,O011-01,14.0,1,0,4.75,8,1,6,0,-1.0,13.7
1041,S0_normal,O011-02,14.0,1,0,4.75,8,2,6,0,-1.0,12.1
1041,S0_normal,O011-03,14.0,1,0,4.5,8,3,6,0,-1.0,14.7
1041,S0_normal,O012-01,20.0,0,0,3.5,10,1,5,0,-1.0,21.9
1041,S0_normal,O012-02,20.0,0,0,3.5,10,2,5,0,-1.0,20.3
1041,S0_normal,O013-01,12.0,1,0,5.0,10,1,2,0,-1.0,11.1
1041,S0_normal,O013-02,12.0,1,0,5.0,10,2,2,0,-1.0,10.5
1041,S0_normal,O013-03,12.0,1,0,5.0,10,3,2,0,-1.0,13.1
1041,S0_normal,O013-04,12.0,1,0,5.0,10,4,2,0,-1.0,13.3
1041,S0_normal,O014-01,20.0,0,2,4.25,6,1,1,0,-1.0,16.6
1041,S0_normal,O014-02,20.0,0,2,4.25,6,2,1,0,-1.0,19.9
1041,S0_normal,O015-01,12.0,1,0,4.75,9,1,7,0,-1.0,10.6
1041,S0_normal,O015-02,12.0,1,0,4.75,9,2,7,0,-1.0,9.7
1041,S0_normal,O016-01,20.0,0,2,5.75,10,1,3,0,-1.0,19.3
1041,S0_normal,O016-02,20.0,0,2,5.75,10,2,3,0,-1.0,17.2
1041,S0_normal,O017-01,21.0,0,0,5.0,7,1,9,0,-1.0,23.7
1041,S0_normal,O017-02,21.0,0,0,5.0,7,2,9,0,-1.0,22.6
1041,S0_normal,O017-03,21.0,0,0,5.0,7,3,9,0,-1.0,21.8
1041,S0_normal,O017-04,21.0,0,0,5.0,7,4,9,0,-1.0,19.9
1041,S0_normal,O017-05,21.0,0,0,5.0,7,5,9,0,-1.0,20.5
1041,S0_normal,O018-01,14.0,1,3,4.0,7,1,8,0,-1.0,13.5
1041,S0_normal,O019-01,24.0,0,0,4.75,10,1,5,0,-1.0,24.6
1041,S0_normal,O019-02,24.0,0,0,4.75,10,2,5,0,-1.0,22.0
1041,S0_normal,O019-03,24.0,0,0,4.5,10,3,5,0,-1.0,24.4
1041,S0_normal,O019-04,24.0,0,0,4.5,10,4,5,0,-1.0,24.4
1041,S0_normal,O020-01,18.0,1,0,4.0,10,1,2,0,-1.0,15.4
1041,S0_normal,O021-01,19.0,0,3,5.25,6,1,1,0,-1.0,18.7
1041,S0_normal,O021-02,19.0,0,3,5.25,6,2,1,0,-1.0,18.9
1041,S0_normal,O022-01,16.0,1,1,4.75,8,1,6,0,-1.0,15.2
1041,S0_normal,O022-02,16.0,1,1,4.75,8,2,6,0,-1.0,14.5
1041,S0_normal,O023-01,25.0,0,3,5.0,6,1,1,0,-1.0,17.3
1041,S0_normal,O024-01,21.0,0,3,5.5,10,1,3,0,-1.0,23.1
1041,S0_normal,O024-02,21.0,0,3,5.5,10,2,3,0,-1.0,18.9
1041,S0_normal,O025-01,14.0,1,3,4.5,7,1,8,0,-1.0,11.0
1041,S0_normal,O026-01,17.0,1,3,6.0,9,1,7,0,-1.0,18.6
1041,S0_normal,O026-02,17.0,1,3,6.0,9,2,7,0,-1.0,13.9
1041,S0_normal,O027-01,15.0,1,0,5.0,7,1,8,0,-1.0,11.8
1041,S0_normal,O027-02,15.0,1,0,5.0,7,2,8,0,-1.0,17.9
1041,S0_normal,O028-01,12.0,1,3,5.0,8,1,6,0,-1.0,11.4
1041,S0_normal,O028-02,12.0,1,3,4.75,8,2,6,0,-1.0,13.3
1041,S0_normal,O028-03,12.0,1,3,4.75,8,3,6,0,-1.0,9.7
1041,S0_normal,O029-01,18.0,1,1,5.0,8,1,10,0,-1.0,16.5
1041,S0_normal,O030-01,17.0,1,1,5.0,8,1,10,0,-1.0,15.1
1041,S0_normal,O030-02,17.0,1,1,5.0,8,2,10,0,-1.0,13.1
1041,S0_normal,O030-03,17.0,1,1,5.0,8,3,10,0,-1.0,14.2
1042,S0_normal,O001-01,14.0,1,2,4.5,10,1,2,0,-1.0,15.7
1042,S0_normal,O001-02,14.0,1,2,4.25,10,2,2,0,-1.0,16.7
1042,S0_normal,O001-03,14.0,1,2,4.25,10,3,2,0,-1.0,16.0
1042,S0_normal,O002-01,20.0,0,0,5.5,6,1,1,0,-1.0,20.7
1042,S0_normal,O002-02,20.0,0,0,5.5,6,2,1,0,-1.0,29.2
1042,S0_normal,O003-01,16.0,1,1,3.25,8,1,6,0,-1.0,14.2
1042,S0_normal,O003-02,16.0,1,1,3.25,8,2,6,0,-1.0,12.3
1042,S0_normal,O004-01,12.0,1,2,5.5,10,1,2,0,-1.0,11.9
1042,S0_normal,O005-01,17.0,0,3,5.0,6,1,1,0,-1.0,15.6
1042,S0_normal,O006-01,16.0,1,3,5.0,7,1,8,0,-1.0,18.1
1042,S0_normal,O006-02,16.0,1,3,4.75,7,2,8,0,-1.0,14.5
1042,S0_normal,O006-03,16.0,1,3,4.75,7,3,8,0,-1.0,18.4
1042,S0_normal,O007-01,12.0,1,2,5.75,10,1,2,0,-1.0,13.7
1042,S0_normal,O007-02,12.0,1,2,5.75,10,2,2,0,-1.0,14.2
1042,S0_normal,O007-03,12.0,1,2,5.5,10,3,2,0,-1.0,12.2
1042,S0_normal,O008-01,18.0,0,3,4.75,10,1,3,0,-1.0,15.8
1042,S0_normal,O008-02,18.0,0,3,4.75,10,2,3,0,-1.0,18.0
1042,S0_normal,O008-03,18.0,0,3,4.5,10,3,3,0,-1.0,23.2
1042,S0_normal,O009-01,14.0,1,3,4.5,7,1,8,0,-1.0,12.8
1042,S0_normal,O010-01,25.0,0,1,6.0,10,1,3,0,-1.0,28.2
1042,S0_normal,O011-01,15.0,0,0,3.5,11,1,4,0,-1.0,14.6
1042,S0_normal,O011-02,15.0,0,0,3.5,11,2,4,0,-1.0,16.5
1042,S0_normal,O012-01,14.0,1,0,4.0,9,1,7,0,-1.0,15.3
1042,S0_normal,O012-02,14.0,1,0,4.0,9,2,7,0,-1.0,13.9
1042,S0_normal,O013-01,12.0,1,0,6.0,8,1,6,0,-1.0,12.5
1042,S0_normal,O013-02,12.0,1,0,6.0,8,2,6,0,-1.0,11.8
1042,S0_normal,O013-03,12.0,1,0,6.0,8,3,6,0,-1.0,13.5
1042,S0_normal,O014-01,25.0,0,0,4.0,7,1,9,0,-1.0,21.3
1042,S0_normal,O015-01,17.0,0,1,5.75,6,1,1,0,-1.0,19.9
1042,S0_normal,O015-02,17.0,0,1,5.75,6,2,1,0,-1.0,15.7
1042,S0_normal,O016-01,18.0,1,3,6.0,7,1,8,0,-1.0,23.9
1042,S0_normal,O016-02,18.0,1,3,5.75,7,2,8,0,-1.0,14.0
1042,S0_normal,O016-03,18.0,1,3,5.75,7,3,8,0,-1.0,16.5
1042,S0_normal,O017-01,18.0,1,0,5.5,7,1,8,0,-1.0,20.7
1042,S0_normal,O018-01,15.0,0,1,3.5,7,1,9,0,-1.0,10.5
1042,S0_normal,O018-02,15.0,0,1,3.5,7,2,9,0,-1.0,15.2
1042,S0_normal,O019-01,14.0,1,3,3.75,9,1,7,0,-1.0,14.1
1042,S0_normal,O019-02,14.0,1,3,3.75,9,2,7,0,-1.0,17.1
1042,S0_normal,O020-01,19.0,0,3,5.75,10,1,3,0,-1.0,20.1
1042,S0_normal,O020-02,19.0,0,3,5.75,10,2,3,0,-1.0,18.2
1042,S0_normal,O020-03,19.0,0,3,5.5,10,3,3,0,-1.0,20.9
1042,S0_normal,O021-01,15.0,0,0,3.25,10,1,5,0,-1.0,15.8
1042,S0_normal,O021-02,15.0,0,0,3.25,10,2,5,0,-1.0,15.6
1042,S0_normal,O022-01,14.0,1,1,5.25,9,1,7,0,-1.0,15.0
1042,S0_normal,O022-02,14.0,1,1,5.25,9,2,7,0,-1.0,11.9
1042,S0_normal,O022-03,14.0,1,1,5.25,9,3,7,0,-1.0,15.0
1042,S0_normal,O022-04,14.0,1,1,5.25,9,4,7,0,-1.0,12.9
1042,S0_normal,O023-01,17.0,0,1,5.75,7,1,9,0,-1.0,16.2
1042,S0_normal,O023-02,17.0,0,1,5.75,7,2,9,0,-1.0,13.7
1042,S0_normal,O024-01,14.0,1,3,5.25,8,1,10,0,-1.0,16.4
1042,S0_normal,O024-02,14.0,1,3,5.25,8,2,10,0,-1.0,13.0
1042,S0_normal,O024-03,14.0,1,3,5.25,8,3,10,0,-1.0,14.7
1042,S0_normal,O024-04,14.0,1,3,5.25,8,4,10,0,-1.0,14.0
1042,S0_normal,O024-05,14.0,1,3,5.25,8,5,10,0,-1.0,12.7
1042,S0_normal,O024-06,14.0,1,3,5.25,8,6,10,0,-1.0,11.1
1042,S0_normal,O024-07,14.0,1,3,5.0,8,7,10,0,-1.0,17.7
1042,S0_normal,O025-01,19.0,0,1,6.0,10,1,5,0,-1.0,18.3
1042,S0_normal,O026-01,17.0,0,0,4.0,10,1,3,0,-1.0,22.3
1042,S0_normal,O026-02,17.0,0,0,4.0,10,2,3,0,-1.0,17.7
1042,S0_normal,O027-01,17.0,0,2,4.0,6,1,1,0,-1.0,16.8
1042,S0_normal,O028-01,24.0,0,3,5.0,11,1,4,0,-1.0,17.9
1042,S0_normal,O029-01,17.0,0,1,4.0,11,1,4,0,-1.0,22.7
1042,S0_normal,O030-01,14.0,1,2,5.5,8,1,10,0,-1.0,14.2
1042,S0_normal,O030-02,14.0,1,2,5.5,8,2,10,0,-1.0,12.8
1042,S0_normal,O030-03,14.0,1,2,5.5,8,3,10,0,-1.0,14.5
1042,S0_normal,O030-04,14.0,1,2,5.5,8,4,10,0,-1.0,16.2
1042,S0_normal,O030-05,14.0,1,2,5.5,8,5,10,0,-1.0,17.6
1043,S0_normal,O001-01,15.0,1,2,3.75,10,1,2,0,-1.0,17.6
1043,S0_normal,O001-02,15.0,1,2,3.75,10,2,2,0,-1.0,14.6
1043,S0_normal,O002-01,25.0,0,2,4.75,6,1,1,0,-1.0,29.9
1043,S0_normal,O002-02,25.0,0,2,4.75,6,2,1,0,-1.0,21.9
1043,S0_normal,O003-01,17.0,1,0,5.0,8,1,10,0,-1.0,18.4
1043,S0_normal,O004-01,14.0,1,0,5.0,10,1,2,0,-1.0,13.7
1043,S0_normal,O005-01,17.0,1,3,5.5,9,1,7,0,-1.0,17.5
1043,S0_normal,O005-02,17.0,1,3,5.25,9,2,7,0,-1.0,16.7
1043,S0_normal,O005-03,17.0,1,3,5.25,9,3,7,0,-1.0,19.8
1043,S0_normal,O006-01,16.0,0,2,5.5,10,1,3,0,-1.0,16.1
1043,S0_normal,O006-02,16.0,0,2,5.5,10,2,3,0,-1.0,12.6
1043,S0_normal,O007-01,25.0,0,0,4.0,7,1,9,0,-1.0,16.5
1043,S0_normal,O008-01,17.0,0,1,5.75,7,1,9,0,-1.0,18.0
1043,S0_normal,O008-02,17.0,0,1,5.75,7,2,9,0,-1.0,13.6
1043,S0_normal,O009-01,18.0,0,3,5.0,10,1,3,0,-1.0,14.3
1043,S0_normal,O009-02,18.0,0,3,5.0,10,2,3,0,-1.0,15.8
1043,S0_normal,O010-01,14.0,1,0,5.0,8,1,10,0,-1.0,16.4
1043,S0_normal,O010-02,14.0,1,0,5.0,8,2,10,0,-1.0,16.8
1043,S0_normal,O011-01,13.0,1,1,6.0,8,1,10,0,-1.0,11.3
1043,S0_normal,O012-01,17.0,1,0,5.75,8,1,6,0,-1.0,17.8
1043,S0_normal,O012-02,17.0,1,0,5.75,8,2,6,0,-1.0,16.3
1043,S0_normal,O012-03,17.0,1,0,5.5,8,3,6,0,-1.0,17.2
1043,S0_normal,O012-04,17.0,1,0,5.5,8,4,6,0,-1.0,20.0
1043,S0_normal,O013-01,13.0,1,0,4.75,7,1,8,0,-1.0,13.5
1043,S0_normal,O013-02,13.0,1,0,4.75,7,2,8,0,-1.0,10.9
1043,S0_normal,O014-01,18.0,1,1,4.0,10,1,2,0,-1.0,13.9
1043,S0_normal,O014-02,18.0,1,1,4.0,10,2,2,0,-1.0,17.2
1043,S0_normal,O015-01,14.0,1,2,4.25,8,1,6,0,-1.0,13.2
1043,S0_normal,O015-02,14.0,1,2,4.25,8,2,6,0,-1.0,14.3
1043,S0_normal,O016-01,12.0,1,0,6.0,8,1,10,0,-1.0,11.6
1043,S0_normal,O017-01,16.0,1,1,4.5,9,1,7,0,-1.0,13.0
1043,S0_normal,O017-02,16.0,1,1,4.5,9,2,7,0,-1.0,18.6
1043,S0_normal,O018-01,13.0,1,1,5.0,7,1,8,0,-1.0,10.8
1043,S0_normal,O019-01,19.0,0,0,5.5,10,1,5,0,-1.0,22.2
1043,S0_normal,O020-01,18.0,1,2,5.75,8,1,6,0,-1.0,20.4
1043,S0_normal,O020-02,18.0,1,2,5.75,8,2,6,0,-1.0,22.4
1043,S0_normal,O020-03,18.0,1,2,5.75,8,3,6,0,-1.0,24.7
1043,S0_normal,O020-04,18.0,1,2,5.75,8,4,6,0,-1.0,18.9
1043,S0_normal,O020-05,18.0,1,2,5.75,8,5,6,0,-1.0,15.0
1043,S0_normal,O020-06,18.0,1,2,5.75,8,6,6,0,-1.0,20.8
1043,S0_normal,O020-07,18.0,1,2,5.5,8,7,6,0,-1.0,20.5
1043,S0_normal,O021-01,18.0,1,2,3.5,7,1,8,0,-1.0,25.5
1043,S0_normal,O021-02,18.0,1,2,3.5,7,2,8,0,-1.0,13.0
1043,S0_normal,O022-01,13.0,1,3,4.75,7,1,8,0,-1.0,14.8
1043,S0_normal,O022-02,13.0,1,3,4.75,7,2,8,0,-1.0,12.4
1043,S0_normal,O022-03,13.0,1,3,4.75,7,3,8,0,-1.0,12.1
1043,S0_normal,O022-04,13.0,1,3,4.75,7,4,8,0,-1.0,14.4
1043,S0_normal,O023-01,18.0,1,2,6.0,7,1,8,0,-1.0,17.6
1043,S0_normal,O024-01,14.0,1,2,5.0,9,1,7,0,-1.0,11.9
1043,S0_normal,O024-02,14.0,1,2,5.0,9,2,7,0,-1.0,13.4
1043,S0_normal,O025-01,15.0,1,1,5.0,8,1,10,0,-1.0,16.5
1043,S0_normal,O025-02,15.0,1,1,5.0,8,2,10,0,-1.0,12.5
1043,S0_normal,O026-01,16.0,0,3,6.0,6,1,1,0,-1.0,20.4
1043,S0_normal,O027-01,16.0,1,1,5.0,8,1,6,0,-1.0,15.0
1043,S0_normal,O028-01,16.0,0,0,4.0,6,1,1,0,-1.0,16.5
1043,S0_normal,O029-01,15.0,0,3,4.0,11,1,4,0,-1.0,11.8
1043,S0_normal,O030-01,16.0,0,0,5.0,11,1,4,0,-1.0,16.4
1044,S5_pump_failure,O001-01,12.0,1,2,4.75,8,1,10,0,-1.0,10.4
1044,S5_pump_failure,O001-02,12.0,1,2,4.75,8,2,10,0,-1.0,11.6
1044,S5_pump_failure,O001-03,12.0,1,2,4.5,8,3,10,0,-1.0,12.7
1044,S5_pump_failure,O001-04,12.0,1,2,4.5,8,4,10,0,-1.0,12.9
1044,S5_pump_failure,O002-01,19.0,0,2,3.25,6,1,1,0,-1.0,22.3
1044,S5_pump_failure,O002-02,19.0,0,2,3.25,6,2,1,0,-1.0,16.3
1044,S5_pump_failure,O003-01,25.0,0,1,4.5,7,1,9,0,-1.0,22.7
1044,S5_pump_failure,O003-02,25.0,0,1,4.25,7,2,9,0,-1.0,26.6
1044,S5_pump_failure,O003-03,25.0,0,1,4.25,7,3,9,0,-1.0,23.1
1044,S5_pump_failure,O004-01,16.0,0,0,5.25,6,1,1,0,-1.0,19.5
1044,S5_pump_failure,O004-02,16.0,0,0,5.25,6,2,1,0,-1.0,17.5
1044,S5_pump_failure,O005-01,23.0,0,1,5.5,7,1,9,0,-1.0,19.6
1044,S5_pump_failure,O006-01,14.0,1,0,3.25,7,1,8,0,-1.0,16.1
1044,S5_pump_failure,O006-02,14.0,1,0,3.25,7,2,8,0,-1.0,17.9
1044,S5_pump_failure,O007-01,24.0,0,3,6.0,10,1,5,0,-1.0,20.7
1044,S5_pump_failure,O007-02,24.0,0,3,6.0,10,2,5,0,-1.0,30.0
1044,S5_pump_failure,O007-03,24.0,0,3,6.0,10,3,5,0,-1.0,27.1
1044,S5_pump_failure,O008-01,15.0,1,3,4.5,8,1,6,0,-1.0,13.6
1044,S5_pump_failure,O008-02,15.0,1,3,4.5,8,2,6,0,-1.0,13.1
1044,S5_pump_failure,O008-03,15.0,1,3,4.5,8,3,6,0,-1.0,14.4
1044,S5_pump_failure,O009-01,15.0,1,3,4.0,10,1,2,0,-1.0,14.0
1044,S5_pump_failure,O009-02,15.0,1,3,4.0,10,2,2,0,-1.0,14.3
1044,S5_pump_failure,O010-01,18.0,1,2,4.0,10,1,2,0,-1.0,15.1
1044,S5_pump_failure,O011-01,13.0,1,2,4.0,10,1,2,0,-1.0,11.3
1044,S5_pump_failure,O011-02,13.0,1,2,4.0,10,2,2,0,-1.0,13.8
1044,S5_pump_failure,O012-01,13.0,1,0,6.0,10,1,2,0,-1.0,13.8
1044,S5_pump_failure,O012-02,13.0,1,0,6.0,10,2,2,0,-1.0,15.1
1044,S5_pump_failure,O012-03,13.0,1,0,6.0,10,3,2,0,-1.0,15.0
1044,S5_pump_failure,O012-04,13.0,1,0,6.0,10,4,2,0,-1.0,13.2
1044,S5_pump_failure,O013-01,21.0,0,0,4.25,7,1,9,0,-1.0,18.3
1044,S5_pump_failure,O013-02,21.0,0,0,4.25,7,2,9,0,-1.0,18.9
1044,S5_pump_failure,O013-03,21.0,0,0,4.0,7,3,9,0,-1.0,26.4
1044,S5_pump_failure,O014-01,13.0,1,1,5.25,9,1,7,0,-1.0,14.2
1044,S5_pump_failure,O014-02,13.0,1,1,5.25,9,2,7,0,-1.0,12.8
1044,S5_pump_failure,O014-03,13.0,1,1,5.0,9,3,7,0,-1.0,12.4
1044,S5_pump_failure,O015-01,12.0,1,1,4.75,8,1,10,0,-1.0,12.8
1044,S5_pump_failure,O015-02,12.0,1,1,4.75,8,2,10,0,-1.0,15.9
1044,S5_pump_failure,O016-01,16.0,1,1,6.0,10,1,2,0,-1.0,18.4
1044,S5_pump_failure,O016-02,16.0,1,1,6.0,10,2,2,0,-1.0,15.9
1044,S5_pump_failure,O017-01,15.0,1,3,5.5,8,1,6,0,-1.0,14.0
1044,S5_pump_failure,O018-01,18.0,0,3,5.5,10,1,5,0,-1.0,18.5
1044,S5_pump_failure,O018-02,18.0,0,3,5.5,10,2,5,0,-1.0,15.1
1044,S5_pump_failure,O018-03,18.0,0,3,5.5,10,3,5,0,-1.0,17.9
1044,S5_pump_failure,O019-01,14.0,1,3,3.75,8,1,6,0,-1.0,16.0
1044,S5_pump_failure,O019-02,14.0,1,3,3.75,8,2,6,0,-1.0,13.9
1044,S5_pump_failure,O020-01,22.0,0,2,5.5,11,1,4,0,-1.0,16.4
1044,S5_pump_failure,O021-01,20.0,0,1,4.5,6,1,1,0,-1.0,18.7
1044,S5_pump_failure,O021-02,20.0,0,1,4.5,6,2,1,0,-1.0,18.1
1044,S5_pump_failure,O022-01,19.0,0,0,3.5,11,1,4,0,-1.0,18.6
1044,S5_pump_failure,O022-02,19.0,0,0,3.5,11,2,4,0,-1.0,21.8
1044,S5_pump_failure,O023-01,18.0,0,3,4.0,10,1,3,0,-1.0,18.8
1044,S5_pump_failure,O024-01,24.0,0,2,4.25,11,1,4,0,-1.0,24.8
1044,S5_pump_failure,O024-02,24.0,0,2,4.25,11,2,4,0,-1.0,24.2
1044,S5_pump_failure,O025-01,22.0,0,3,3.5,10,1,5,0,-1.0,22.2
1044,S5_pump_failure,O025-02,22.0,0,3,3.5,10,2,5,0,-1.0,21.2
1044,S5_pump_failure,O026-01,21.0,0,3,4.0,6,1,1,0,-1.0,22.6
1044,S5_pump_failure,O027-01,16.0,1,1,5.25,9,1,7,0,-1.0,15.3
1044,S5_pump_failure,O027-02,16.0,1,1,5.25,9,2,7,0,-1.0,18.0
1044,S5_pump_failure,O027-03,16.0,1,1,5.25,9,3,7,0,-1.0,19.8
1044,S5_pump_failure,O027-04,16.0,1,1,5.25,9,4,7,0,-1.0,14.5
1044,S5_pump_failure,O028-01,17.0,0,0,4.25,7,1,9,0,-1.0,13.8
1044,S5_pump_failure,O028-02,17.0,0,0,4.25,7,2,9,0,-1.0,16.9
1044,S5_pump_failure,O028-03,17.0,0,0,4.0,7,3,9,0,-1.0,15.5
1044,S5_pump_failure,O029-01,19.0,0,2,4.0,10,1,5,0,-1.0,20.0
1044,S5_pump_failure,O030-01,15.0,1,1,3.5,8,1,10,0,-1.0,19.3
1044,S5_pump_failure,O030-02,15.0,1,1,3.5,8,2,10,0,-1.0,14.1
1045,S2_peak_traffic,O001-01,14.0,1,0,3.25,8,1,6,0,-1.0,14.8
1045,S2_peak_traffic,O001-02,14.0,1,0,3.25,8,2,6,0,-1.0,15.0
1045,S2_peak_traffic,O002-01,16.0,1,1,5.5,9,1,7,0,-1.0,16.4
1045,S2_peak_traffic,O002-02,16.0,1,1,5.5,9,2,7,0,-1.0,15.2
1045,S2_peak_traffic,O003-01,13.0,1,3,4.5,9,1,7,0,-1.0,11.9
1045,S2_peak_traffic,O003-02,13.0,1,3,4.25,9,2,7,0,-1.0,12.2
1045,S2_peak_traffic,O003-03,13.0,1,3,4.25,9,3,7,0,-1.0,15.4
1045,S2_peak_traffic,O004-01,17.0,0,0,5.75,6,1,1,0,-1.0,14.2
1045,S2_peak_traffic,O004-02,17.0,0,0,5.75,6,2,1,0,-1.0,18.9
1045,S2_peak_traffic,O005-01,16.0,1,2,5.5,10,1,2,0,-1.0,14.3
1045,S2_peak_traffic,O005-02,16.0,1,2,5.5,10,2,2,0,-1.0,13.5
1045,S2_peak_traffic,O005-03,16.0,1,2,5.5,10,3,2,0,-1.0,20.0
1045,S2_peak_traffic,O005-04,16.0,1,2,5.5,10,4,2,0,-1.0,13.8
1045,S2_peak_traffic,O005-05,16.0,1,2,5.5,10,5,2,0,-1.0,16.9
1045,S2_peak_traffic,O006-01,24.0,0,0,5.0,10,1,3,0,-1.0,29.4
1045,S2_peak_traffic,O007-01,18.0,1,3,5.0,7,1,8,0,-1.0,16.7
1045,S2_peak_traffic,O007-02,18.0,1,3,5.0,7,2,8,0,-1.0,28.0
1045,S2_peak_traffic,O008-01,14.0,1,0,4.25,8,1,6,0,-1.0,11.2
1045,S2_peak_traffic,O008-02,14.0,1,0,4.25,8,2,6,0,-1.0,14.9
1045,S2_peak_traffic,O009-01,16.0,1,3,4.25,10,1,2,0,-1.0,12.7
1045,S2_peak_traffic,O009-02,16.0,1,3,4.25,10,2,2,0,-1.0,18.4
1045,S2_peak_traffic,O010-01,16.0,1,1,4.5,9,1,7,0,-1.0,17.0
1045,S2_peak_traffic,O010-02,16.0,1,1,4.5,9,2,7,0,-1.0,15.2
1045,S2_peak_traffic,O010-03,16.0,1,1,4.5,9,3,7,0,-1.0,12.1
1045,S2_peak_traffic,O011-01,22.0,0,0,5.75,11,1,4,0,-1.0,23.2
1045,S2_peak_traffic,O011-02,22.0,0,0,5.75,11,2,4,0,-1.0,26.5
1045,S2_peak_traffic,O011-03,22.0,0,0,5.5,11,3,4,0,-1.0,25.0
1045,S2_peak_traffic,O012-01,16.0,1,0,4.0,8,1,10,0,-1.0,11.6
1045,S2_peak_traffic,O013-01,17.0,1,1,5.25,9,1,7,0,-1.0,18.2
1045,S2_peak_traffic,O013-02,17.0,1,1,5.25,9,2,7,0,-1.0,16.4
1045,S2_peak_traffic,O013-03,17.0,1,1,5.0,9,3,7,0,-1.0,13.9
1045,S2_peak_traffic,O014-01,13.0,1,3,4.5,8,1,6,0,-1.0,9.1
1045,S2_peak_traffic,O015-01,23.0,0,3,3.25,11,1,4,0,-1.0,22.7
1045,S2_peak_traffic,O015-02,23.0,0,3,3.25,11,2,4,0,-1.0,20.3
1045,S2_peak_traffic,O016-01,13.0,1,1,4.25,7,1,8,0,-1.0,16.6
1045,S2_peak_traffic,O016-02,13.0,1,1,4.25,7,2,8,0,-1.0,14.0
1045,S2_peak_traffic,O017-01,20.0,0,1,4.0,7,1,9,0,-1.0,22.8
1045,S2_peak_traffic,O018-01,16.0,1,3,5.25,10,1,2,0,-1.0,15.1
1045,S2_peak_traffic,O018-02,16.0,1,3,5.25,10,2,2,0,-1.0,13.1
1045,S2_peak_traffic,O018-03,16.0,1,3,5.25,10,3,2,0,-1.0,19.3
1045,S2_peak_traffic,O018-04,16.0,1,3,5.25,10,4,2,0,-1.0,14.4
1045,S2_peak_traffic,O018-05,16.0,1,3,5.0,10,5,2,0,-1.0,19.5
1045,S2_peak_traffic,O019-01,20.0,0,2,4.5,10,1,5,0,-1.0,20.9
1045,S2_peak_traffic,O019-02,20.0,0,2,4.5,10,2,5,0,-1.0,15.0
1045,S2_peak_traffic,O020-01,13.0,1,1,5.0,7,1,8,0,-1.0,12.2
1045,S2_peak_traffic,O020-02,13.0,1,1,5.0,7,2,8,0,-1.0,13.6
1045,S2_peak_traffic,O021-01,20.0,0,2,3.75,7,1,9,0,-1.0,18.6
1045,S2_peak_traffic,O021-02,20.0,0,2,3.75,7,2,9,0,-1.0,21.6
1045,S2_peak_traffic,O022-01,18.0,0,0,5.0,10,1,5,0,-1.0,17.9
1045,S2_peak_traffic,O022-02,18.0,0,0,5.0,10,2,5,0,-1.0,15.7
1045,S2_peak_traffic,O023-01,19.0,0,0,6.0,7,1,9,0,-1.0,18.5
1045,S2_peak_traffic,O024-01,17.0,1,0,5.75,8,1,10,0,-1.0,16.3
1045,S2_peak_traffic,O024-02,17.0,1,0,5.75,8,2,10,0,-1.0,17.6
1045,S2_peak_traffic,O024-03,17.0,1,0,5.5,8,3,10,0,-1.0,17.8
1045,S2_peak_traffic,O025-01,15.0,0,3,5.5,10,1,3,0,-1.0,16.4
1045,S2_peak_traffic,O025-02,15.0,0,3,5.25,10,2,3,0,-1.0,14.4
1045,S2_peak_traffic,O025-03,15.0,0,3,5.25,10,3,3,0,-1.0,17.9
1045,S2_peak_traffic,O026-01,14.0,1,3,4.0,8,1,6,0,-1.0,17.1
1045,S2_peak_traffic,O027-01,16.0,1,3,4.5,9,1,7,0,-1.0,18.7
1045,S2_peak_traffic,O027-02,16.0,1,3,4.5,9,2,7,0,-1.0,16.1
1045,S2_peak_traffic,O027-03,16.0,1,3,4.5,9,3,7,0,-1.0,15.9
1045,S2_peak_traffic,O028-01,18.0,0,3,5.75,6,1,1,0,-1.0,19.2
1045,S2_peak_traffic,O028-02,18.0,0,3,5.75,6,2,1,0,-1.0,18.8
1045,S2_peak_traffic,O028-03,18.0,0,3,5.5,6,3,1,0,-1.0,14.6
1045,S2_peak_traffic,O029-01,18.0,1,2,5.5,8,1,6,0,-1.0,19.7
1045,S2_peak_traffic,O030-01,25.0,0,0,5.5,10,1,3,0,-1.0,24.3
1045,S2_peak_traffic,O030-02,25.0,0,0,5.5,10,2,3,0,-1.0,26.0
1046,S0_normal,O001-01,12.0,1,2,5.0,9,1,7,0,-1.0,16.2
1046,S0_normal,O002-01,16.0,1,1,5.5,8,1,10,0,-1.0,17.2
1046,S0_normal,O003-01,25.0,0,3,5.25,11,1,4,0,-1.0,17.3
1046,S0_normal,O003-02,25.0,0,3,5.25,11,2,4,0,-1.0,31.7
1046,S0_normal,O003-03,25.0,0,3,5.0,11,3,4,0,-1.0,28.4
1046,S0_normal,O003-04,25.0,0,3,5.0,11,4,4,0,-1.0,27.5
1046,S0_normal,O004-01,16.0,1,3,5.5,8,1,10,0,-1.0,16.7
1046,S0_normal,O004-02,16.0,1,3,5.25,8,2,10,0,-1.0,20.2
1046,S0_normal,O004-03,16.0,1,3,5.25,8,3,10,0,-1.0,16.9
1046,S0_normal,O005-01,21.0,0,2,4.0,7,1,9,0,-1.0,24.6
1046,S0_normal,O006-01,16.0,1,3,5.5,10,1,2,0,-1.0,16.4
1046,S0_normal,O007-01,15.0,1,0,4.0,9,1,7,0,-1.0,12.5
1046,S0_normal,O007-02,15.0,1,0,4.0,9,2,7,0,-1.0,13.8
1046,S0_normal,O008-01,25.0,0,3,5.5,10,1,5,0,-1.0,28.5
1046,S0_normal,O009-01,20.0,0,1,5.75,7,1,9,0,-1.0,21.0
1046,S0_normal,O009-02,20.0,0,1,5.75,7,2,9,0,-1.0,16.4
1046,S0_normal,O009-03,20.0,0,1,5.5,7,3,9,0,-1.0,17.5
1046,S0_normal,O009-04,20.0,0,1,5.5,7,4,9,0,-1.0,19.3
1046,S0_normal,O010-01,16.0,1,2,4.5,7,1,8,0,-1.0,12.8
1046,S0_normal,O010-02,16.0,1,2,4.25,7,2,8,0,-1.0,16.6
1046,S0_normal,O010-03,16.0,1,2,4.25,7,3,8,0,-1.0,17.4
1046,S0_normal,O011-01,14.0,1,3,4.75,8,1,6,0,-1.0,16.2
1046,S0_normal,O011-02,14.0,1,3,4.75,8,2,6,0,-1.0,14.9
1046,S0_normal,O011-03,14.0,1,3,4.5,8,3,6,0,-1.0,17.0
1046,S0_normal,O012-01,23.0,0,3,4.5,10,1,3,0,-1.0,29.7
1046,S0_normal,O012-02,23.0,0,3,4.5,10,2,3,0,-1.0,22.9
1046,S0_normal,O012-03,23.0,0,3,4.5,10,3,3,0,-1.0,24.2
1046,S0_normal,O013-01,16.0,1,1,6.0,8,1,10,0,-1.0,15.5
1046,S0_normal,O013-02,16.0,1,1,6.0,8,2,10,0,-1.0,17.6
1046,S0_normal,O014-01,20.0,0,1,4.25,10,1,5,0,-1.0,19.0
1046,S0_normal,O014-02,20.0,0,1,4.25,10,2,5,0,-1.0,17.5
1046,S0_normal,O014-03,20.0,0,1,4.0,10,3,5,0,-1.0,16.8
1046,S0_normal,O015-01,16.0,1,0,5.5,9,1,7,0,-1.0,14.7
1046,S0_normal,O015-02,16.0,1,0,5.5,9,2,7,0,-1.0,15.0
1046,S0_normal,O016-01,14.0,1,0,5.75,8,1,10,0,-1.0,13.8
1046,S0_normal,O016-02,14.0,1,0,5.75,8,2,10,0,-1.0,12.3
1046,S0_normal,O016-03,14.0,1,0,5.75,8,3,10,0,-1.0,13.6
1046,S0_normal,O016-04,14.0,1,0,5.75,8,4,10,0,-1.0,17.1
1046,S0_normal,O016-05,14.0,1,0,5.75,8,5,10,0,-1.0,14.9
1046,S0_normal,O016-06,14.0,1,0,5.75,8,6,10,0,-1.0,13.5
1046,S0_normal,O016-07,14.0,1,0,5.5,8,7,10,0,-1.0,14.9
1046,S0_normal,O017-01,19.0,0,2,5.25,10,1,3,0,-1.0,16.9
1046,S0_normal,O017-02,19.0,0,2,5.25,10,2,3,0,-1.0,17.8
1046,S0_normal,O017-03,19.0,0,2,5.0,10,3,3,0,-1.0,17.3
1046,S0_normal,O017-04,19.0,0,2,5.0,10,4,3,0,-1.0,18.7
1046,S0_normal,O018-01,16.0,1,0,6.0,9,1,7,0,-1.0,16.3
1046,S0_normal,O018-02,16.0,1,0,6.0,9,2,7,0,-1.0,17.7
1046,S0_normal,O018-03,16.0,1,0,6.0,9,3,7,0,-1.0,17.6
1046,S0_normal,O019-01,16.0,1,1,6.0,7,1,8,0,-1.0,21.6
1046,S0_normal,O020-01,19.0,0,1,5.5,6,1,1,0,-1.0,17.8
1046,S0_normal,O021-01,12.0,1,0,5.5,9,1,7,0,-1.0,8.8
1046,S0_normal,O021-02,12.0,1,0,5.5,9,2,7,0,-1.0,9.7
1046,S0_normal,O021-03,12.0,1,0,5.5,9,3,7,0,-1.0,7.9
1046,S0_normal,O021-04,12.0,1,0,5.5,9,4,7,0,-1.0,14.0
1046,S0_normal,O022-01,13.0,1,0,4.25,8,1,6,0,-1.0,13.8
1046,S0_normal,O022-02,13.0,1,0,4.25,8,2,6,0,-1.0,15.6
1046,S0_normal,O023-01,12.0,1,2,4.25,8,1,6,0,-1.0,9.4
1046,S0_normal,O023-02,12.0,1,2,4.25,8,2,6,0,-1.0,10.3
1046,S0_normal,O024-01,22.0,0,0,4.0,11,1,4,0,-1.0,25.4
1046,S0_normal,O024-02,22.0,0,0,4.0,11,2,4,0,-1.0,18.6
1046,S0_normal,O025-01,16.0,1,0,5.25,10,1,2,0,-1.0,15.8
1046,S0_normal,O025-02,16.0,1,0,5.25,10,2,2,0,-1.0,18.5
1046,S0_normal,O026-01,21.0,0,2,4.0,7,1,9,0,-1.0,26.7
1046,S0_normal,O027-01,15.0,1,3,5.75,10,1,2,0,-1.0,14.3
1046,S0_normal,O027-02,15.0,1,3,5.75,10,2,2,0,-1.0,19.3
1046,S0_normal,O027-03,15.0,1,3,5.5,10,3,2,0,-1.0,14.1
1046,S0_normal,O027-04,15.0,1,3,5.5,10,4,2,0,-1.0,11.5
1046,S0_normal,O027-05,15.0,1,3,5.5,10,5,2,0,-1.0,22.4
1046,S0_normal,O027-06,15.0,1,3,5.5,10,6,2,0,-1.0,16.8
1046,S0_normal,O028-01,12.0,1,1,5.25,8,1,10,0,-1.0,18.1
1046,S0_normal,O028-02,12.0,1,1,5.25,8,2,10,0,-1.0,17.0
1046,S0_normal,O029-01,13.0,1,0,5.5,8,1,10,0,-1.0,13.1
1046,S0_normal,O029-02,13.0,1,0,5.5,8,2,10,0,-1.0,10.6
1046,S0_normal,O030-01,18.0,0,3,5.5,7,1,9,0,-1.0,19.5
1047,S7_mixed_disruption,O001-01,13.0,1,2,5.0,8,1,6,0,-1.0,15.9
1047,S7_mixed_disruption,O001-02,13.0,1,2,4.75,8,2,6,0,-1.0,9.8
1047,S7_mixed_disruption,O001-03,13.0,1,2,4.75,8,3,6,0,-1.0,12.6
1047,S7_mixed_disruption,O002-01,16.0,1,3,4.75,10,1,2,0,-1.0,19.5
1047,S7_mixed_disruption,O002-02,16.0,1,3,4.75,10,2,2,0,-1.0,16.7
1047,S7_mixed_disruption,O002-03,16.0,1,3,4.5,10,3,2,0,-1.0,16.9
1047,S7_mixed_disruption,O003-01,14.0,1,1,4.5,8,1,10,0,-1.0,12.8
1047,S7_mixed_disruption,O003-02,14.0,1,1,4.5,8,2,10,0,-1.0,11.5
1047,S7_mixed_disruption,O003-03,14.0,1,1,4.5,8,3,10,0,-1.0,11.4
1047,S7_mixed_disruption,O004-01,12.0,1,1,4.25,8,1,6,0,-1.0,14.7
1047,S7_mixed_disruption,O004-02,12.0,1,1,4.25,8,2,6,0,-1.0,10.8
1047,S7_mixed_disruption,O004-03,12.0,1,1,4.0,8,3,6,0,-1.0,13.1
1047,S7_mixed_disruption,O005-01,14.0,1,0,3.25,9,1,7,0,-1.0,13.7
1047,S7_mixed_disruption,O005-02,14.0,1,0,3.25,9,2,7,0,-1.0,13.3
1047,S7_mixed_disruption,O006-01,15.0,1,1,6.0,8,1,6,0,-1.0,15.0
1047,S7_mixed_disruption,O006-02,15.0,1,1,6.0,8,2,6,0,-1.0,13.7
1047,S7_mixed_disruption,O007-01,17.0,0,0,6.0,10,1,5,0,-1.0,17.6
1047,S7_mixed_disruption,O007-02,17.0,0,0,6.0,10,2,5,0,-1.0,18.3
1047,S7_mixed_disruption,O008-01,20.0,0,3,4.5,10,1,5,0,-1.0,20.0
1047,S7_mixed_disruption,O009-01,17.0,1,1,3.25,8,1,10,0,-1.0,17.7
1047,S7_mixed_disruption,O009-02,17.0,1,1,3.25,8,2,10,0,-1.0,21.6
1047,S7_mixed_disruption,O010-01,20.0,0,0,5.25,6,1,1,0,-1.0,17.7
1047,S7_mixed_disruption,O010-02,20.0,0,0,5.25,6,2,1,0,-1.0,21.7
1047,S7_mixed_disruption,O011-01,18.0,1,3,6.0,7,1,8,0,-1.0,21.3
1047,S7_mixed_disruption,O012-01,14.0,1,0,3.25,8,1,6,0,-1.0,13.8
1047,S7_mixed_disruption,O012-02,14.0,1,0,3.25,8,2,6,0,-1.0,14.6
1047,S7_mixed_disruption,O013-01,13.0,1,2,4.0,8,1,10,0,-1.0,14.9
1047,S7_mixed_disruption,O014-01,18.0,0,2,4.5,7,1,9,0,-1.0,18.3
1047,S7_mixed_disruption,O015-01,18.0,0,1,5.25,7,1,9,0,-1.0,18.2
1047,S7_mixed_disruption,O015-02,18.0,0,1,5.25,7,2,9,0,-1.0,17.8
1047,S7_mixed_disruption,O015-03,18.0,0,1,5.0,7,3,9,0,-1.0,16.6
1047,S7_mixed_disruption,O016-01,22.0,0,3,4.75,6,1,1,0,-1.0,22.0
1047,S7_mixed_disruption,O016-02,22.0,0,3,4.75,6,2,1,0,-1.0,19.2
1047,S7_mixed_disruption,O016-03,22.0,0,3,4.5,6,3,1,0,-1.0,24.2
1047,S7_mixed_disruption,O016-04,22.0,0,3,4.5,6,4,1,0,-1.0,24.5
1047,S7_mixed_disruption,O017-01,15.0,0,3,5.0,10,1,3,0,-1.0,17.7
1047,S7_mixed_disruption,O017-02,15.0,0,3,4.75,10,2,3,0,-1.0,13.8
1047,S7_mixed_disruption,O017-03,15.0,0,3,4.75,10,3,3,0,-1.0,16.1
1047,S7_mixed_disruption,O018-01,21.0,0,3,5.75,6,1,1,0,-1.0,20.7
1047,S7_mixed_disruption,O018-02,21.0,0,3,5.75,6,2,1,0,-1.0,23.0
1047,S7_mixed_disruption,O019-01,19.0,0,1,5.0,11,1,4,0,-1.0,20.4
1047,S7_mixed_disruption,O020-01,15.0,0,2,4.5,7,1,9,0,-1.0,16.8
1047,S7_mixed_disruption,O020-02,15.0,0,2,4.5,7,2,9,0,-1.0,12.8
1047,S7_mixed_disruption,O021-01,12.0,1,0,3.5,8,1,6,0,-1.0,12.9
1047,S7_mixed_disruption,O021-02,12.0,1,0,3.5,8,2,6,0,-1.0,12.6
1047,S7_mixed_disruption,O022-01,16.0,1,1,4.25,7,1,8,0,-1.0,18.6
1047,S7_mixed_disruption,O022-02,16.0,1,1,4.25,7,2,8,0,-1.0,18.5
1047,S7_mixed_disruption,O023-01,18.0,1,1,6.0,7,1,8,0,-1.0,17.4
1047,S7_mixed_disruption,O023-02,18.0,1,1,6.0,7,2,8,0,-1.0,13.0
1047,S7_mixed_disruption,O024-01,18.0,1,2,4.75,8,1,6,0,-1.0,17.9
1047,S7_mixed_disruption,O024-02,18.0,1,2,4.75,8,2,6,0,-1.0,18.8
1047,S7_mixed_disruption,O025-01,12.0,1,0,4.0,9,1,7,0,-1.0,12.1
1047,S7_mixed_disruption,O026-01,16.0,1,3,5.25,8,1,10,0,-1.0,16.5
1047,S7_mixed_disruption,O026-02,16.0,1,3,5.25,8,2,10,0,-1.0,15.8
1047,S7_mixed_disruption,O026-03,16.0,1,3,5.25,8,3,10,0,-1.0,16.7
1047,S7_mixed_disruption,O026-04,16.0,1,3,5.25,8,4,10,0,-1.0,13.2
1047,S7_mixed_disruption,O027-01,20.0,0,2,4.5,10,1,3,0,-1.0,22.8
1047,S7_mixed_disruption,O028-01,15.0,1,3,4.75,8,1,10,0,-1.0,13.8
1047,S7_mixed_disruption,O028-02,15.0,1,3,4.75,8,2,10,0,-1.0,14.4
1047,S7_mixed_disruption,O028-03,15.0,1,3,4.5,8,3,10,0,-1.0,14.9
1047,S7_mixed_disruption,O029-01,16.0,1,3,4.5,9,1,7,0,-1.0,14.4
1047,S7_mixed_disruption,O030-01,15.0,1,2,5.0,8,1,6,0,-1.0,13.6
1047,S7_mixed_disruption,O030-02,15.0,1,2,5.0,8,2,6,0,-1.0,14.7
1047,S7_mixed_disruption,O030-03,15.0,1,2,5.0,8,3,6,0,-1.0,17.4
1048,S0_normal,O001-01,13.0,1,0,4.0,8,1,6,0,-1.0,12.5
1048,S0_normal,O002-01,20.0,0,3,4.0,6,1,1,0,-1.0,21.5
1048,S0_normal,O003-01,15.0,1,2,4.25,7,1,8,0,-1.0,12.4
1048,S0_normal,O003-02,15.0,1,2,4.25,7,2,8,0,-1.0,15.4
1048,S0_normal,O004-01,18.0,0,1,5.0,6,1,1,0,-1.0,19.2
1048,S0_normal,O005-01,15.0,1,2,5.0,8,1,10,0,-1.0,14.5
1048,S0_normal,O005-02,15.0,1,2,5.0,8,2,10,0,-1.0,15.8
1048,S0_normal,O005-03,15.0,1,2,4.75,8,3,10,0,-1.0,17.6
1048,S0_normal,O005-04,15.0,1,2,4.75,8,4,10,0,-1.0,16.8
1048,S0_normal,O006-01,24.0,0,1,5.25,10,1,3,0,-1.0,24.6
1048,S0_normal,O006-02,24.0,0,1,5.25,10,2,3,0,-1.0,20.8
1048,S0_normal,O007-01,16.0,0,0,4.0,7,1,9,0,-1.0,14.0
1048,S0_normal,O007-02,16.0,0,0,4.0,7,2,9,0,-1.0,20.7
1048,S0_normal,O008-01,16.0,0,3,5.5,11,1,4,0,-1.0,17.0
1048,S0_normal,O008-02,16.0,0,3,5.5,11,2,4,0,-1.0,16.5
1048,S0_normal,O009-01,16.0,1,2,3.25,10,1,2,0,-1.0,19.7
1048,S0_normal,O009-02,16.0,1,2,3.25,10,2,2,0,-1.0,17.6
1048,S0_normal,O010-01,15.0,1,0,4.0,10,1,2,0,-1.0,12.3
1048,S0_normal,O011-01,23.0,0,1,4.0,7,1,9,0,-1.0,16.9
1048,S0_normal,O012-01,14.0,1,2,5.0,8,1,6,0,-1.0,12.3
1048,S0_normal,O013-01,13.0,1,0,6.0,8,1,6,0,-1.0,11.4
1048,S0_normal,O014-01,14.0,1,2,5.75,9,1,7,0,-1.0,10.8
1048,S0_normal,O014-02,14.0,1,2,5.75,9,2,7,0,-1.0,11.2
1048,S0_normal,O014-03,14.0,1,2,5.5,9,3,7,0,-1.0,15.0
1048,S0_normal,O014-04,14.0,1,2,5.5,9,4,7,0,-1.0,12.4
1048,S0_normal,O014-05,14.0,1,2,5.5,9,5,7,0,-1.0,12.9
1048,S0_normal,O015-01,17.0,1,3,5.25,7,1,8,0,-1.0,17.2
1048,S0_normal,O015-02,17.0,1,3,5.25,7,2,8,0,-1.0,27.6
1048,S0_normal,O016-01,17.0,0,0,5.0,11,1,4,0,-1.0,15.2
1048,S0_normal,O017-01,15.0,0,1,4.0,10,1,3,0,-1.0,18.8
1048,S0_normal,O017-02,15.0,0,1,4.0,10,2,3,0,-1.0,14.5
1048,S0_normal,O018-01,17.0,0,0,3.5,6,1,1,0,-1.0,21.5
1048,S0_normal,O018-02,17.0,0,0,3.5,6,2,1,0,-1.0,17.4
1048,S0_normal,O019-01,16.0,1,3,3.25,8,1,10,0,-1.0,18.7
1048,S0_normal,O019-02,16.0,1,3,3.25,8,2,10,0,-1.0,15.7
1048,S0_normal,O020-01,15.0,1,3,5.5,7,1,8,0,-1.0,12.2
1048,S0_normal,O020-02,15.0,1,3,5.25,7,2,8,0,-1.0,13.3
1048,S0_normal,O020-03,15.0,1,3,5.25,7,3,8,0,-1.0,12.8
1048,S0_normal,O020-04,15.0,1,3,5.25,7,4,8,0,-1.0,15.1
1048,S0_normal,O020-05,15.0,1,3,5.25,7,5,8,0,-1.0,17.4
1048,S0_normal,O021-01,14.0,1,0,4.75,10,1,2,0,-1.0,15.5
1048,S0_normal,O021-02,14.0,1,0,4.75,10,2,2,0,-1.0,15.5
1048,S0_normal,O022-01,24.0,0,3,5.75,7,1,9,0,-1.0,20.9
1048,S0_normal,O022-02,24.0,0,3,5.75,7,2,9,0,-1.0,32.1
1048,S0_normal,O023-01,18.0,0,2,5.0,10,1,5,0,-1.0,18.7
1048,S0_normal,O023-02,18.0,0,2,5.0,10,2,5,0,-1.0,13.7
1048,S0_normal,O024-01,20.0,0,0,4.25,11,1,4,0,-1.0,20.7
1048,S0_normal,O024-02,20.0,0,0,4.25,11,2,4,0,-1.0,24.3
1048,S0_normal,O025-01,24.0,0,1,4.75,6,1,1,0,-1.0,17.9
1048,S0_normal,O025-02,24.0,0,1,4.75,6,2,1,0,-1.0,22.9
1048,S0_normal,O025-03,24.0,0,1,4.5,6,3,1,0,-1.0,24.2
1048,S0_normal,O026-01,17.0,0,0,5.0,6,1,1,0,-1.0,18.0
1048,S0_normal,O027-01,22.0,0,3,4.25,10,1,5,0,-1.0,24.0
1048,S0_normal,O027-02,22.0,0,3,4.25,10,2,5,0,-1.0,19.8
1048,S0_normal,O028-01,22.0,0,1,4.25,10,1,5,0,-1.0,20.3
1048,S0_normal,O028-02,22.0,0,1,4.25,10,2,5,0,-1.0,20.6
1048,S0_normal,O029-01,18.0,1,3,3.25,8,1,6,0,-1.0,15.3
1048,S0_normal,O029-02,18.0,1,3,3.25,8,2,6,0,-1.0,16.4
1048,S0_normal,O030-01,18.0,1,0,4.0,8,1,10,0,-1.0,15.5
1049,S5_pump_failure,O001-01,16.0,1,2,3.25,10,1,2,0,-1.0,16.1
1049,S5_pump_failure,O001-02,16.0,1,2,3.25,10,2,2,0,-1.0,15.1
1049,S5_pump_failure,O002-01,22.0,0,2,3.5,6,1,1,0,-1.0,21.9
1049,S5_pump_failure,O002-02,22.0,0,2,3.5,6,2,1,0,-1.0,19.9
1049,S5_pump_failure,O003-01,17.0,0,2,4.0,10,1,5,0,-1.0,20.9
1049,S5_pump_failure,O003-02,17.0,0,2,4.0,10,2,5,0,-1.0,16.5
1049,S5_pump_failure,O004-01,24.0,0,1,5.25,7,1,9,0,-1.0,30.5
1049,S5_pump_failure,O004-02,24.0,0,1,5.25,7,2,9,0,-1.0,21.7
1049,S5_pump_failure,O004-03,24.0,0,1,5.25,7,3,9,0,-1.0,24.4
1049,S5_pump_failure,O004-04,24.0,0,1,5.25,7,4,9,0,-1.0,24.8
1049,S5_pump_failure,O004-05,24.0,0,1,5.25,7,5,9,0,-1.0,22.6
1049,S5_pump_failure,O004-06,24.0,0,1,5.25,7,6,9,0,-1.0,27.1
1049,S5_pump_failure,O005-01,13.0,1,0,4.5,9,1,7,0,-1.0,13.1
1049,S5_pump_failure,O005-02,13.0,1,0,4.5,9,2,7,0,-1.0,12.1
1049,S5_pump_failure,O006-01,19.0,0,2,4.5,10,1,5,0,-1.0,19.2
1049,S5_pump_failure,O007-01,14.0,1,0,5.0,8,1,10,0,-1.0,10.2
1049,S5_pump_failure,O007-02,14.0,1,0,5.0,8,2,10,0,-1.0,13.5
1049,S5_pump_failure,O007-03,14.0,1,0,5.0,8,3,10,0,-1.0,14.0
1049,S5_pump_failure,O008-01,18.0,0,3,5.0,11,1,4,0,-1.0,15.4
1049,S5_pump_failure,O009-01,22.0,0,2,6.0,11,1,4,0,-1.0,18.2
1049,S5_pump_failure,O009-02,22.0,0,2,6.0,11,2,4,0,-1.0,22.9
1049,S5_pump_failure,O009-03,22.0,0,2,6.0,11,3,4,0,-1.0,25.8
1049,S5_pump_failure,O009-04,22.0,0,2,6.0,11,4,4,0,-1.0,24.0
1049,S5_pump_failure,O009-05,22.0,0,2,6.0,11,5,4,0,-1.0,23.8
1049,S5_pump_failure,O010-01,25.0,0,2,4.0,10,1,3,0,-1.0,30.2
1049,S5_pump_failure,O010-02,25.0,0,2,4.0,10,2,3,0,-1.0,20.8
1049,S5_pump_failure,O011-01,19.0,0,2,5.0,7,1,9,0,-1.0,20.2
1049,S5_pump_failure,O012-01,16.0,1,2,3.25,7,1,8,0,-1.0,17.4
1049,S5_pump_failure,O012-02,16.0,1,2,3.25,7,2,8,0,-1.0,16.6
1049,S5_pump_failure,O013-01,16.0,1,0,6.0,10,1,2,0,-1.0,19.5
1049,S5_pump_failure,O013-02,16.0,1,0,6.0,10,2,2,0,-1.0,17.5
1049,S5_pump_failure,O013-03,16.0,1,0,5.75,10,3,2,0,-1.0,13.8
1049,S5_pump_failure,O013-04,16.0,1,0,5.75,10,4,2,0,-1.0,18.2
1049,S5_pump_failure,O014-01,18.0,1,1,5.25,8,1,6,0,-1.0,16.5
1049,S5_pump_failure,O014-02,18.0,1,1,5.25,8,2,6,0,-1.0,14.2
1049,S5_pump_failure,O014-03,18.0,1,1,5.0,8,3,6,0,-1.0,18.9
1049,S5_pump_failure,O015-01,23.0,0,2,5.25,6,1,1,0,-1.0,24.7
1049,S5_pump_failure,O015-02,23.0,0,2,5.25,6,2,1,0,-1.0,21.8
1049,S5_pump_failure,O016-01,17.0,0,2,4.0,10,1,5,0,-1.0,16.9
1049,S5_pump_failure,O016-02,17.0,0,2,4.0,10,2,5,0,-1.0,16.1
1049,S5_pump_failure,O017-01,14.0,1,1,6.0,7,1,8,0,-1.0,17.7
1049,S5_pump_failure,O018-01,14.0,1,1,4.5,8,1,6,0,-1.0,16.3
1049,S5_pump_failure,O018-02,14.0,1,1,4.5,8,2,6,0,-1.0,12.8
1049,S5_pump_failure,O018-03,14.0,1,1,4.5,8,3,6,0,-1.0,16.6
1049,S5_pump_failure,O019-01,16.0,1,0,6.0,9,1,7,0,-1.0,14.0
1049,S5_pump_failure,O020-01,16.0,0,0,5.5,6,1,1,0,-1.0,19.2
1049,S5_pump_failure,O020-02,16.0,0,0,5.25,6,2,1,0,-1.0,13.2
1049,S5_pump_failure,O020-03,16.0,0,0,5.25,6,3,1,0,-1.0,14.2
1049,S5_pump_failure,O021-01,18.0,0,3,5.75,10,1,3,0,-1.0,17.0
1049,S5_pump_failure,O021-02,18.0,0,3,5.75,10,2,3,0,-1.0,13.6
1049,S5_pump_failure,O022-01,18.0,1,3,3.75,8,1,6,0,-1.0,20.7
1049,S5_pump_failure,O022-02,18.0,1,3,3.75,8,2,6,0,-1.0,14.7
1049,S5_pump_failure,O023-01,16.0,1,3,4.75,9,1,7,0,-1.0,17.4
1049,S5_pump_failure,O023-02,16.0,1,3,4.75,9,2,7,0,-1.0,17.3
1049,S5_pump_failure,O024-01,17.0,0,0,4.25,10,1,5,0,-1.0,13.8
1049,S5_pump_failure,O024-02,17.0,0,0,4.25,10,2,5,0,-1.0,12.7
1049,S5_pump_failure,O024-03,17.0,0,0,4.0,10,3,5,0,-1.0,15.7
1049,S5_pump_failure,O025-01,18.0,0,0,5.5,10,1,3,0,-1.0,15.0
1049,S5_pump_failure,O026-01,17.0,1,0,3.25,7,1,8,0,-1.0,15.0
1049,S5_pump_failure,O026-02,17.0,1,0,3.25,7,2,8,0,-1.0,19.4
1049,S5_pump_failure,O027-01,25.0,0,1,5.0,6,1,1,0,-1.0,20.4
1049,S5_pump_failure,O027-02,25.0,0,1,5.0,6,2,1,0,-1.0,29.4
1049,S5_pump_failure,O027-03,25.0,0,1,5.0,6,3,1,0,-1.0,34.8
1049,S5_pump_failure,O027-04,25.0,0,1,5.0,6,4,1,0,-1.0,34.9
1049,S5_pump_failure,O028-01,13.0,1,0,5.25,8,1,10,0,-1.0,12.6
1049,S5_pump_failure,O028-02,13.0,1,0,5.25,8,2,10,0,-1.0,9.3
1049,S5_pump_failure,O029-01,23.0,0,1,5.0,11,1,4,0,-1.0,30.1
1049,S5_pump_failure,O029-02,23.0,0,1,4.75,11,2,4,0,-1.0,24.9
1049,S5_pump_failure,O029-03,23.0,0,1,4.75,11,3,4,0,-1.0,21.8
1049,S5_pump_failure,O030-01,16.0,1,0,4.75,10,1,2,0,-1.0,13.9
1049,S5_pump_failure,O030-02,16.0,1,0,4.75,10,2,2,0,-1.0,20.6
1049,S5_pump_failure,O030-03,16.0,1,0,4.75,10,3,2,0,-1.0,23.2
1049,S5_pump_failure,O030-04,16.0,1,0,4.75,10,4,2,0,-1.0,15.0
1050,S7_mixed_disruption,O001-01,15.0,1,1,5.25,8,1,6,0,-1.0,18.2
1050,S7_mixed_disruption,O001-02,15.0,1,1,5.25,8,2,6,0,-1.0,13.5
1050,S7_mixed_disruption,O002-01,15.0,0,3,4.0,7,1,9,0,-1.0,16.5
1050,S7_mixed_disruption,O003-01,20.0,0,3,3.75,11,1,4,0,-1.0,20.1
1050,S7_mixed_disruption,O003-02,20.0,0,3,3.75,11,2,4,0,-1.0,18.2
1050,S7_mixed_disruption,O004-01,22.0,0,1,4.75,10,1,3,0,-1.0,28.4
1050,S7_mixed_disruption,O004-02,22.0,0,1,4.75,10,2,3,0,-1.0,20.2
1050,S7_mixed_disruption,O005-01,16.0,1,2,4.5,8,1,6,0,-1.0,19.2
1050,S7_mixed_disruption,O006-01,17.0,0,1,5.75,10,1,5,0,-1.0,18.3
1050,S7_mixed_disruption,O006-02,17.0,0,1,5.75,10,2,5,0,-1.0,20.3
1050,S7_mixed_disruption,O006-03,17.0,0,1,5.5,10,3,5,0,-1.0,16.8
1050,S7_mixed_disruption,O007-01,24.0,0,1,4.25,10,1,5,0,-1.0,25.1
1050,S7_mixed_disruption,O007-02,24.0,0,1,4.25,10,2,5,0,-1.0,18.2
1050,S7_mixed_disruption,O008-01,17.0,1,1,5.0,8,1,6,0,-1.0,19.5
1050,S7_mixed_disruption,O009-01,15.0,1,2,4.0,8,1,10,0,-1.0,17.5
1050,S7_mixed_disruption,O009-02,15.0,1,2,4.0,8,2,10,0,-1.0,12.8
1050,S7_mixed_disruption,O010-01,24.0,0,3,4.5,10,1,3,0,-1.0,25.3
1050,S7_mixed_disruption,O011-01,15.0,1,3,4.5,8,1,10,0,-1.0,15.1
1050,S7_mixed_disruption,O012-01,15.0,0,1,5.25,7,1,9,0,-1.0,17.2
1050,S7_mixed_disruption,O012-02,15.0,0,1,5.25,7,2,9,0,-1.0,16.8
1050,S7_mixed_disruption,O012-03,15.0,0,1,5.0,7,3,9,0,-1.0,14.5
1050,S7_mixed_disruption,O012-04,15.0,0,1,5.0,7,4,9,0,-1.0,13.4
1050,S7_mixed_disruption,O012-05,15.0,0,1,5.0,7,5,9,0,-1.0,14.6
1050,S7_mixed_disruption,O013-01,18.0,0,3,4.5,6,1,1,0,-1.0,16.4
1050,S7_mixed_disruption,O013-02,18.0,0,3,4.5,6,2,1,0,-1.0,21.7
1050,S7_mixed_disruption,O014-01,12.0,1,0,5.0,9,1,7,0,-1.0,10.8
1050,S7_mixed_disruption,O015-01,15.0,1,2,5.0,7,1,8,0,-1.0,12.0
1050,S7_mixed_disruption,O015-02,15.0,1,2,5.0,7,2,8,0,-1.0,14.0
1050,S7_mixed_disruption,O015-03,15.0,1,2,5.0,7,3,8,0,-1.0,18.1
1050,S7_mixed_disruption,O015-04,15.0,1,2,5.0,7,4,8,0,-1.0,15.8
1050,S7_mixed_disruption,O015-05,15.0,1,2,5.0,7,5,8,0,-1.0,18.6
1050,S7_mixed_disruption,O016-01,18.0,1,0,6.0,8,1,6,0,-1.0,16.0
1050,S7_mixed_disruption,O016-02,18.0,1,0,6.0,8,2,6,0,-1.0,17.4
1050,S7_mixed_disruption,O016-03,18.0,1,0,6.0,8,3,6,0,-1.0,23.2
1050,S7_mixed_disruption,O017-01,16.0,1,3,4.25,8,1,6,0,-1.0,17.3
1050,S7_mixed_disruption,O017-02,16.0,1,3,4.25,8,2,6,0,-1.0,15.3
1050,S7_mixed_disruption,O017-03,16.0,1,3,4.0,8,3,6,0,-1.0,12.8
1050,S7_mixed_disruption,O018-01,17.0,1,2,4.75,9,1,7,0,-1.0,17.6
1050,S7_mixed_disruption,O018-02,17.0,1,2,4.75,9,2,7,0,-1.0,17.8
1050,S7_mixed_disruption,O019-01,20.0,0,2,5.75,7,1,9,0,-1.0,22.4
1050,S7_mixed_disruption,O019-02,20.0,0,2,5.75,7,2,9,0,-1.0,18.6
1050,S7_mixed_disruption,O020-01,25.0,0,0,4.0,11,1,4,0,-1.0,25.4
1050,S7_mixed_disruption,O021-01,13.0,1,0,5.75,10,1,2,0,-1.0,12.4
1050,S7_mixed_disruption,O021-02,13.0,1,0,5.75,10,2,2,0,-1.0,13.6
1050,S7_mixed_disruption,O022-01,15.0,1,2,3.25,7,1,8,0,-1.0,18.2
1050,S7_mixed_disruption,O022-02,15.0,1,2,3.25,7,2,8,0,-1.0,19.9
1050,S7_mixed_disruption,O023-01,15.0,0,1,4.0,10,1,3,0,-1.0,17.0
1050,S7_mixed_disruption,O024-01,19.0,0,0,3.75,11,1,4,0,-1.0,17.4
1050,S7_mixed_disruption,O024-02,19.0,0,0,3.75,11,2,4,0,-1.0,22.1
1050,S7_mixed_disruption,O025-01,21.0,0,0,3.75,11,1,4,0,-1.0,24.4
1050,S7_mixed_disruption,O025-02,21.0,0,0,3.75,11,2,4,0,-1.0,20.2
1050,S7_mixed_disruption,O026-01,18.0,1,0,5.25,10,1,2,0,-1.0,16.7
1050,S7_mixed_disruption,O026-02,18.0,1,0,5.25,10,2,2,0,-1.0,22.6
1050,S7_mixed_disruption,O026-03,18.0,1,0,5.25,10,3,2,0,-1.0,16.5
1050,S7_mixed_disruption,O026-04,18.0,1,0,5.25,10,4,2,0,-1.0,20.2
1050,S7_mixed_disruption,O026-05,18.0,1,0,5.25,10,5,2,0,-1.0,16.3
1050,S7_mixed_disruption,O026-06,18.0,1,0,5.25,10,6,2,0,-1.0,16.2
1050,S7_mixed_disruption,O026-07,18.0,1,0,5.0,10,7,2,0,-1.0,21.6
1050,S7_mixed_disruption,O027-01,16.0,0,3,5.0,6,1,1,0,-1.0,17.4
1050,S7_mixed_disruption,O027-02,16.0,0,3,5.0,6,2,1,0,-1.0,21.1
1050,S7_mixed_disruption,O027-03,16.0,0,3,4.75,6,3,1,0,-1.0,14.5
1050,S7_mixed_disruption,O027-04,16.0,0,3,4.75,6,4,1,0,-1.0,13.4
1050,S7_mixed_disruption,O028-01,17.0,0,0,4.75,6,1,1,0,-1.0,22.7
1050,S7_mixed_disruption,O028-02,17.0,0,0,4.75,6,2,1,0,-1.0,21.9
1050,S7_mixed_disruption,O029-01,15.0,0,1,4.0,11,1,4,0,-1.0,10.8
1050,S7_mixed_disruption,O029-02,15.0,0,1,4.0,11,2,4,0,-1.0,17.3
1050,S7_mixed_disruption,O030-01,19.0,0,3,5.75,7,1,9,0,-1.0,22.5
1050,S7_mixed_disruption,O030-02,19.0,0,3,5.75,7,2,9,0,-1.0,23.9
1050,S7_mixed_disruption,O030-03,19.0,0,3,5.5,7,3,9,0,-1.0,17.0
1050,S7_mixed_disruption,O030-04,19.0,0,3,5.5,7,4,9,0,-1.0,22.4
1050,S7_mixed_disruption,O030-05,19.0,0,3,5.5,7,5,9,0,-1.0,17.9
1051,S1_light_traffic,O001-01,16.0,1,0,4.25,8,1,6,0,-1.0,13.7
1051,S1_light_traffic,O001-02,16.0,1,0,4.25,8,2,6,0,-1.0,11.7
1051,S1_light_traffic,O002-01,15.0,1,0,4.0,9,1,7,0,-1.0,14.0
1051,S1_light_traffic,O003-01,14.0,1,2,5.5,10,1,2,0,-1.0,15.0
1051,S1_light_traffic,O003-02,14.0,1,2,5.5,10,2,2,0,-1.0,17.7
1051,S1_light_traffic,O004-01,14.0,1,1,4.5,8,1,10,0,-1.0,12.7
1051,S1_light_traffic,O004-02,14.0,1,1,4.5,8,2,10,0,-1.0,14.3
1051,S1_light_traffic,O004-03,14.0,1,1,4.5,8,3,10,0,-1.0,19.8
1051,S1_light_traffic,O005-01,25.0,0,2,4.75,11,1,4,0,-1.0,30.3
1051,S1_light_traffic,O005-02,25.0,0,2,4.75,11,2,4,0,-1.0,33.5
1051,S1_light_traffic,O006-01,18.0,1,3,3.75,9,1,7,0,-1.0,18.9
1051,S1_light_traffic,O006-02,18.0,1,3,3.75,9,2,7,0,-1.0,19.1
1051,S1_light_traffic,O007-01,17.0,1,2,6.0,10,1,2,0,-1.0,18.2
1051,S1_light_traffic,O008-01,21.0,0,3,4.75,10,1,5,0,-1.0,24.5
1051,S1_light_traffic,O008-02,21.0,0,3,4.75,10,2,5,0,-1.0,21.4
1051,S1_light_traffic,O008-03,21.0,0,3,4.5,10,3,5,0,-1.0,22.1
1051,S1_light_traffic,O008-04,21.0,0,3,4.5,10,4,5,0,-1.0,26.1
1051,S1_light_traffic,O009-01,24.0,0,1,5.25,10,1,3,0,-1.0,25.0
1051,S1_light_traffic,O009-02,24.0,0,1,5.25,10,2,3,0,-1.0,22.7
1051,S1_light_traffic,O009-03,24.0,0,1,5.25,10,3,3,0,-1.0,27.9
1051,S1_light_traffic,O009-04,24.0,0,1,5.25,10,4,3,0,-1.0,16.6
1051,S1_light_traffic,O010-01,23.0,0,3,3.25,7,1,9,0,-1.0,27.9
1051,S1_light_traffic,O010-02,23.0,0,3,3.25,7,2,9,0,-1.0,25.6
1051,S1_light_traffic,O011-01,15.0,1,1,5.5,10,1,2,0,-1.0,13.4
1051,S1_light_traffic,O012-01,15.0,1,2,3.5,8,1,10,0,-1.0,15.4
1051,S1_light_traffic,O012-02,15.0,1,2,3.5,8,2,10,0,-1.0,12.5
1051,S1_light_traffic,O013-01,18.0,1,2,5.75,10,1,2,0,-1.0,22.8
1051,S1_light_traffic,O013-02,18.0,1,2,5.75,10,2,2,0,-1.0,15.0
1051,S1_light_traffic,O014-01,14.0,1,2,4.75,7,1,8,0,-1.0,12.9
1051,S1_light_traffic,O014-02,14.0,1,2,4.75,7,2,8,0,-1.0,16.8
1051,S1_light_traffic,O015-01,22.0,0,2,6.0,10,1,3,0,-1.0,28.6
1051,S1_light_traffic,O016-01,17.0,1,1,5.25,8,1,10,0,-1.0,19.9
1051,S1_light_traffic,O016-02,17.0,1,1,5.25,8,2,10,0,-1.0,16.5
1051,S1_light_traffic,O016-03,17.0,1,1,5.0,8,3,10,0,-1.0,17.9
1051,S1_light_traffic,O016-04,17.0,1,1,5.0,8,4,10,0,-1.0,19.7
1051,S1_light_traffic,O017-01,15.0,1,1,4.0,9,1,7,0,-1.0,14.7
1051,S1_light_traffic,O018-01,18.0,0,3,5.5,11,1,4,0,-1.0,15.9
1051,S1_light_traffic,O018-02,18.0,0,3,5.5,11,2,4,0,-1.0,21.2
1051,S1_light_traffic,O019-01,25.0,0,0,4.0,11,1,4,0,-1.0,25.0
1051,S1_light_traffic,O019-02,25.0,0,0,4.0,11,2,4,0,-1.0,22.2
1051,S1_light_traffic,O020-01,16.0,0,3,4.75,6,1,1,0,-1.0,15.5
1051,S1_light_traffic,O020-02,16.0,0,3,4.75,6,2,1,0,-1.0,20.4
1051,S1_light_traffic,O021-01,13.0,1,1,3.25,7,1,8,0,-1.0,13.9
1051,S1_light_traffic,O021-02,13.0,1,1,3.25,7,2,8,0,-1.0,10.1
1051,S1_light_traffic,O022-01,17.0,1,3,4.0,8,1,10,0,-1.0,13.9
1051,S1_light_traffic,O023-01,18.0,1,0,4.5,7,1,8,0,-1.0,18.4
1051,S1_light_traffic,O023-02,18.0,1,0,4.5,7,2,8,0,-1.0,16.3
1051,S1_light_traffic,O024-01,23.0,0,2,5.25,10,1,3,0,-1.0,19.2
1051,S1_light_traffic,O024-02,23.0,0,2,5.25,10,2,3,0,-1.0,26.1
1051,S1_light_traffic,O024-03,23.0,0,2,5.0,10,3,3,0,-1.0,25.9
1051,S1_light_traffic,O024-04,23.0,0,2,5.0,10,4,3,0,-1.0,20.4
1051,S1_light_traffic,O024-05,23.0,0,2,5.0,10,5,3,0,-1.0,17.3
1051,S1_light_traffic,O025-01,17.0,0,3,4.0,10,1,5,0,-1.0,15.8
1051,S1_light_traffic,O025-02,17.0,0,3,4.0,10,2,5,0,-1.0,15.4
1051,S1_light_traffic,O026-01,13.0,1,0,4.75,9,1,7,0,-1.0,10.9
1051,S1_light_traffic,O026-02,13.0,1,0,4.75,9,2,7,0,-1.0,11.1
1051,S1_light_traffic,O026-03,13.0,1,0,4.75,9,3,7,0,-1.0,12.0
1051,S1_light_traffic,O026-04,13.0,1,0,4.75,9,4,7,0,-1.0,10.7
1051,S1_light_traffic,O027-01,13.0,1,3,3.5,9,1,7,0,-1.0,12.5
1051,S1_light_traffic,O027-02,13.0,1,3,3.5,9,2,7,0,-1.0,12.3
1051,S1_light_traffic,O028-01,22.0,0,2,4.0,7,1,9,0,-1.0,25.7
1051,S1_light_traffic,O028-02,22.0,0,2,4.0,7,2,9,0,-1.0,23.7
1051,S1_light_traffic,O029-01,19.0,0,2,4.0,6,1,1,0,-1.0,19.3
1051,S1_light_traffic,O030-01,13.0,1,1,6.0,7,1,8,0,-1.0,16.4
1052,S2_peak_traffic,O001-01,24.0,0,2,5.0,10,1,3,0,-1.0,24.6
1052,S2_peak_traffic,O001-02,24.0,0,2,5.0,10,2,3,0,-1.0,26.1
1052,S2_peak_traffic,O001-03,24.0,0,2,5.0,10,3,3,0,-1.0,25.9
1052,S2_peak_traffic,O001-04,24.0,0,2,5.0,10,4,3,0,-1.0,22.0
1052,S2_peak_traffic,O002-01,15.0,1,3,6.0,10,1,2,0,-1.0,13.5
1052,S2_peak_traffic,O002-02,15.0,1,3,6.0,10,2,2,0,-1.0,12.9
1052,S2_peak_traffic,O003-01,15.0,0,2,5.75,6,1,1,0,-1.0,14.9
1052,S2_peak_traffic,O003-02,15.0,0,2,5.75,6,2,1,0,-1.0,14.8
1052,S2_peak_traffic,O004-01,12.0,1,3,5.0,10,1,2,0,-1.0,8.1
1052,S2_peak_traffic,O004-02,12.0,1,3,5.0,10,2,2,0,-1.0,11.2
1052,S2_peak_traffic,O005-01,18.0,1,0,5.5,7,1,8,0,-1.0,23.0
1052,S2_peak_traffic,O005-02,18.0,1,0,5.5,7,2,8,0,-1.0,15.4
1052,S2_peak_traffic,O005-03,18.0,1,0,5.5,7,3,8,0,-1.0,17.3
1052,S2_peak_traffic,O005-04,18.0,1,0,5.5,7,4,8,0,-1.0,14.5
1052,S2_peak_traffic,O006-01,18.0,1,1,4.75,8,1,6,0,-1.0,18.1
1052,S2_peak_traffic,O006-02,18.0,1,1,4.75,8,2,6,0,-1.0,16.6
1052,S2_peak_traffic,O006-03,18.0,1,1,4.5,8,3,6,0,-1.0,20.0
1052,S2_peak_traffic,O006-04,18.0,1,1,4.5,8,4,6,0,-1.0,15.5
1052,S2_peak_traffic,O007-01,24.0,0,1,3.25,11,1,4,0,-1.0,26.2
1052,S2_peak_traffic,O007-02,24.0,0,1,3.25,11,2,4,0,-1.0,28.5
1052,S2_peak_traffic,O008-01,13.0,1,0,5.0,7,1,8,0,-1.0,12.1
1052,S2_peak_traffic,O008-02,13.0,1,0,4.75,7,2,8,0,-1.0,13.3
1052,S2_peak_traffic,O008-03,13.0,1,0,4.75,7,3,8,0,-1.0,12.1
1052,S2_peak_traffic,O009-01,18.0,1,3,5.5,8,1,6,0,-1.0,24.7
1052,S2_peak_traffic,O009-02,18.0,1,3,5.5,8,2,6,0,-1.0,16.9
1052,S2_peak_traffic,O009-03,18.0,1,3,5.5,8,3,6,0,-1.0,15.7
1052,S2_peak_traffic,O009-04,18.0,1,3,5.25,8,4,6,0,-1.0,17.7
1052,S2_peak_traffic,O009-05,18.0,1,3,5.25,8,5,6,0,-1.0,18.2
1052,S2_peak_traffic,O010-01,16.0,0,3,5.5,7,1,9,0,-1.0,16.5
1052,S2_peak_traffic,O010-02,16.0,0,3,5.25,7,2,9,0,-1.0,12.2
1052,S2_peak_traffic,O010-03,16.0,0,3,5.25,7,3,9,0,-1.0,18.5
1052,S2_peak_traffic,O011-01,17.0,1,1,3.25,9,1,7,0,-1.0,17.3
1052,S2_peak_traffic,O011-02,17.0,1,1,3.25,9,2,7,0,-1.0,16.3
1052,S2_peak_traffic,O012-01,25.0,0,1,5.0,10,1,3,0,-1.0,27.6
1052,S2_peak_traffic,O013-01,12.0,1,0,5.5,8,1,6,0,-1.0,10.9
1052,S2_peak_traffic,O013-02,12.0,1,0,5.5,8,2,6,0,-1.0,12.9
1052,S2_peak_traffic,O013-03,12.0,1,0,5.25,8,3,6,0,-1.0,9.5
1052,S2_peak_traffic,O013-04,12.0,1,0,5.25,8,4,6,0,-1.0,14.5
1052,S2_peak_traffic,O014-01,25.0,0,3,5.5,10,1,3,0,-1.0,22.1
1052,S2_peak_traffic,O014-02,25.0,0,3,5.5,10,2,3,0,-1.0,26.5
1052,S2_peak_traffic,O015-01,18.0,1,0,4.0,7,1,8,0,-1.0,18.2
1052,S2_peak_traffic,O016-01,12.0,1,2,4.0,7,1,8,0,-1.0,13.1
1052,S2_peak_traffic,O016-02,12.0,1,2,4.0,7,2,8,0,-1.0,15.4
1052,S2_peak_traffic,O017-01,17.0,0,3,5.75,7,1,9,0,-1.0,13.0
1052,S2_peak_traffic,O017-02,17.0,0,3,5.75,7,2,9,0,-1.0,18.5
1052,S2_peak_traffic,O017-03,17.0,0,3,5.5,7,3,9,0,-1.0,19.2
1052,S2_peak_traffic,O018-01,15.0,1,0,4.0,10,1,2,0,-1.0,12.4
1052,S2_peak_traffic,O018-02,15.0,1,0,4.0,10,2,2,0,-1.0,10.5
1052,S2_peak_traffic,O019-01,23.0,0,0,4.5,6,1,1,0,-1.0,21.9
1052,S2_peak_traffic,O019-02,23.0,0,0,4.5,6,2,1,0,-1.0,20.5
1052,S2_peak_traffic,O020-01,13.0,1,1,4.25,8,1,10,0,-1.0,14.4
1052,S2_peak_traffic,O020-02,13.0,1,1,4.25,8,2,10,0,-1.0,11.5
1052,S2_peak_traffic,O021-01,17.0,0,1,5.25,10,1,5,0,-1.0,19.8
1052,S2_peak_traffic,O021-02,17.0,0,1,5.25,10,2,5,0,-1.0,21.7
1052,S2_peak_traffic,O022-01,25.0,0,0,4.0,10,1,5,0,-1.0,28.2
1052,S2_peak_traffic,O023-01,17.0,1,1,3.75,8,1,6,0,-1.0,16.6
1052,S2_peak_traffic,O023-02,17.0,1,1,3.75,8,2,6,0,-1.0,20.2
1052,S2_peak_traffic,O024-01,15.0,0,2,5.0,11,1,4,0,-1.0,16.2
1052,S2_peak_traffic,O025-01,20.0,0,3,6.0,7,1,9,0,-1.0,20.2
1052,S2_peak_traffic,O025-02,20.0,0,3,6.0,7,2,9,0,-1.0,16.2
1052,S2_peak_traffic,O026-01,19.0,0,3,5.5,10,1,5,0,-1.0,13.9
1052,S2_peak_traffic,O026-02,19.0,0,3,5.5,10,2,5,0,-1.0,16.6
1052,S2_peak_traffic,O027-01,20.0,0,0,5.0,10,1,5,0,-1.0,17.9
1052,S2_peak_traffic,O027-02,20.0,0,0,5.0,10,2,5,0,-1.0,16.5
1052,S2_peak_traffic,O027-03,20.0,0,0,4.75,10,3,5,0,-1.0,16.0
1052,S2_peak_traffic,O027-04,20.0,0,0,4.75,10,4,5,0,-1.0,27.4
1052,S2_peak_traffic,O028-01,13.0,1,3,5.5,8,1,6,0,-1.0,14.4
1052,S2_peak_traffic,O028-02,13.0,1,3,5.5,8,2,6,0,-1.0,11.9
1052,S2_peak_traffic,O028-03,13.0,1,3,5.5,8,3,6,0,-1.0,13.4
1052,S2_peak_traffic,O029-01,19.0,0,3,5.25,11,1,4,0,-1.0,16.7
1052,S2_peak_traffic,O029-02,19.0,0,3,5.25,11,2,4,0,-1.0,19.9
1052,S2_peak_traffic,O029-03,19.0,0,3,5.0,11,3,4,0,-1.0,19.2
1052,S2_peak_traffic,O030-01,16.0,0,3,4.0,10,1,5,0,-1.0,19.0
1053,S5_pump_failure,O001-01,15.0,0,2,3.25,10,1,3,0,-1.0,13.2
1053,S5_pump_failure,O001-02,15.0,0,2,3.25,10,2,3,0,-1.0,14.1
1053,S5_pump_failure,O002-01,12.0,1,1,4.0,7,1,8,0,-1.0,9.6
1053,S5_pump_failure,O003-01,18.0,1,3,4.5,8,1,6,0,-1.0,16.2
1053,S5_pump_failure,O004-01,17.0,1,1,4.0,10,1,2,0,-1.0,20.3
1053,S5_pump_failure,O004-02,17.0,1,1,4.0,10,2,2,0,-1.0,15.1
1053,S5_pump_failure,O005-01,15.0,0,3,4.0,10,1,5,0,-1.0,14.8
1053,S5_pump_failure,O005-02,15.0,0,3,4.0,10,2,5,0,-1.0,12.0
1053,S5_pump_failure,O006-01,18.0,1,1,5.0,9,1,7,0,-1.0,16.5
1053,S5_pump_failure,O007-01,18.0,1,1,4.0,7,1,8,0,-1.0,16.2
1053,S5_pump_failure,O008-01,17.0,0,2,4.75,6,1,1,0,-1.0,15.1
1053,S5_pump_failure,O008-02,17.0,0,2,4.75,6,2,1,0,-1.0,17.5
1053,S5_pump_failure,O009-01,13.0,1,0,3.5,10,1,2,0,-1.0,10.6
1053,S5_pump_failure,O009-02,13.0,1,0,3.5,10,2,2,0,-1.0,14.9
1053,S5_pump_failure,O010-01,14.0,1,0,4.25,7,1,8,0,-1.0,10.3
1053,S5_pump_failure,O010-02,14.0,1,0,4.25,7,2,8,0,-1.0,15.0
1053,S5_pump_failure,O011-01,25.0,0,3,5.25,10,1,5,0,-1.0,30.0
1053,S5_pump_failure,O011-02,25.0,0,3,5.25,10,2,5,0,-1.0,28.5
1053,S5_pump_failure,O012-01,14.0,1,3,3.25,8,1,10,0,-1.0,11.2
1053,S5_pump_failure,O012-02,14.0,1,3,3.25,8,2,10,0,-1.0,14.6
1053,S5_pump_failure,O013-01,17.0,1,1,5.5,8,1,10,0,-1.0,15.8
1053,S5_pump_failure,O014-01,14.0,1,1,5.75,10,1,2,0,-1.0,12.9
1053,S5_pump_failure,O014-02,14.0,1,1,5.75,10,2,2,0,-1.0,13.4
1053,S5_pump_failure,O015-01,13.0,1,1,3.75,7,1,8,0,-1.0,14.1
1053,S5_pump_failure,O015-02,13.0,1,1,3.75,7,2,8,0,-1.0,14.4
1053,S5_pump_failure,O016-01,18.0,0,0,4.0,11,1,4,0,-1.0,14.9
1053,S5_pump_failure,O016-02,18.0,0,0,4.0,11,2,4,0,-1.0,19.2
1053,S5_pump_failure,O017-01,19.0,0,3,3.75,10,1,5,0,-1.0,24.2
1053,S5_pump_failure,O017-02,19.0,0,3,3.75,10,2,5,0,-1.0,21.6
1053,S5_pump_failure,O018-01,17.0,0,1,4.25,7,1,9,0,-1.0,17.9
1053,S5_pump_failure,O018-02,17.0,0,1,4.25,7,2,9,0,-1.0,18.0
1053,S5_pump_failure,O019-01,13.0,1,0,5.5,10,1,2,0,-1.0,12.9
1053,S5_pump_failure,O019-02,13.0,1,0,5.25,10,2,2,0,-1.0,13.3
1053,S5_pump_failure,O019-03,13.0,1,0,5.25,10,3,2,0,-1.0,11.5
1053,S5_pump_failure,O020-01,18.0,1,0,4.75,9,1,7,0,-1.0,15.1
1053,S5_pump_failure,O020-02,18.0,1,0,4.75,9,2,7,0,-1.0,19.2
1053,S5_pump_failure,O021-01,15.0,0,0,4.25,10,1,3,0,-1.0,12.0
1053,S5_pump_failure,O021-02,15.0,0,0,4.25,10,2,3,0,-1.0,12.5
1053,S5_pump_failure,O022-01,21.0,0,0,6.0,10,1,3,0,-1.0,19.7
1053,S5_pump_failure,O022-02,21.0,0,0,6.0,10,2,3,0,-1.0,19.9
1053,S5_pump_failure,O022-03,21.0,0,0,6.0,10,3,3,0,-1.0,19.0
1053,S5_pump_failure,O023-01,16.0,1,2,4.75,9,1,7,0,-1.0,16.9
1053,S5_pump_failure,O023-02,16.0,1,2,4.75,9,2,7,0,-1.0,15.6
1053,S5_pump_failure,O024-01,17.0,1,3,5.5,8,1,6,0,-1.0,17.6
1053,S5_pump_failure,O024-02,17.0,1,3,5.5,8,2,6,0,-1.0,21.1
1053,S5_pump_failure,O025-01,20.0,0,3,5.5,10,1,3,0,-1.0,18.0
1053,S5_pump_failure,O026-01,18.0,0,0,6.0,7,1,9,0,-1.0,20.0
1053,S5_pump_failure,O027-01,25.0,0,1,4.25,10,1,5,0,-1.0,21.1
1053,S5_pump_failure,O027-02,25.0,0,1,4.25,10,2,5,0,-1.0,28.3
1053,S5_pump_failure,O028-01,16.0,0,2,4.5,10,1,3,0,-1.0,15.1
1053,S5_pump_failure,O028-02,16.0,0,2,4.5,10,2,3,0,-1.0,15.4
1053,S5_pump_failure,O028-03,16.0,0,2,4.5,10,3,3,0,-1.0,15.3
1053,S5_pump_failure,O029-01,18.0,0,1,5.25,10,1,3,0,-1.0,17.0
1053,S5_pump_failure,O029-02,18.0,0,1,5.25,10,2,3,0,-1.0,21.5
1053,S5_pump_failure,O029-03,18.0,0,1,5.0,10,3,3,0,-1.0,16.4
1053,S5_pump_failure,O029-04,18.0,0,1,5.0,10,4,3,0,-1.0,20.0
1053,S5_pump_failure,O030-01,25.0,0,1,5.0,10,1,3,0,-1.0,32.4
1054,S0_normal,O001-01,25.0,0,1,5.0,10,1,3,0,-1.0,26.4
1054,S0_normal,O002-01,16.0,1,1,3.25,7,1,8,0,-1.0,15.0
1054,S0_normal,O002-02,16.0,1,1,3.25,7,2,8,0,-1.0,17.5
1054,S0_normal,O003-01,16.0,0,3,5.0,6,1,1,0,-1.0,18.4
1054,S0_normal,O003-02,16.0,0,3,5.0,6,2,1,0,-1.0,12.1
1054,S0_normal,O003-03,16.0,0,3,5.0,6,3,1,0,-1.0,15.8
1054,S0_normal,O003-04,16.0,0,3,5.0,6,4,1,0,-1.0,14.3
1054,S0_normal,O003-05,16.0,0,3,5.0,6,5,1,0,-1.0,18.6
1054,S0_normal,O004-01,18.0,0,3,5.25,7,1,9,0,-1.0,18.0
1054,S0_normal,O004-02,18.0,0,3,5.25,7,2,9,0,-1.0,16.1
1054,S0_normal,O005-01,12.0,1,0,6.0,8,1,10,0,-1.0,11.6
1054,S0_normal,O005-02,12.0,1,0,5.75,8,2,10,0,-1.0,12.4
1054,S0_normal,O005-03,12.0,1,0,5.75,8,3,10,0,-1.0,12.1
1054,S0_normal,O006-01,16.0,1,0,3.25,7,1,8,0,-1.0,18.2
1054,S0_normal,O006-02,16.0,1,0,3.25,7,2,8,0,-1.0,14.7
1054,S0_normal,O007-01,16.0,1,1,5.5,8,1,10,0,-1.0,16.1
1054,S0_normal,O008-01,12.0,1,1,5.75,8,1,10,0,-1.0,12.0
1054,S0_normal,O008-02,12.0,1,1,5.75,8,2,10,0,-1.0,11.3
1054,S0_normal,O008-03,12.0,1,1,5.5,8,3,10,0,-1.0,12.3
1054,S0_normal,O008-04,12.0,1,1,5.5,8,4,10,0,-1.0,10.6
1054,S0_normal,O009-01,25.0,0,3,6.0,6,1,1,0,-1.0,19.1
1054,S0_normal,O009-02,25.0,0,3,6.0,6,2,1,0,-1.0,29.7
1054,S0_normal,O010-01,15.0,0,0,3.25,11,1,4,0,-1.0,18.6
1054,S0_normal,O010-02,15.0,0,0,3.25,11,2,4,0,-1.0,17.1
1054,S0_normal,O011-01,18.0,0,0,5.0,10,1,3,0,-1.0,18.3
1054,S0_normal,O012-01,18.0,0,0,5.0,10,1,5,0,-1.0,21.8
1054,S0_normal,O012-02,18.0,0,0,4.75,10,2,5,0,-1.0,21.4
1054,S0_normal,O012-03,18.0,0,0,4.75,10,3,5,0,-1.0,17.9
1054,S0_normal,O013-01,15.0,1,3,5.25,8,1,10,0,-1.0,15.9
1054,S0_normal,O013-02,15.0,1,3,5.25,8,2,10,0,-1.0,15.6
1054,S0_normal,O014-01,12.0,1,1,5.25,9,1,7,0,-1.0,12.7
1054,S0_normal,O014-02,12.0,1,1,5.25,9,2,7,0,-1.0,12.4
1054,S0_normal,O014-03,12.0,1,1,5.0,9,3,7,0,-1.0,10.1
1054,S0_normal,O015-01,15.0,1,0,5.0,7,1,8,0,-1.0,15.9
1054,S0_normal,O015-02,15.0,1,0,4.75,7,2,8,0,-1.0,12.9
1054,S0_normal,O015-03,15.0,1,0,4.75,7,3,8,0,-1.0,13.7
1054,S0_normal,O016-01,18.0,1,1,4.5,8,1,10,0,-1.0,17.4
1054,S0_normal,O017-01,20.0,0,1,4.0,11,1,4,0,-1.0,15.3
1054,S0_normal,O018-01,16.0,0,2,5.25,10,1,3,0,-1.0,17.3
1054,S0_normal,O018-02,16.0,0,2,5.25,10,2,3,0,-1.0,17.4
1054,S0_normal,O019-01,12.0,1,2,3.75,10,1,2,0,-1.0,12.8
1054,S0_normal,O019-02,12.0,1,2,3.75,10,2,2,0,-1.0,10.7
1054,S0_normal,O020-01,16.0,0,3,4.25,11,1,4,0,-1.0,16.7
1054,S0_normal,O020-02,16.0,0,3,4.25,11,2,4,0,-1.0,17.9
1054,S0_normal,O020-03,16.0,0,3,4.0,11,3,4,0,-1.0,14.4
1054,S0_normal,O021-01,17.0,0,1,5.5,11,1,4,0,-1.0,16.8
1054,S0_normal,O021-02,17.0,0,1,5.25,11,2,4,0,-1.0,17.6
1054,S0_normal,O021-03,17.0,0,1,5.25,11,3,4,0,-1.0,18.3
1054,S0_normal,O022-01,22.0,0,1,4.0,10,1,3,0,-1.0,21.4
1054,S0_normal,O023-01,21.0,0,1,5.5,6,1,1,0,-1.0,18.6
1054,S0_normal,O023-02,21.0,0,1,5.25,6,2,1,0,-1.0,19.5
1054,S0_normal,O023-03,21.0,0,1,5.25,6,3,1,0,-1.0,21.6
1054,S0_normal,O023-04,21.0,0,1,5.25,6,4,1,0,-1.0,24.3
1054,S0_normal,O023-05,21.0,0,1,5.25,6,5,1,0,-1.0,18.0
1054,S0_normal,O024-01,18.0,0,2,3.5,7,1,9,0,-1.0,20.6
1054,S0_normal,O024-02,18.0,0,2,3.5,7,2,9,0,-1.0,23.1
1054,S0_normal,O025-01,13.0,1,0,4.0,8,1,6,0,-1.0,15.5
1054,S0_normal,O026-01,19.0,0,1,3.25,10,1,3,0,-1.0,20.0
1054,S0_normal,O026-02,19.0,0,1,3.25,10,2,3,0,-1.0,17.8
1054,S0_normal,O027-01,17.0,1,1,5.75,7,1,8,0,-1.0,18.0
1054,S0_normal,O027-02,17.0,1,1,5.75,7,2,8,0,-1.0,16.8
1054,S0_normal,O027-03,17.0,1,1,5.5,7,3,8,0,-1.0,22.2
1054,S0_normal,O028-01,17.0,0,3,5.75,11,1,4,0,-1.0,14.4
1054,S0_normal,O028-02,17.0,0,3,5.75,11,2,4,0,-1.0,14.8
1054,S0_normal,O029-01,19.0,0,0,5.5,7,1,9,0,-1.0,21.8
1054,S0_normal,O030-01,16.0,1,1,5.25,9,1,7,0,-1.0,15.3
1054,S0_normal,O030-02,16.0,1,1,5.25,9,2,7,0,-1.0,16.2
1055,S3_site_delay,O001-01,14.0,1,2,5.25,8,1,6,0,-1.0,12.8
1055,S3_site_delay,O001-02,14.0,1,2,5.25,8,2,6,0,-1.0,13.0
1055,S3_site_delay,O001-03,14.0,1,2,5.0,8,3,6,0,-1.0,14.9
1055,S3_site_delay,O002-01,20.0,0,1,5.25,6,1,1,0,-1.0,21.9
1055,S3_site_delay,O002-02,20.0,0,1,5.25,6,2,1,0,-1.0,19.3
1055,S3_site_delay,O003-01,13.0,1,1,3.25,7,1,8,0,-1.0,11.9
1055,S3_site_delay,O003-02,13.0,1,1,3.25,7,2,8,0,-1.0,10.4
1055,S3_site_delay,O004-01,15.0,0,1,3.75,10,1,5,0,-1.0,12.8
1055,S3_site_delay,O004-02,15.0,0,1,3.75,10,2,5,0,-1.0,17.4
1055,S3_site_delay,O005-01,25.0,0,1,5.0,10,1,5,0,-1.0,21.3
1055,S3_site_delay,O005-02,25.0,0,1,5.0,10,2,5,0,-1.0,25.6
1055,S3_site_delay,O006-01,14.0,1,1,5.0,8,1,6,0,-1.0,15.1
1055,S3_site_delay,O006-02,14.0,1,1,4.75,8,2,6,0,-1.0,10.3
1055,S3_site_delay,O006-03,14.0,1,1,4.75,8,3,6,0,-1.0,13.7
1055,S3_site_delay,O007-01,23.0,0,1,5.25,11,1,4,0,-1.0,18.8
1055,S3_site_delay,O007-02,23.0,0,1,5.25,11,2,4,0,-1.0,23.6
1055,S3_site_delay,O008-01,19.0,0,0,4.0,11,1,4,0,-1.0,20.2
1055,S3_site_delay,O009-01,14.0,1,0,3.25,8,1,6,0,-1.0,15.2
1055,S3_site_delay,O009-02,14.0,1,0,3.25,8,2,6,0,-1.0,15.7
1055,S3_site_delay,O010-01,17.0,0,0,6.0,10,1,3,0,-1.0,14.3
1055,S3_site_delay,O011-01,24.0,0,2,5.0,7,1,9,0,-1.0,22.1
1055,S3_site_delay,O011-02,24.0,0,2,5.0,7,2,9,0,-1.0,22.2
1055,S3_site_delay,O011-03,24.0,0,2,5.0,7,3,9,0,-1.0,31.8
1055,S3_site_delay,O011-04,24.0,0,2,5.0,7,4,9,0,-1.0,27.8
1055,S3_site_delay,O012-01,18.0,0,3,4.75,7,1,9,0,-1.0,21.1
1055,S3_site_delay,O012-02,18.0,0,3,4.75,7,2,9,0,-1.0,23.5
1055,S3_site_delay,O012-03,18.0,0,3,4.5,7,3,9,0,-1.0,18.9
1055,S3_site_delay,O013-01,16.0,1,1,5.0,10,1,2,0,-1.0,15.5
1055,S3_site_delay,O014-01,21.0,0,0,3.25,11,1,4,0,-1.0,20.9
1055,S3_site_delay,O014-02,21.0,0,0,3.25,11,2,4,0,-1.0,19.2
1055,S3_site_delay,O015-01,13.0,1,1,4.0,7,1,8,0,-1.0,14.7
1055,S3_site_delay,O016-01,21.0,0,3,4.0,10,1,5,0,-1.0,32.0
1055,S3_site_delay,O017-01,15.0,1,1,4.5,10,1,2,0,-1.0,17.3
1055,S3_site_delay,O017-02,15.0,1,1,4.5,10,2,2,0,-1.0,15.1
1055,S3_site_delay,O018-01,23.0,0,2,5.0,7,1,9,0,-1.0,23.5
1055,S3_site_delay,O018-02,23.0,0,2,4.75,7,2,9,0,-1.0,26.5
1055,S3_site_delay,O018-03,23.0,0,2,4.75,7,3,9,0,-1.0,19.0
1055,S3_site_delay,O019-01,14.0,1,1,5.0,9,1,7,0,-1.0,15.5
1055,S3_site_delay,O019-02,14.0,1,1,5.0,9,2,7,0,-1.0,15.0
1055,S3_site_delay,O019-03,14.0,1,1,5.0,9,3,7,0,-1.0,15.0
1055,S3_site_delay,O020-01,15.0,1,1,5.25,10,1,2,0,-1.0,13.7
1055,S3_site_delay,O020-02,15.0,1,1,5.25,10,2,2,0,-1.0,17.1
1055,S3_site_delay,O021-01,15.0,1,0,5.0,10,1,2,0,-1.0,12.5
1055,S3_site_delay,O022-01,14.0,1,1,4.0,8,1,10,0,-1.0,18.8
1055,S3_site_delay,O023-01,14.0,1,0,4.25,7,1,8,0,-1.0,12.1
1055,S3_site_delay,O023-02,14.0,1,0,4.25,7,2,8,0,-1.0,14.7
1055,S3_site_delay,O024-01,15.0,0,1,5.5,11,1,4,0,-1.0,14.9
1055,S3_site_delay,O024-02,15.0,0,1,5.25,11,2,4,0,-1.0,13.3
1055,S3_site_delay,O024-03,15.0,0,1,5.25,11,3,4,0,-1.0,13.1
1055,S3_site_delay,O025-01,14.0,1,0,3.75,9,1,7,0,-1.0,13.7
1055,S3_site_delay,O025-02,14.0,1,0,3.75,9,2,7,0,-1.0,17.3
1055,S3_site_delay,O026-01,20.0,0,3,4.0,6,1,1,0,-1.0,21.0
1055,S3_site_delay,O027-01,15.0,1,3,4.5,9,1,7,0,-1.0,21.2
1055,S3_site_delay,O028-01,16.0,1,0,5.5,8,1,10,0,-1.0,18.8
1055,S3_site_delay,O028-02,16.0,1,0,5.5,8,2,10,0,-1.0,17.9
1055,S3_site_delay,O029-01,23.0,0,3,4.75,7,1,9,0,-1.0,27.3
1055,S3_site_delay,O029-02,23.0,0,3,4.75,7,2,9,0,-1.0,20.3
1055,S3_site_delay,O030-01,17.0,0,3,5.75,10,1,5,0,-1.0,17.4
1055,S3_site_delay,O030-02,17.0,0,3,5.75,10,2,5,0,-1.0,17.9
1056,S0_normal,O001-01,16.0,0,0,3.25,10,1,3,0,-1.0,15.1
1056,S0_normal,O001-02,16.0,0,0,3.25,10,2,3,0,-1.0,14.2
1056,S0_normal,O002-01,15.0,1,1,5.5,8,1,10,0,-1.0,13.7
1056,S0_normal,O002-02,15.0,1,1,5.25,8,2,10,0,-1.0,14.6
1056,S0_normal,O002-03,15.0,1,1,5.25,8,3,10,0,-1.0,14.0
1056,S0_normal,O003-01,21.0,0,1,3.25,11,1,4,0,-1.0,19.8
1056,S0_normal,O003-02,21.0,0,1,3.25,11,2,4,0,-1.0,17.7
1056,S0_normal,O004-01,22.0,0,2,3.75,10,1,3,0,-1.0,19.5
1056,S0_normal,O004-02,22.0,0,2,3.75,10,2,3,0,-1.0,26.0
1056,S0_normal,O005-01,16.0,1,3,6.0,7,1,8,0,-1.0,18.2
1056,S0_normal,O006-01,18.0,0,1,6.0,11,1,4,0,-1.0,23.0
1056,S0_normal,O007-01,18.0,0,0,4.5,10,1,3,0,-1.0,18.0
1056,S0_normal,O007-02,18.0,0,0,4.5,10,2,3,0,-1.0,17.3
1056,S0_normal,O007-03,18.0,0,0,4.5,10,3,3,0,-1.0,17.9
1056,S0_normal,O008-01,15.0,0,3,6.0,11,1,4,0,-1.0,13.9
1056,S0_normal,O009-01,15.0,0,0,4.75,10,1,3,0,-1.0,11.6
1056,S0_normal,O009-02,15.0,0,0,4.75,10,2,3,0,-1.0,10.8
1056,S0_normal,O010-01,20.0,0,2,5.0,10,1,3,0,-1.0,18.4
1056,S0_normal,O011-01,14.0,1,1,5.75,7,1,8,0,-1.0,13.4
1056,S0_normal,O011-02,14.0,1,1,5.75,7,2,8,0,-1.0,16.2
1056,S0_normal,O011-03,14.0,1,1,5.75,7,3,8,0,-1.0,13.7
1056,S0_normal,O011-04,14.0,1,1,5.75,7,4,8,0,-1.0,14.6
1056,S0_normal,O011-05,14.0,1,1,5.5,7,5,8,0,-1.0,15.3
1056,S0_normal,O011-06,14.0,1,1,5.5,7,6,8,0,-1.0,15.3
1056,S0_normal,O012-01,17.0,0,2,4.5,7,1,9,0,-1.0,16.2
1056,S0_normal,O012-02,17.0,0,2,4.5,7,2,9,0,-1.0,14.1
1056,S0_normal,O013-01,15.0,1,2,5.25,10,1,2,0,-1.0,16.5
1056,S0_normal,O013-02,15.0,1,2,5.25,10,2,2,0,-1.0,14.3
1056,S0_normal,O013-03,15.0,1,2,5.0,10,3,2,0,-1.0,14.4
1056,S0_normal,O013-04,15.0,1,2,5.0,10,4,2,0,-1.0,12.0
1056,S0_normal,O014-01,15.0,0,0,4.25,10,1,5,0,-1.0,12.7
1056,S0_normal,O014-02,15.0,0,0,4.25,10,2,5,0,-1.0,14.0
1056,S0_normal,O015-01,12.0,1,3,5.0,8,1,6,0,-1.0,15.1
1056,S0_normal,O015-02,12.0,1,3,5.0,8,2,6,0,-1.0,10.1
1056,S0_normal,O015-03,12.0,1,3,4.75,8,3,6,0,-1.0,12.8
1056,S0_normal,O015-04,12.0,1,3,4.75,8,4,6,0,-1.0,15.0
1056,S0_normal,O016-01,16.0,1,2,5.75,10,1,2,0,-1.0,17.0
1056,S0_normal,O016-02,16.0,1,2,5.75,10,2,2,0,-1.0,14.3
1056,S0_normal,O017-01,18.0,1,2,5.25,8,1,10,0,-1.0,29.3
1056,S0_normal,O017-02,18.0,1,2,5.25,8,2,10,0,-1.0,24.2
1056,S0_normal,O018-01,13.0,1,3,4.0,8,1,10,0,-1.0,15.0
1056,S0_normal,O019-01,16.0,0,1,4.5,6,1,1,0,-1.0,17.1
1056,S0_normal,O020-01,19.0,0,0,4.75,10,1,3,0,-1.0,19.1
1056,S0_normal,O020-02,19.0,0,0,4.75,10,2,3,0,-1.0,16.6
1056,S0_normal,O020-03,19.0,0,0,4.5,10,3,3,0,-1.0,19.8
1056,S0_normal,O020-04,19.0,0,0,4.5,10,4,3,0,-1.0,20.1
1056,S0_normal,O021-01,17.0,0,2,5.5,6,1,1,0,-1.0,14.3
1056,S0_normal,O022-01,12.0,1,3,5.5,7,1,8,0,-1.0,14.1
1056,S0_normal,O023-01,16.0,1,3,6.0,8,1,10,0,-1.0,19.8
1056,S0_normal,O024-01,17.0,1,0,5.5,8,1,6,0,-1.0,18.4
1056,S0_normal,O024-02,17.0,1,0,5.25,8,2,6,0,-1.0,15.9
1056,S0_normal,O024-03,17.0,1,0,5.25,8,3,6,0,-1.0,17.8
1056,S0_normal,O025-01,16.0,1,3,5.75,7,1,8,0,-1.0,18.2
1056,S0_normal,O025-02,16.0,1,3,5.75,7,2,8,0,-1.0,16.6
1056,S0_normal,O025-03,16.0,1,3,5.5,7,3,8,0,-1.0,16.2
1056,S0_normal,O026-01,25.0,0,1,4.0,10,1,3,0,-1.0,24.8
1056,S0_normal,O027-01,12.0,1,3,5.0,10,1,2,0,-1.0,13.3
1056,S0_normal,O028-01,16.0,1,3,6.0,9,1,7,0,-1.0,12.8
1056,S0_normal,O028-02,16.0,1,3,5.75,9,2,7,0,-1.0,18.5
1056,S0_normal,O028-03,16.0,1,3,5.75,9,3,7,0,-1.0,15.1
1056,S0_normal,O029-01,19.0,0,1,3.25,7,1,9,0,-1.0,20.7
1056,S0_normal,O029-02,19.0,0,1,3.25,7,2,9,0,-1.0,15.5
1056,S0_normal,O030-01,20.0,0,1,4.25,7,1,9,0,-1.0,22.0
1056,S0_normal,O030-02,20.0,0,1,4.25,7,2,9,0,-1.0,22.6
1056,S0_normal,O030-03,20.0,0,1,4.0,7,3,9,0,-1.0,21.2
1057,S0_normal,O001-01,14.0,1,1,5.25,9,1,7,0,-1.0,12.1
1057,S0_normal,O001-02,14.0,1,1,5.25,9,2,7,0,-1.0,14.4
1057,S0_normal,O001-03,14.0,1,1,5.0,9,3,7,0,-1.0,15.4
1057,S0_normal,O002-01,16.0,1,3,4.0,10,1,2,0,-1.0,17.7
1057,S0_normal,O002-02,16.0,1,3,4.0,10,2,2,0,-1.0,15.1
1057,S0_normal,O003-01,21.0,0,1,5.0,6,1,1,0,-1.0,15.5
1057,S0_normal,O003-02,21.0,0,1,5.0,6,2,1,0,-1.0,17.3
1057,S0_normal,O004-01,13.0,1,2,5.0,8,1,6,0,-1.0,11.9
1057,S0_normal,O004-02,13.0,1,2,5.0,8,2,6,0,-1.0,16.4
1057,S0_normal,O004-03,13.0,1,2,5.0,8,3,6,0,-1.0,11.4
1057,S0_normal,O005-01,25.0,0,0,4.5,10,1,3,0,-1.0,20.5
1057,S0_normal,O006-01,15.0,1,1,5.5,8,1,10,0,-1.0,14.4
1057,S0_normal,O006-02,15.0,1,1,5.5,8,2,10,0,-1.0,19.9
1057,S0_normal,O007-01,12.0,1,1,5.0,7,1,8,0,-1.0,10.1
1057,S0_normal,O008-01,15.0,1,3,4.0,8,1,6,0,-1.0,14.4
1057,S0_normal,O009-01,21.0,0,3,5.0,7,1,9,0,-1.0,19.5
1057,S0_normal,O010-01,18.0,1,2,5.75,10,1,2,0,-1.0,17.4
1057,S0_normal,O010-02,18.0,1,2,5.75,10,2,2,0,-1.0,23.0
1057,S0_normal,O010-03,18.0,1,2,5.5,10,3,2,0,-1.0,20.5
1057,S0_normal,O011-01,16.0,1,0,4.5,8,1,6,0,-1.0,19.0
1057,S0_normal,O012-01,24.0,0,0,4.5,10,1,3,0,-1.0,24.9
1057,S0_normal,O012-02,24.0,0,0,4.5,10,2,3,0,-1.0,30.4
1057,S0_normal,O013-01,16.0,1,2,4.0,8,1,10,0,-1.0,11.0
1057,S0_normal,O014-01,18.0,1,3,6.0,8,1,10,0,-1.0,16.5
1057,S0_normal,O014-02,18.0,1,3,6.0,8,2,10,0,-1.0,21.2
1057,S0_normal,O014-03,18.0,1,3,6.0,8,3,10,0,-1.0,15.4
1057,S0_normal,O015-01,19.0,0,0,4.0,11,1,4,0,-1.0,18.3
1057,S0_normal,O016-01,13.0,1,2,5.75,8,1,10,0,-1.0,12.4
1057,S0_normal,O016-02,13.0,1,2,5.75,8,2,10,0,-1.0,11.5
1057,S0_normal,O017-01,13.0,1,0,5.5,7,1,8,0,-1.0,12.3
1057,S0_normal,O018-01,18.0,1,1,5.5,8,1,10,0,-1.0,16.4
1057,S0_normal,O019-01,15.0,1,1,3.25,10,1,2,0,-1.0,14.9
1057,S0_normal,O019-02,15.0,1,1,3.25,10,2,2,0,-1.0,17.7
1057,S0_normal,O020-01,20.0,0,0,5.5,11,1,4,0,-1.0,24.3
1057,S0_normal,O020-02,20.0,0,0,5.25,11,2,4,0,-1.0,18.9
1057,S0_normal,O020-03,20.0,0,0,5.25,11,3,4,0,-1.0,20.8
1057,S0_normal,O021-01,16.0,1,1,5.5,8,1,10,0,-1.0,16.7
1057,S0_normal,O022-01,22.0,0,1,4.0,11,1,4,0,-1.0,20.7
1057,S0_normal,O023-01,18.0,0,1,4.0,10,1,3,0,-1.0,17.7
1057,S0_normal,O024-01,13.0,1,2,5.0,7,1,8,0,-1.0,11.6
1057,S0_normal,O024-02,13.0,1,2,5.0,7,2,8,0,-1.0,14.7
1057,S0_normal,O025-01,25.0,0,0,6.0,6,1,1,0,-1.0,23.1
1057,S0_normal,O026-01,19.0,0,3,3.5,10,1,3,0,-1.0,30.9
1057,S0_normal,O026-02,19.0,0,3,3.5,10,2,3,0,-1.0,20.7
1057,S0_normal,O027-01,17.0,0,3,3.25,10,1,5,0,-1.0,15.0
1057,S0_normal,O027-02,17.0,0,3,3.25,10,2,5,0,-1.0,14.6
1057,S0_normal,O028-01,18.0,0,3,3.25,10,1,5,0,-1.0,18.3
1057,S0_normal,O028-02,18.0,0,3,3.25,10,2,5,0,-1.0,21.1
1057,S0_normal,O029-01,21.0,0,3,3.75,7,1,9,0,-1.0,24.2
1057,S0_normal,O029-02,21.0,0,3,3.75,7,2,9,0,-1.0,15.4
1057,S0_normal,O030-01,16.0,1,0,4.0,8,1,6,0,-1.0,14.9
1057,S0_normal,O030-02,16.0,1,0,4.0,8,2,6,0,-1.0,13.2
1058,S0_normal,O001-01,17.0,0,0,4.75,11,1,4,0,-1.0,20.2
1058,S0_normal,O001-02,17.0,0,0,4.75,11,2,4,0,-1.0,14.6
1058,S0_normal,O001-03,17.0,0,0,4.5,11,3,4,0,-1.0,13.2
1058,S0_normal,O002-01,20.0,0,2,5.75,11,1,4,0,-1.0,16.7
1058,S0_normal,O002-02,20.0,0,2,5.75,11,2,4,0,-1.0,16.7
1058,S0_normal,O003-01,16.0,0,0,4.5,11,1,4,0,-1.0,16.7
1058,S0_normal,O004-01,20.0,0,0,5.5,11,1,4,0,-1.0,20.5
1058,S0_normal,O005-01,16.0,1,2,5.0,7,1,8,0,-1.0,17.8
1058,S0_normal,O005-02,16.0,1,2,5.0,7,2,8,0,-1.0,13.1
1058,S0_normal,O006-01,16.0,1,1,5.25,9,1,7,0,-1.0,18.5
1058,S0_normal,O006-02,16.0,1,1,5.25,9,2,7,0,-1.0,16.4
1058,S0_normal,O007-01,16.0,1,1,5.25,10,1,2,0,-1.0,14.6
1058,S0_normal,O007-02,16.0,1,1,5.25,10,2,2,0,-1.0,17.6
1058,S0_normal,O008-01,15.0,0,2,5.25,7,1,9,0,-1.0,17.3
1058,S0_normal,O008-02,15.0,0,2,5.25,7,2,9,0,-1.0,13.8
1058,S0_normal,O009-01,19.0,0,2,5.25,7,1,9,0,-1.0,16.6
1058,S0_normal,O009-02,19.0,0,2,5.25,7,2,9,0,-1.0,16.9
1058,S0_normal,O010-01,15.0,1,0,6.0,7,1,8,0,-1.0,16.4
1058,S0_normal,O011-01,13.0,1,1,4.75,9,1,7,0,-1.0,11.9
1058,S0_normal,O011-02,13.0,1,1,4.75,9,2,7,0,-1.0,12.3
1058,S0_normal,O012-01,19.0,0,2,4.0,10,1,3,0,-1.0,22.7
1058,S0_normal,O013-01,13.0,1,2,6.0,10,1,2,0,-1.0,12.3
1058,S0_normal,O013-02,13.0,1,2,6.0,10,2,2,0,-1.0,12.3
1058,S0_normal,O013-03,13.0,1,2,6.0,10,3,2,0,-1.0,12.7
1058,S0_normal,O013-04,13.0,1,2,6.0,10,4,2,0,-1.0,13.0
1058,S0_normal,O013-05,13.0,1,2,5.75,10,5,2,0,-1.0,11.8
1058,S0_normal,O013-06,13.0,1,2,5.75,10,6,2,0,-1.0,11.9
1058,S0_normal,O014-01,25.0,0,2,3.75,10,1,5,0,-1.0,27.6
1058,S0_normal,O014-02,25.0,0,2,3.75,10,2,5,0,-1.0,26.1
1058,S0_normal,O015-01,13.0,1,0,4.0,8,1,6,0,-1.0,13.7
1058,S0_normal,O016-01,16.0,1,3,5.5,7,1,8,0,-1.0,14.3
1058,S0_normal,O017-01,18.0,1,2,3.5,9,1,7,0,-1.0,14.7
1058,S0_normal,O017-02,18.0,1,2,3.5,9,2,7,0,-1.0,16.0
1058,S0_normal,O018-01,19.0,0,0,5.5,10,1,3,0,-1.0,20.0
1058,S0_normal,O019-01,14.0,1,0,4.0,8,1,10,0,-1.0,18.5
1058,S0_normal,O020-01,15.0,0,0,6.0,6,1,1,0,-1.0,14.2
1058,S0_normal,O021-01,14.0,1,0,3.75,9,1,7,0,-1.0,11.9
1058,S0_normal,O021-02,14.0,1,0,3.75,9,2,7,0,-1.0,15.0
1058,S0_normal,O022-01,19.0,0,3,4.5,10,1,5,0,-1.0,18.0
1058,S0_normal,O022-02,19.0,0,3,4.5,10,2,5,0,-1.0,17.4
1058,S0_normal,O022-03,19.0,0,3,4.5,10,3,5,0,-1.0,18.0
1058,S0_normal,O023-01,16.0,0,1,6.0,6,1,1,0,-1.0,15.8
1058,S0_normal,O024-01,16.0,0,2,5.5,6,1,1,0,-1.0,18.1
1058,S0_normal,O024-02,16.0,0,2,5.5,6,2,1,0,-1.0,18.7
1058,S0_normal,O025-01,23.0,0,0,4.0,11,1,4,0,-1.0,25.1
1058,S0_normal,O026-01,12.0,1,1,4.75,9,1,7,0,-1.0,9.8
1058,S0_normal,O026-02,12.0,1,1,4.75,9,2,7,0,-1.0,11.2
1058,S0_normal,O027-01,16.0,1,0,4.75,8,1,6,0,-1.0,20.8
1058,S0_normal,O027-02,16.0,1,0,4.75,8,2,6,0,-1.0,18.5
1058,S0_normal,O027-03,16.0,1,0,4.5,8,3,6,0,-1.0,16.9
1058,S0_normal,O028-01,20.0,0,1,3.5,11,1,4,0,-1.0,23.5
1058,S0_normal,O028-02,20.0,0,1,3.5,11,2,4,0,-1.0,23.2
1058,S0_normal,O029-01,16.0,0,2,4.0,7,1,9,0,-1.0,16.5
1058,S0_normal,O030-01,13.0,1,2,4.25,8,1,10,0,-1.0,13.1
1058,S0_normal,O030-02,13.0,1,2,4.25,8,2,10,0,-1.0,15.0
1059,S0_normal,O001-01,16.0,1,3,4.75,8,1,10,0,-1.0,15.0
1059,S0_normal,O001-02,16.0,1,3,4.75,8,2,10,0,-1.0,14.9
1059,S0_normal,O001-03,16.0,1,3,4.5,8,3,10,0,-1.0,14.4
1059,S0_normal,O002-01,15.0,0,0,3.75,10,1,5,0,-1.0,13.0
1059,S0_normal,O002-02,15.0,0,0,3.75,10,2,5,0,-1.0,16.7
1059,S0_normal,O003-01,17.0,1,3,5.0,8,1,6,0,-1.0,17.0
1059,S0_normal,O003-02,17.0,1,3,4.75,8,2,6,0,-1.0,17.8
1059,S0_normal,O003-03,17.0,1,3,4.75,8,3,6,0,-1.0,17.5
1059,S0_normal,O004-01,23.0,0,0,4.0,6,1,1,0,-1.0,19.1
1059,S0_normal,O004-02,23.0,0,0,4.0,6,2,1,0,-1.0,24.1
1059,S0_normal,O005-01,18.0,1,3,4.25,10,1,2,0,-1.0,18.9
1059,S0_normal,O005-02,18.0,1,3,4.25,10,2,2,0,-1.0,19.7
1059,S0_normal,O005-03,18.0,1,3,4.0,10,3,2,0,-1.0,18.5
1059,S0_normal,O006-01,17.0,0,0,5.75,7,1,9,0,-1.0,22.1
1059,S0_normal,O006-02,17.0,0,0,5.75,7,2,9,0,-1.0,19.5
1059,S0_normal,O006-03,17.0,0,0,5.5,7,3,9,0,-1.0,16.5
1059,S0_normal,O006-04,17.0,0,0,5.5,7,4,9,0,-1.0,13.7
1059,S0_normal,O007-01,13.0,1,2,5.0,8,1,10,0,-1.0,12.2
1059,S0_normal,O007-02,13.0,1,2,5.0,8,2,10,0,-1.0,11.6
1059,S0_normal,O008-01,13.0,1,2,3.25,7,1,8,0,-1.0,12.8
1059,S0_normal,O008-02,13.0,1,2,3.25,7,2,8,0,-1.0,11.7
1059,S0_normal,O009-01,18.0,1,2,4.0,7,1,8,0,-1.0,16.6
1059,S0_normal,O010-01,18.0,0,2,4.25,11,1,4,0,-1.0,24.5
1059,S0_normal,O010-02,18.0,0,2,4.25,11,2,4,0,-1.0,15.4
1059,S0_normal,O011-01,17.0,1,0,4.0,9,1,7,0,-1.0,19.0
1059,S0_normal,O011-02,17.0,1,0,4.0,9,2,7,0,-1.0,18.7
1059,S0_normal,O012-01,23.0,0,2,3.25,6,1,1,0,-1.0,33.1
1059,S0_normal,O012-02,23.0,0,2,3.25,6,2,1,0,-1.0,19.6
1059,S0_normal,O013-01,22.0,0,0,4.25,11,1,4,0,-1.0,18.5
1059,S0_normal,O013-02,22.0,0,0,4.25,11,2,4,0,-1.0,23.5
1059,S0_normal,O014-01,21.0,0,3,5.75,6,1,1,0,-1.0,24.1
1059,S0_normal,O014-02,21.0,0,3,5.75,6,2,1,0,-1.0,21.0
1059,S0_normal,O014-03,21.0,0,3,5.75,6,3,1,0,-1.0,19.4
1059,S0_normal,O014-04,21.0,0,3,5.75,6,4,1,0,-1.0,19.4
1059,S0_normal,O015-01,25.0,0,2,4.5,10,1,3,0,-1.0,20.0
1059,S0_normal,O015-02,25.0,0,2,4.5,10,2,3,0,-1.0,23.5
1059,S0_normal,O016-01,16.0,1,2,3.25,8,1,6,0,-1.0,19.6
1059,S0_normal,O016-02,16.0,1,2,3.25,8,2,6,0,-1.0,12.3
1059,S0_normal,O017-01,12.0,1,2,5.0,8,1,10,0,-1.0,11.2
1059,S0_normal,O018-01,12.0,1,0,4.5,9,1,7,0,-1.0,13.3
1059,S0_normal,O018-02,12.0,1,0,4.5,9,2,7,0,-1.0,12.0
1059,S0_normal,O019-01,13.0,1,3,5.75,8,1,6,0,-1.0,15.6
1059,S0_normal,O019-02,13.0,1,3,5.75,8,2,6,0,-1.0,15.4
1059,S0_normal,O019-03,13.0,1,3,5.5,8,3,6,0,-1.0,11.0
1059,S0_normal,O020-01,16.0,1,1,5.0,7,1,8,0,-1.0,13.8
1059,S0_normal,O021-01,18.0,1,0,5.75,9,1,7,0,-1.0,23.6
1059,S0_normal,O021-02,18.0,1,0,5.75,9,2,7,0,-1.0,14.2
1059,S0_normal,O022-01,16.0,1,0,5.5,10,1,2,0,-1.0,10.4
1059,S0_normal,O022-02,16.0,1,0,5.5,10,2,2,0,-1.0,15.9
1059,S0_normal,O022-03,16.0,1,0,5.5,10,3,2,0,-1.0,17.3
1059,S0_normal,O022-04,16.0,1,0,5.5,10,4,2,0,-1.0,15.3
1059,S0_normal,O023-01,16.0,0,2,4.75,10,1,3,0,-1.0,17.2
1059,S0_normal,O023-02,16.0,0,2,4.75,10,2,3,0,-1.0,19.3
1059,S0_normal,O024-01,21.0,0,3,4.75,7,1,9,0,-1.0,19.7
1059,S0_normal,O024-02,21.0,0,3,4.75,7,2,9,0,-1.0,16.4
1059,S0_normal,O024-03,21.0,0,3,4.5,7,3,9,0,-1.0,19.6
1059,S0_normal,O025-01,19.0,0,2,6.0,6,1,1,0,-1.0,22.4
1059,S0_normal,O025-02,19.0,0,2,6.0,6,2,1,0,-1.0,21.9
1059,S0_normal,O026-01,15.0,1,0,6.0,10,1,2,0,-1.0,12.0
1059,S0_normal,O027-01,25.0,0,3,3.5,11,1,4,0,-1.0,28.8
1059,S0_normal,O027-02,25.0,0,3,3.5,11,2,4,0,-1.0,29.3
1059,S0_normal,O028-01,22.0,0,1,4.5,11,1,4,0,-1.0,22.4
1059,S0_normal,O028-02,22.0,0,1,4.5,11,2,4,0,-1.0,21.8
1059,S0_normal,O028-03,22.0,0,1,4.5,11,3,4,0,-1.0,21.7
1059,S0_normal,O029-01,16.0,1,0,5.25,8,1,6,0,-1.0,20.6
1059,S0_normal,O029-02,16.0,1,0,5.25,8,2,6,0,-1.0,19.5
1059,S0_normal,O029-03,16.0,1,0,5.0,8,3,6,0,-1.0,16.0
1059,S0_normal,O029-04,16.0,1,0,5.0,8,4,6,0,-1.0,15.4
1059,S0_normal,O030-01,12.0,1,1,4.0,10,1,2,0,-1.0,10.5
1060,S7_mixed_disruption,O001-01,22.0,0,1,5.0,6,1,1,0,-1.0,21.8
1060,S7_mixed_disruption,O001-02,22.0,0,1,5.0,6,2,1,0,-1.0,22.0
1060,S7_mixed_disruption,O002-01,16.0,1,0,4.25,7,1,8,0,-1.0,15.0
1060,S7_mixed_disruption,O002-02,16.0,1,0,4.25,7,2,8,0,-1.0,17.0
1060,S7_mixed_disruption,O003-01,21.0,0,0,5.0,10,1,3,0,-1.0,21.4
1060,S7_mixed_disruption,O003-02,21.0,0,0,5.0,10,2,3,0,-1.0,17.1
1060,S7_mixed_disruption,O003-03,21.0,0,0,5.0,10,3,3,0,-1.0,21.7
1060,S7_mixed_disruption,O003-04,21.0,0,0,5.0,10,4,3,0,-1.0,19.3
1060,S7_mixed_disruption,O004-01,15.0,1,0,4.75,7,1,8,0,-1.0,16.5
1060,S7_mixed_disruption,O004-02,15.0,1,0,4.75,7,2,8,0,-1.0,11.9
1060,S7_mixed_disruption,O004-03,15.0,1,0,4.5,7,3,8,0,-1.0,15.4
1060,S7_mixed_disruption,O005-01,12.0,1,0,5.75,10,1,2,0,-1.0,12.1
1060,S7_mixed_disruption,O005-02,12.0,1,0,5.75,10,2,2,0,-1.0,10.8
1060,S7_mixed_disruption,O005-03,12.0,1,0,5.5,10,3,2,0,-1.0,12.6
1060,S7_mixed_disruption,O005-04,12.0,1,0,5.5,10,4,2,0,-1.0,11.5
1060,S7_mixed_disruption,O006-01,15.0,1,1,5.0,10,1,2,0,-1.0,16.5
1060,S7_mixed_disruption,O006-02,15.0,1,1,5.0,10,2,2,0,-1.0,17.9
1060,S7_mixed_disruption,O006-03,15.0,1,1,5.0,10,3,2,0,-1.0,13.5
1060,S7_mixed_disruption,O007-01,14.0,1,3,5.0,8,1,10,0,-1.0,16.4
1060,S7_mixed_disruption,O007-02,14.0,1,3,5.0,8,2,10,0,-1.0,14.4
1060,S7_mixed_disruption,O007-03,14.0,1,3,5.0,8,3,10,0,-1.0,15.7
1060,S7_mixed_disruption,O008-01,25.0,0,3,3.25,10,1,5,0,-1.0,20.7
1060,S7_mixed_disruption,O008-02,25.0,0,3,3.25,10,2,5,0,-1.0,30.8
1060,S7_mixed_disruption,O009-01,16.0,0,1,3.75,6,1,1,0,-1.0,17.4
1060,S7_mixed_disruption,O009-02,16.0,0,1,3.75,6,2,1,0,-1.0,13.8
1060,S7_mixed_disruption,O010-01,17.0,0,0,6.0,10,1,5,0,-1.0,17.2
1060,S7_mixed_disruption,O010-02,17.0,0,0,6.0,10,2,5,0,-1.0,15.8
1060,S7_mixed_disruption,O011-01,14.0,1,3,5.5,9,1,7,0,-1.0,14.1
1060,S7_mixed_disruption,O012-01,14.0,1,2,4.25,8,1,6,0,-1.0,17.2
1060,S7_mixed_disruption,O012-02,14.0,1,2,4.25,8,2,6,0,-1.0,14.6
1060,S7_mixed_disruption,O012-03,14.0,1,2,4.0,8,3,6,0,-1.0,12.4
1060,S7_mixed_disruption,O013-01,19.0,0,3,5.5,10,1,5,0,-1.0,24.2
1060,S7_mixed_disruption,O014-01,16.0,1,2,6.0,8,1,6,0,-1.0,20.8
1060,S7_mixed_disruption,O015-01,14.0,1,0,4.75,8,1,6,0,-1.0,13.5
1060,S7_mixed_disruption,O015-02,14.0,1,0,4.75,8,2,6,0,-1.0,13.4
1060,S7_mixed_disruption,O015-03,14.0,1,0,4.5,8,3,6,1,-1.0,15.3
1060,S7_mixed_disruption,O016-01,18.0,0,0,5.5,7,1,9,0,-1.0,18.4
1060,S7_mixed_disruption,O017-01,12.0,1,0,6.0,8,1,10,0,-1.0,9.8
1060,S7_mixed_disruption,O017-02,12.0,1,0,6.0,8,2,10,0,-1.0,9.3
1060,S7_mixed_disruption,O018-01,17.0,0,1,5.5,10,1,3,0,-1.0,14.6
1060,S7_mixed_disruption,O019-01,16.0,0,3,6.0,11,1,4,0,-1.0,20.1
1060,S7_mixed_disruption,O020-01,25.0,0,2,4.75,6,1,1,0,-1.0,24.2
1060,S7_mixed_disruption,O020-02,25.0,0,2,4.75,6,2,1,0,-1.0,20.1
1060,S7_mixed_disruption,O020-03,25.0,0,2,4.5,6,3,1,0,-1.0,25.2
1060,S7_mixed_disruption,O021-01,16.0,0,1,3.5,11,1,4,0,-1.0,15.2
1060,S7_mixed_disruption,O021-02,16.0,0,1,3.5,11,2,4,0,-1.0,12.4
1060,S7_mixed_disruption,O022-01,17.0,0,1,4.5,10,1,5,0,-1.0,16.7
1060,S7_mixed_disruption,O022-02,17.0,0,1,4.5,10,2,5,0,-1.0,17.5
1060,S7_mixed_disruption,O023-01,15.0,1,1,5.5,9,1,7,0,-1.0,13.9
1060,S7_mixed_disruption,O024-01,23.0,0,0,6.0,10,1,3,0,-1.0,19.8
1060,S7_mixed_disruption,O024-02,23.0,0,0,6.0,10,2,3,0,-1.0,28.1
1060,S7_mixed_disruption,O025-01,21.0,0,0,3.25,10,1,5,0,-1.0,24.8
1060,S7_mixed_disruption,O025-02,21.0,0,0,3.25,10,2,5,0,-1.0,18.9
1060,S7_mixed_disruption,O026-01,23.0,0,3,3.25,11,1,4,0,-1.0,22.1
1060,S7_mixed_disruption,O026-02,23.0,0,3,3.25,11,2,4,0,-1.0,22.6
1060,S7_mixed_disruption,O027-01,20.0,0,3,4.0,10,1,3,0,-1.0,22.7
1060,S7_mixed_disruption,O028-01,20.0,0,2,6.0,7,1,9,0,-1.0,20.4
1060,S7_mixed_disruption,O028-02,20.0,0,2,5.75,7,2,9,0,-1.0,19.0
1060,S7_mixed_disruption,O028-03,20.0,0,2,5.75,7,3,9,0,-1.0,20.4
1060,S7_mixed_disruption,O029-01,21.0,0,2,4.0,10,1,5,0,-1.0,21.0
1060,S7_mixed_disruption,O030-01,17.0,0,2,4.5,11,1,4,0,-1.0,13.6
1060,S7_mixed_disruption,O030-02,17.0,0,2,4.5,11,2,4,0,-1.0,17.8
1061,S1_light_traffic,O001-01,17.0,1,0,4.0,7,1,8,0,-1.0,11.1
1061,S1_light_traffic,O001-02,17.0,1,0,4.0,7,2,8,0,-1.0,16.2
1061,S1_light_traffic,O002-01,21.0,0,1,4.0,7,1,9,0,-1.0,21.4
1061,S1_light_traffic,O003-01,17.0,0,3,3.75,10,1,3,0,-1.0,17.5
1061,S1_light_traffic,O003-02,17.0,0,3,3.75,10,2,3,0,-1.0,19.9
1061,S1_light_traffic,O004-01,18.0,0,3,4.5,10,1,5,0,-1.0,16.4
1061,S1_light_traffic,O005-01,18.0,0,2,5.5,10,1,3,0,-1.0,17.8
1061,S1_light_traffic,O006-01,16.0,1,2,5.0,9,1,7,0,-1.0,14.4
1061,S1_light_traffic,O006-02,16.0,1,2,5.0,9,2,7,0,-1.0,15.1
1061,S1_light_traffic,O007-01,17.0,0,2,4.5,11,1,4,0,-1.0,20.8
1061,S1_light_traffic,O008-01,15.0,1,1,4.5,8,1,10,0,-1.0,15.5
1061,S1_light_traffic,O008-02,15.0,1,1,4.25,8,2,10,0,-1.0,14.8
1061,S1_light_traffic,O008-03,15.0,1,1,4.25,8,3,10,0,-1.0,15.3
1061,S1_light_traffic,O009-01,12.0,1,1,4.25,8,1,6,0,-1.0,16.0
1061,S1_light_traffic,O009-02,12.0,1,1,4.25,8,2,6,0,-1.0,15.5
1061,S1_light_traffic,O009-03,12.0,1,1,4.0,8,3,6,0,-1.0,12.3
1061,S1_light_traffic,O010-01,20.0,0,3,4.0,6,1,1,0,-1.0,17.3
1061,S1_light_traffic,O011-01,12.0,1,0,4.5,10,1,2,0,-1.0,12.6
1061,S1_light_traffic,O012-01,20.0,0,3,4.75,10,1,5,0,-1.0,22.2
1061,S1_light_traffic,O012-02,20.0,0,3,4.75,10,2,5,0,-1.0,18.4
1061,S1_light_traffic,O013-01,18.0,0,0,5.75,6,1,1,0,-1.0,18.0
1061,S1_light_traffic,O013-02,18.0,0,0,5.75,6,2,1,0,-1.0,22.5
1061,S1_light_traffic,O014-01,14.0,1,2,3.25,7,1,8,0,-1.0,13.5
1061,S1_light_traffic,O014-02,14.0,1,2,3.25,7,2,8,0,-1.0,21.0
1061,S1_light_traffic,O015-01,23.0,0,2,3.25,10,1,3,0,-1.0,22.3
1061,S1_light_traffic,O015-02,23.0,0,2,3.25,10,2,3,0,-1.0,19.2
1061,S1_light_traffic,O016-01,16.0,0,1,5.5,6,1,1,0,-1.0,16.7
1061,S1_light_traffic,O016-02,16.0,0,1,5.5,6,2,1,0,-1.0,20.4
1061,S1_light_traffic,O016-03,16.0,0,1,5.25,6,3,1,0,-1.0,21.7
1061,S1_light_traffic,O016-04,16.0,0,1,5.25,6,4,1,0,-1.0,17.0
1061,S1_light_traffic,O017-01,22.0,0,3,3.5,10,1,5,0,-1.0,19.5
1061,S1_light_traffic,O017-02,22.0,0,3,3.5,10,2,5,0,-1.0,19.4
1061,S1_light_traffic,O018-01,13.0,1,0,5.5,9,1,7,0,-1.0,15.9
1061,S1_light_traffic,O018-02,13.0,1,0,5.5,9,2,7,0,-1.0,13.8
1061,S1_light_traffic,O018-03,13.0,1,0,5.5,9,3,7,0,-1.0,11.5
1061,S1_light_traffic,O018-04,13.0,1,0,5.5,9,4,7,0,-1.0,11.3
1061,S1_light_traffic,O019-01,16.0,1,0,3.25,8,1,10,0,-1.0,19.2
1061,S1_light_traffic,O019-02,16.0,1,0,3.25,8,2,10,0,-1.0,18.5
1061,S1_light_traffic,O020-01,12.0,1,3,5.0,9,1,7,0,-1.0,12.7
1061,S1_light_traffic,O020-02,12.0,1,3,5.0,9,2,7,0,-1.0,11.4
1061,S1_light_traffic,O020-03,12.0,1,3,5.0,9,3,7,0,-1.0,15.2
1061,S1_light_traffic,O020-04,12.0,1,3,5.0,9,4,7,0,-1.0,7.8
1061,S1_light_traffic,O021-01,12.0,1,0,6.0,9,1,7,0,-1.0,10.2
1061,S1_light_traffic,O022-01,17.0,1,3,4.5,7,1,8,0,-1.0,18.2
1061,S1_light_traffic,O022-02,17.0,1,3,4.5,7,2,8,0,-1.0,16.1
1061,S1_light_traffic,O022-03,17.0,1,3,4.5,7,3,8,0,-1.0,14.6
1061,S1_light_traffic,O023-01,16.0,1,3,4.5,8,1,6,0,-1.0,17.6
1061,S1_light_traffic,O023-02,16.0,1,3,4.5,8,2,6,0,-1.0,14.7
1061,S1_light_traffic,O024-01,24.0,0,2,4.5,10,1,3,0,-1.0,23.8
1061,S1_light_traffic,O024-02,24.0,0,2,4.5,10,2,3,0,-1.0,27.1
1061,S1_light_traffic,O025-01,21.0,0,1,4.25,6,1,1,0,-1.0,21.3
1061,S1_light_traffic,O025-02,21.0,0,1,4.25,6,2,1,0,-1.0,19.3
1061,S1_light_traffic,O026-01,13.0,1,1,4.0,7,1,8,0,-1.0,9.9
1061,S1_light_traffic,O027-01,15.0,0,3,6.0,10,1,3,0,-1.0,11.1
1061,S1_light_traffic,O027-02,15.0,0,3,6.0,10,2,3,0,-1.0,15.7
1061,S1_light_traffic,O027-03,15.0,0,3,6.0,10,3,3,0,-1.0,15.9
1061,S1_light_traffic,O028-01,24.0,0,3,5.75,10,1,3,0,-1.0,23.8
1061,S1_light_traffic,O028-02,24.0,0,3,5.75,10,2,3,0,-1.0,28.6
1061,S1_light_traffic,O028-03,24.0,0,3,5.5,10,3,3,0,-1.0,25.5
1061,S1_light_traffic,O028-04,24.0,0,3,5.5,10,4,3,0,-1.0,23.6
1061,S1_light_traffic,O028-05,24.0,0,3,5.5,10,5,3,0,-1.0,22.6
1061,S1_light_traffic,O028-06,24.0,0,3,5.5,10,6,3,0,-1.0,22.9
1061,S1_light_traffic,O029-01,13.0,1,0,4.75,7,1,8,0,-1.0,14.5
1061,S1_light_traffic,O029-02,13.0,1,0,4.75,7,2,8,0,-1.0,14.7
1061,S1_light_traffic,O029-03,13.0,1,0,4.5,7,3,8,0,-1.0,14.8
1061,S1_light_traffic,O029-04,13.0,1,0,4.5,7,4,8,0,-1.0,14.0
1061,S1_light_traffic,O030-01,15.0,1,3,3.5,8,1,10,0,-1.0,13.4
1061,S1_light_traffic,O030-02,15.0,1,3,3.5,8,2,10,0,-1.0,13.7
1062,S0_normal,O001-01,22.0,0,3,6.0,11,1,4,0,-1.0,23.2
1062,S0_normal,O001-02,22.0,0,3,6.0,11,2,4,0,-1.0,22.9
1062,S0_normal,O002-01,21.0,0,3,6.0,7,1,9,0,-1.0,19.8
1062,S0_normal,O002-02,21.0,0,3,5.75,7,2,9,0,-1.0,24.0
1062,S0_normal,O002-03,21.0,0,3,5.75,7,3,9,0,-1.0,19.3
1062,S0_normal,O003-01,24.0,0,3,4.5,10,1,3,0,-1.0,26.1
1062,S0_normal,O004-01,17.0,1,3,5.5,7,1,8,0,-1.0,17.3
1062,S0_normal,O005-01,14.0,1,2,6.0,8,1,10,0,-1.0,14.2
1062,S0_normal,O005-02,14.0,1,2,6.0,8,2,10,0,-1.0,19.0
1062,S0_normal,O006-01,20.0,0,2,5.5,6,1,1,0,-1.0,21.1
1062,S0_normal,O006-02,20.0,0,2,5.5,6,2,1,0,-1.0,19.3
1062,S0_normal,O007-01,23.0,0,3,6.0,11,1,4,0,-1.0,21.9
1062,S0_normal,O008-01,25.0,0,3,4.75,7,1,9,0,-1.0,25.4
1062,S0_normal,O008-02,25.0,0,3,4.75,7,2,9,0,-1.0,25.1
1062,S0_normal,O008-03,25.0,0,3,4.5,7,3,9,0,-1.0,23.8
1062,S0_normal,O008-04,25.0,0,3,4.5,7,4,9,0,-1.0,26.7
1062,S0_normal,O009-01,13.0,1,3,5.0,9,1,7,0,-1.0,13.7
1062,S0_normal,O009-02,13.0,1,3,5.0,9,2,7,0,-1.0,13.6
1062,S0_normal,O009-03,13.0,1,3,5.0,9,3,7,0,-1.0,10.8
1062,S0_normal,O009-04,13.0,1,3,5.0,9,4,7,0,-1.0,16.3
1062,S0_normal,O010-01,14.0,1,1,5.0,7,1,8,0,-1.0,16.1
1062,S0_normal,O010-02,14.0,1,1,5.0,7,2,8,0,-1.0,17.5
1062,S0_normal,O010-03,14.0,1,1,4.75,7,3,8,0,-1.0,17.2
1062,S0_normal,O010-04,14.0,1,1,4.75,7,4,8,0,-1.0,16.5
1062,S0_normal,O011-01,22.0,0,2,5.75,10,1,3,0,-1.0,19.9
1062,S0_normal,O011-02,22.0,0,2,5.75,10,2,3,0,-1.0,24.9
1062,S0_normal,O011-03,22.0,0,2,5.5,10,3,3,0,-1.0,23.7
1062,S0_normal,O011-04,22.0,0,2,5.5,10,4,3,0,-1.0,20.8
1062,S0_normal,O011-05,22.0,0,2,5.5,10,5,3,0,-1.0,33.3
1062,S0_normal,O012-01,12.0,1,2,4.5,10,1,2,0,-1.0,11.7
1062,S0_normal,O012-02,12.0,1,2,4.5,10,2,2,0,-1.0,9.9
1062,S0_normal,O012-03,12.0,1,2,4.5,10,3,2,0,-1.0,11.4
1062,S0_normal,O013-01,17.0,0,2,6.0,7,1,9,0,-1.0,13.3
1062,S0_normal,O013-02,17.0,0,2,6.0,7,2,9,0,-1.0,16.5
1062,S0_normal,O014-01,25.0,0,0,4.0,10,1,3,0,-1.0,21.4
1062,S0_normal,O014-02,25.0,0,0,4.0,10,2,3,0,-1.0,23.0
1062,S0_normal,O015-01,17.0,0,2,5.0,6,1,1,0,-1.0,18.8
1062,S0_normal,O015-02,17.0,0,2,5.0,6,2,1,0,-1.0,15.7
1062,S0_normal,O015-03,17.0,0,2,5.0,6,3,1,0,-1.0,14.1
1062,S0_normal,O015-04,17.0,0,2,5.0,6,4,1,0,-1.0,21.4
1062,S0_normal,O016-01,15.0,0,1,5.25,10,1,3,0,-1.0,18.0
1062,S0_normal,O016-02,15.0,0,1,5.25,10,2,3,0,-1.0,16.6
1062,S0_normal,O017-01,21.0,0,2,5.5,11,1,4,0,-1.0,16.8
1062,S0_normal,O018-01,15.0,0,2,5.0,10,1,3,0,-1.0,12.8
1062,S0_normal,O018-02,15.0,0,2,4.75,10,2,3,0,-1.0,11.4
1062,S0_normal,O018-03,15.0,0,2,4.75,10,3,3,0,-1.0,17.7
1062,S0_normal,O019-01,15.0,0,2,5.25,10,1,5,0,-1.0,11.2
1062,S0_normal,O019-02,15.0,0,2,5.25,10,2,5,0,-1.0,13.5
1062,S0_normal,O019-03,15.0,0,2,5.0,10,3,5,0,-1.0,21.0
1062,S0_normal,O019-04,15.0,0,2,5.0,10,4,5,0,-1.0,12.5
1062,S0_normal,O020-01,12.0,1,0,3.5,7,1,8,0,-1.0,11.3
1062,S0_normal,O020-02,12.0,1,0,3.5,7,2,8,0,-1.0,9.9
1062,S0_normal,O021-01,18.0,1,1,4.75,10,1,2,0,-1.0,14.0
1062,S0_normal,O021-02,18.0,1,1,4.75,10,2,2,0,-1.0,15.7
1062,S0_normal,O022-01,23.0,0,0,3.25,6,1,1,0,-1.0,24.9
1062,S0_normal,O022-02,23.0,0,0,3.25,6,2,1,0,-1.0,19.4
1062,S0_normal,O023-01,12.0,1,2,4.5,9,1,7,0,-1.0,12.5
1062,S0_normal,O023-02,12.0,1,2,4.5,9,2,7,0,-1.0,11.1
1062,S0_normal,O024-01,15.0,1,3,3.5,8,1,10,0,-1.0,10.6
1062,S0_normal,O024-02,15.0,1,3,3.5,8,2,10,0,-1.0,14.5
1062,S0_normal,O025-01,24.0,0,2,6.0,7,1,9,0,-1.0,27.9
1062,S0_normal,O026-01,14.0,1,3,5.5,8,1,6,0,-1.0,10.7
1062,S0_normal,O027-01,25.0,0,2,5.25,10,1,3,0,-1.0,24.3
1062,S0_normal,O027-02,25.0,0,2,5.25,10,2,3,0,-1.0,27.8
1062,S0_normal,O028-01,20.0,0,1,5.75,6,1,1,0,-1.0,17.6
1062,S0_normal,O028-02,20.0,0,1,5.75,6,2,1,0,-1.0,20.0
1062,S0_normal,O028-03,20.0,0,1,5.75,6,3,1,0,-1.0,18.9
1062,S0_normal,O028-04,20.0,0,1,5.75,6,4,1,0,-1.0,17.0
1062,S0_normal,O029-01,14.0,1,0,5.5,10,1,2,0,-1.0,13.4
1062,S0_normal,O030-01,13.0,1,0,5.25,8,1,10,0,-1.0,13.9
1062,S0_normal,O030-02,13.0,1,0,5.25,8,2,10,0,-1.0,12.5
1063,S7_mixed_disruption,O001-01,17.0,0,2,4.0,11,1,4,0,-1.0,17.9
1063,S7_mixed_disruption,O002-01,17.0,0,0,5.25,10,1,3,0,-1.0,15.3
1063,S7_mixed_disruption,O002-02,17.0,0,0,5.25,10,2,3,0,-1.0,20.6
1063,S7_mixed_disruption,O002-03,17.0,0,0,5.0,10,3,3,0,-1.0,21.8
1063,S7_mixed_disruption,O003-01,14.0,1,2,4.5,8,1,10,0,-1.0,15.7
1063,S7_mixed_disruption,O004-01,19.0,0,2,5.0,6,1,1,0,-1.0,21.7
1063,S7_mixed_disruption,O004-02,19.0,0,2,5.0,6,2,1,0,-1.0,16.3
1063,S7_mixed_disruption,O004-03,19.0,0,2,5.0,6,3,1,0,-1.0,16.8
1063,S7_mixed_disruption,O005-01,15.0,1,1,4.0,7,1,8,0,-1.0,15.0
1063,S7_mixed_disruption,O005-02,15.0,1,1,4.0,7,2,8,0,-1.0,18.2
1063,S7_mixed_disruption,O006-01,14.0,1,0,6.0,7,1,8,0,-1.0,13.7
1063,S7_mixed_disruption,O006-02,14.0,1,0,5.75,7,2,8,0,-1.0,19.7
1063,S7_mixed_disruption,O006-03,14.0,1,0,5.75,7,3,8,0,-1.0,18.8
1063,S7_mixed_disruption,O007-01,24.0,0,1,6.0,10,1,3,0,-1.0,21.9
1063,S7_mixed_disruption,O007-02,24.0,0,1,5.75,10,2,3,0,-1.0,27.1
1063,S7_mixed_disruption,O007-03,24.0,0,1,5.75,10,3,3,0,-1.0,31.5
1063,S7_mixed_disruption,O008-01,12.0,1,0,5.25,10,1,2,0,-1.0,9.2
1063,S7_mixed_disruption,O008-02,12.0,1,0,5.25,10,2,2,0,-1.0,11.1
1063,S7_mixed_disruption,O008-03,12.0,1,0,5.0,10,3,2,0,-1.0,11.3
1063,S7_mixed_disruption,O009-01,16.0,1,1,5.25,8,1,6,0,-1.0,14.8
1063,S7_mixed_disruption,O009-02,16.0,1,1,5.25,8,2,6,0,-1.0,21.9
1063,S7_mixed_disruption,O010-01,19.0,0,2,4.0,7,1,9,0,-1.0,15.7
1063,S7_mixed_disruption,O011-01,18.0,1,2,4.25,9,1,7,0,-1.0,13.2
1063,S7_mixed_disruption,O011-02,18.0,1,2,4.25,9,2,7,0,-1.0,16.3
1063,S7_mixed_disruption,O012-01,22.0,0,2,4.25,7,1,9,0,-1.0,21.5
1063,S7_mixed_disruption,O012-02,22.0,0,2,4.25,7,2,9,0,-1.0,22.8
1063,S7_mixed_disruption,O013-01,14.0,1,3,5.5,10,1,2,0,-1.0,11.7
1063,S7_mixed_disruption,O013-02,14.0,1,3,5.5,10,2,2,0,-1.0,14.1
1063,S7_mixed_disruption,O013-03,14.0,1,3,5.25,10,3,2,0,-1.0,14.3
1063,S7_mixed_disruption,O013-04,14.0,1,3,5.25,10,4,2,0,-1.0,10.3
1063,S7_mixed_disruption,O014-01,23.0,0,1,5.0,11,1,4,0,-1.0,21.9
1063,S7_mixed_disruption,O014-02,23.0,0,1,5.0,11,2,4,0,-1.0,17.3
1063,S7_mixed_disruption,O015-01,12.0,1,0,4.5,8,1,6,0,-1.0,15.2
1063,S7_mixed_disruption,O016-01,17.0,1,0,5.0,9,1,7,0,-1.0,23.0
1063,S7_mixed_disruption,O016-02,17.0,1,0,5.0,9,2,7,0,-1.0,26.9
1063,S7_mixed_disruption,O016-03,17.0,1,0,4.75,9,3,7,1,-1.0,21.6
1063,S7_mixed_disruption,O016-04,17.0,1,0,4.75,9,4,7,1,-1.0,21.7
1063,S7_mixed_disruption,O017-01,17.0,0,2,4.0,10,1,3,0,-1.0,19.9
1063,S7_mixed_disruption,O017-02,17.0,0,2,4.0,10,2,3,0,-1.0,16.3
1063,S7_mixed_disruption,O018-01,23.0,0,3,6.0,10,1,5,0,-1.0,25.3
1063,S7_mixed_disruption,O019-01,19.0,0,1,5.5,7,1,9,0,-1.0,24.2
1063,S7_mixed_disruption,O020-01,19.0,0,2,6.0,11,1,4,0,-1.0,17.6
1063,S7_mixed_disruption,O020-02,19.0,0,2,5.75,11,2,4,0,-1.0,16.0
1063,S7_mixed_disruption,O020-03,19.0,0,2,5.75,11,3,4,0,-1.0,17.7
1063,S7_mixed_disruption,O021-01,18.0,1,1,4.0,8,1,6,0,-1.0,18.0
1063,S7_mixed_disruption,O022-01,15.0,0,1,5.0,10,1,5,0,-1.0,13.6
1063,S7_mixed_disruption,O022-02,15.0,0,1,5.0,10,2,5,0,-1.0,12.5
1063,S7_mixed_disruption,O022-03,15.0,0,1,5.0,10,3,5,0,-1.0,13.8
1063,S7_mixed_disruption,O023-01,15.0,0,2,5.75,6,1,1,0,-1.0,16.0
1063,S7_mixed_disruption,O023-02,15.0,0,2,5.75,6,2,1,0,-1.0,17.4
1063,S7_mixed_disruption,O023-03,15.0,0,2,5.75,6,3,1,0,-1.0,16.9
1063,S7_mixed_disruption,O023-04,15.0,0,2,5.75,6,4,1,0,-1.0,17.3
1063,S7_mixed_disruption,O023-05,15.0,0,2,5.75,6,5,1,0,-1.0,13.6
1063,S7_mixed_disruption,O023-06,15.0,0,2,5.75,6,6,1,0,-1.0,17.4
1063,S7_mixed_disruption,O023-07,15.0,0,2,5.5,6,7,1,0,-1.0,15.1
1063,S7_mixed_disruption,O024-01,23.0,0,3,4.0,10,1,5,0,-1.0,18.1
1063,S7_mixed_disruption,O025-01,12.0,1,3,6.0,9,1,7,0,-1.0,9.7
1063,S7_mixed_disruption,O025-02,12.0,1,3,5.75,9,2,7,0,-1.0,12.1
1063,S7_mixed_disruption,O025-03,12.0,1,3,5.75,9,3,7,0,-1.0,14.3
1063,S7_mixed_disruption,O026-01,25.0,0,0,5.5,6,1,1,0,-1.0,32.5
1063,S7_mixed_disruption,O026-02,25.0,0,0,5.25,6,2,1,0,-1.0,22.2
1063,S7_mixed_disruption,O026-03,25.0,0,0,5.25,6,3,1,0,-1.0,27.7
1063,S7_mixed_disruption,O027-01,18.0,0,2,4.5,7,1,9,0,-1.0,15.8
1063,S7_mixed_disruption,O027-02,18.0,0,2,4.5,7,2,9,0,-1.0,16.7
1063,S7_mixed_disruption,O027-03,18.0,0,2,4.5,7,3,9,0,-1.0,16.9
1063,S7_mixed_disruption,O028-01,12.0,1,3,4.25,8,1,10,0,-1.0,13.1
1063,S7_mixed_disruption,O028-02,12.0,1,3,4.25,8,2,10,0,-1.0,12.3
1063,S7_mixed_disruption,O028-03,12.0,1,3,4.0,8,3,10,0,-1.0,10.8
1063,S7_mixed_disruption,O029-01,18.0,1,3,4.0,9,1,7,0,-1.0,20.6
1063,S7_mixed_disruption,O029-02,18.0,1,3,4.0,9,2,7,0,-1.0,14.8
1063,S7_mixed_disruption,O030-01,25.0,0,1,3.25,10,1,5,0,-1.0,25.0
1063,S7_mixed_disruption,O030-02,25.0,0,1,3.25,10,2,5,0,-1.0,27.9
1064,S7_mixed_disruption,O001-01,12.0,1,0,4.75,8,1,6,0,-1.0,11.6
1064,S7_mixed_disruption,O001-02,12.0,1,0,4.75,8,2,6,0,-1.0,15.4
1064,S7_mixed_disruption,O002-01,15.0,0,0,6.0,11,1,4,0,-1.0,14.9
1064,S7_mixed_disruption,O002-02,15.0,0,0,6.0,11,2,4,0,-1.0,12.4
1064,S7_mixed_disruption,O003-01,23.0,0,2,4.75,10,1,5,0,-1.0,26.7
1064,S7_mixed_disruption,O003-02,23.0,0,2,4.75,10,2,5,0,-1.0,21.3
1064,S7_mixed_disruption,O003-03,23.0,0,2,4.5,10,3,5,0,-1.0,26.6
1064,S7_mixed_disruption,O004-01,14.0,1,3,5.25,10,1,2,0,-1.0,15.2
1064,S7_mixed_disruption,O004-02,14.0,1,3,5.25,10,2,2,0,-1.0,18.3
1064,S7_mixed_disruption,O004-03,14.0,1,3,5.25,10,3,2,0,-1.0,18.3
1064,S7_mixed_disruption,O004-04,14.0,1,3,5.25,10,4,2,0,-1.0,10.8
1064,S7_mixed_disruption,O005-01,21.0,0,0,5.0,7,1,9,0,-1.0,16.7
1064,S7_mixed_disruption,O005-02,21.0,0,0,5.0,7,2,9,0,-1.0,18.9
1064,S7_mixed_disruption,O006-01,14.0,1,3,4.75,9,1,7,0,-1.0,17.8
1064,S7_mixed_disruption,O006-02,14.0,1,3,4.75,9,2,7,0,-1.0,11.3
1064,S7_mixed_disruption,O006-03,14.0,1,3,4.5,9,3,7,0,-1.0,18.8
1064,S7_mixed_disruption,O007-01,14.0,1,2,4.75,10,1,2,0,-1.0,13.6
1064,S7_mixed_disruption,O007-02,14.0,1,2,4.75,10,2,2,0,-1.0,12.2
1064,S7_mixed_disruption,O008-01,17.0,0,2,3.25,11,1,4,0,-1.0,16.9
1064,S7_mixed_disruption,O008-02,17.0,0,2,3.25,11,2,4,0,-1.0,11.7
1064,S7_mixed_disruption,O009-01,15.0,0,1,3.25,10,1,3,0,-1.0,15.5
1064,S7_mixed_disruption,O009-02,15.0,0,1,3.25,10,2,3,0,-1.0,15.2
1064,S7_mixed_disruption,O010-01,20.0,0,1,6.0,6,1,1,0,-1.0,20.6
1064,S7_mixed_disruption,O011-01,20.0,0,2,4.75,10,1,5,0,-1.0,18.8
1064,S7_mixed_disruption,O011-02,20.0,0,2,4.75,10,2,5,0,-1.0,15.0
1064,S7_mixed_disruption,O011-03,20.0,0,2,4.75,10,3,5,0,-1.0,20.4
1064,S7_mixed_disruption,O011-04,20.0,0,2,4.75,10,4,5,0,-1.0,29.3
1064,S7_mixed_disruption,O012-01,25.0,0,1,4.5,10,1,5,0,-1.0,25.5
1064,S7_mixed_disruption,O013-01,16.0,1,1,4.5,8,1,6,0,-1.0,16.1
1064,S7_mixed_disruption,O013-02,16.0,1,1,4.5,8,2,6,0,-1.0,18.1
1064,S7_mixed_disruption,O013-03,16.0,1,1,4.5,8,3,6,0,-1.0,17.5
1064,S7_mixed_disruption,O014-01,15.0,0,3,4.0,6,1,1,0,-1.0,17.2
1064,S7_mixed_disruption,O015-01,17.0,0,0,4.25,10,1,5,0,-1.0,18.3
1064,S7_mixed_disruption,O015-02,17.0,0,0,4.25,10,2,5,0,-1.0,13.8
1064,S7_mixed_disruption,O016-01,12.0,1,3,5.25,7,1,8,0,-1.0,13.0
1064,S7_mixed_disruption,O016-02,12.0,1,3,5.25,7,2,8,0,-1.0,13.7
1064,S7_mixed_disruption,O017-01,12.0,1,3,3.5,10,1,2,0,-1.0,13.3
1064,S7_mixed_disruption,O017-02,12.0,1,3,3.5,10,2,2,0,-1.0,12.3
1064,S7_mixed_disruption,O018-01,14.0,1,2,4.5,8,1,10,0,-1.0,10.1
1064,S7_mixed_disruption,O018-02,14.0,1,2,4.5,8,2,10,0,-1.0,12.0
1064,S7_mixed_disruption,O019-01,22.0,0,2,4.75,10,1,3,0,-1.0,24.5
1064,S7_mixed_disruption,O019-02,22.0,0,2,4.75,10,2,3,0,-1.0,19.2
1064,S7_mixed_disruption,O020-01,17.0,1,1,4.5,7,1,8,0,-1.0,19.9
1064,S7_mixed_disruption,O020-02,17.0,1,1,4.5,7,2,8,0,-1.0,15.8
1064,S7_mixed_disruption,O021-01,12.0,1,1,3.5,10,1,2,0,-1.0,8.9
1064,S7_mixed_disruption,O021-02,12.0,1,1,3.5,10,2,2,0,-1.0,12.2
1064,S7_mixed_disruption,O022-01,14.0,1,2,4.0,8,1,6,0,-1.0,14.3
1064,S7_mixed_disruption,O023-01,18.0,0,2,5.0,7,1,9,0,-1.0,25.7
1064,S7_mixed_disruption,O024-01,15.0,1,0,5.75,9,1,7,0,-1.0,12.3
1064,S7_mixed_disruption,O024-02,15.0,1,0,5.75,9,2,7,0,-1.0,16.0
1064,S7_mixed_disruption,O025-01,12.0,1,0,5.5,7,1,8,0,-1.0,12.0
1064,S7_mixed_disruption,O025-02,12.0,1,0,5.25,7,2,8,0,-1.0,12.0
1064,S7_mixed_disruption,O025-03,12.0,1,0,5.25,7,3,8,0,-1.0,12.4
1064,S7_mixed_disruption,O026-01,20.0,0,0,4.0,10,1,3,0,-1.0,17.8
1064,S7_mixed_disruption,O027-01,17.0,1,3,5.5,10,1,2,0,-1.0,21.1
1064,S7_mixed_disruption,O028-01,14.0,1,3,4.5,8,1,6,0,-1.0,10.3
1064,S7_mixed_disruption,O029-01,24.0,0,2,5.75,11,1,4,0,-1.0,25.0
1064,S7_mixed_disruption,O029-02,24.0,0,2,5.75,11,2,4,0,-1.0,22.5
1064,S7_mixed_disruption,O029-03,24.0,0,2,5.5,11,3,4,0,-1.0,28.7
1064,S7_mixed_disruption,O029-04,24.0,0,2,5.5,11,4,4,0,-1.0,18.9
1064,S7_mixed_disruption,O030-01,25.0,0,1,5.5,11,1,4,0,-1.0,28.9
1064,S7_mixed_disruption,O030-02,25.0,0,1,5.5,11,2,4,0,-1.0,26.7
1064,S7_mixed_disruption,O030-03,25.0,0,1,5.5,11,3,4,0,-1.0,24.9
1064,S7_mixed_disruption,O030-04,25.0,0,1,5.5,11,4,4,0,-1.0,24.8
1064,S7_mixed_disruption,O030-05,25.0,0,1,5.5,11,5,4,0,-1.0,26.0
1064,S7_mixed_disruption,O030-06,25.0,0,1,5.5,11,6,4,0,-1.0,22.7
1064,S7_mixed_disruption,O030-07,25.0,0,1,5.5,11,7,4,0,-1.0,23.8
1065,S1_light_traffic,O001-01,16.0,1,0,5.0,8,1,10,0,-1.0,12.6
1065,S1_light_traffic,O002-01,16.0,0,3,4.25,10,1,3,0,-1.0,17.4
1065,S1_light_traffic,O002-02,16.0,0,3,4.25,10,2,3,0,-1.0,14.6
1065,S1_light_traffic,O003-01,16.0,0,0,3.5,6,1,1,0,-1.0,16.4
1065,S1_light_traffic,O003-02,16.0,0,0,3.5,6,2,1,0,-1.0,12.6
1065,S1_light_traffic,O004-01,21.0,0,1,4.0,10,1,5,0,-1.0,21.4
1065,S1_light_traffic,O005-01,16.0,1,3,4.5,7,1,8,0,-1.0,19.7
1065,S1_light_traffic,O005-02,16.0,1,3,4.5,7,2,8,0,-1.0,12.9
1065,S1_light_traffic,O005-03,16.0,1,3,4.5,7,3,8,0,-1.0,14.8
1065,S1_light_traffic,O006-01,15.0,1,2,5.0,10,1,2,0,-1.0,12.6
1065,S1_light_traffic,O006-02,15.0,1,2,5.0,10,2,2,0,-1.0,15.2
1065,S1_light_traffic,O007-01,16.0,1,2,4.5,9,1,7,0,-1.0,14.7
1065,S1_light_traffic,O007-02,16.0,1,2,4.5,9,2,7,0,-1.0,18.0
1065,S1_light_traffic,O007-03,16.0,1,2,4.5,9,3,7,0,-1.0,17.4
1065,S1_light_traffic,O008-01,14.0,1,3,5.0,7,1,8,0,-1.0,13.8
1065,S1_light_traffic,O008-02,14.0,1,3,5.0,7,2,8,0,-1.0,17.0
1065,S1_light_traffic,O008-03,14.0,1,3,5.0,7,3,8,0,-1.0,12.3
1065,S1_light_traffic,O009-01,16.0,0,0,5.0,7,1,9,0,-1.0,18.3
1065,S1_light_traffic,O009-02,16.0,0,0,5.0,7,2,9,0,-1.0,17.1
1065,S1_light_traffic,O009-03,16.0,0,0,5.0,7,3,9,0,-1.0,18.0
1065,S1_light_traffic,O009-04,16.0,0,0,5.0,7,4,9,0,-1.0,16.9
1065,S1_light_traffic,O009-05,16.0,0,0,5.0,7,5,9,0,-1.0,14.7
1065,S1_light_traffic,O010-01,12.0,1,0,4.75,9,1,7,0,-1.0,13.6
1065,S1_light_traffic,O010-02,12.0,1,0,4.75,9,2,7,0,-1.0,12.8
1065,S1_light_traffic,O010-03,12.0,1,0,4.5,9,3,7,0,-1.0,11.8
1065,S1_light_traffic,O011-01,25.0,0,2,5.75,10,1,3,0,-1.0,20.4
1065,S1_light_traffic,O011-02,25.0,0,2,5.75,10,2,3,0,-1.0,17.4
1065,S1_light_traffic,O011-03,25.0,0,2,5.5,10,3,3,0,-1.0,27.9
1065,S1_light_traffic,O012-01,18.0,1,2,6.0,8,1,6,0,-1.0,22.7
1065,S1_light_traffic,O012-02,18.0,1,2,6.0,8,2,6,0,-1.0,19.6
1065,S1_light_traffic,O012-03,18.0,1,2,6.0,8,3,6,0,-1.0,19.0
1065,S1_light_traffic,O012-04,18.0,1,2,6.0,8,4,6,0,-1.0,19.3
1065,S1_light_traffic,O012-05,18.0,1,2,6.0,8,5,6,0,-1.0,15.3
1065,S1_light_traffic,O013-01,14.0,1,3,5.5,10,1,2,0,-1.0,18.0
1065,S1_light_traffic,O013-02,14.0,1,3,5.5,10,2,2,0,-1.0,13.2
1065,S1_light_traffic,O014-01,18.0,1,0,3.5,9,1,7,0,-1.0,14.8
1065,S1_light_traffic,O014-02,18.0,1,0,3.5,9,2,7,0,-1.0,13.3
1065,S1_light_traffic,O015-01,18.0,1,0,5.75,9,1,7,0,-1.0,16.3
1065,S1_light_traffic,O015-02,18.0,1,0,5.75,9,2,7,0,-1.0,21.9
1065,S1_light_traffic,O015-03,18.0,1,0,5.5,9,3,7,0,-1.0,16.6
1065,S1_light_traffic,O016-01,21.0,0,1,4.25,11,1,4,0,-1.0,23.7
1065,S1_light_traffic,O016-02,21.0,0,1,4.25,11,2,4,0,-1.0,18.9
1065,S1_light_traffic,O017-01,22.0,0,2,3.5,6,1,1,0,-1.0,19.6
1065,S1_light_traffic,O017-02,22.0,0,2,3.5,6,2,1,0,-1.0,29.0
1065,S1_light_traffic,O018-01,14.0,1,1,4.75,10,1,2,0,-1.0,15.5
1065,S1_light_traffic,O018-02,14.0,1,1,4.75,10,2,2,0,-1.0,12.6
1065,S1_light_traffic,O019-01,14.0,1,0,5.0,8,1,10,0,-1.0,18.0
1065,S1_light_traffic,O020-01,22.0,0,1,3.75,6,1,1,0,-1.0,20.2
1065,S1_light_traffic,O020-02,22.0,0,1,3.75,6,2,1,0,-1.0,26.2
1065,S1_light_traffic,O021-01,19.0,0,2,4.0,11,1,4,0,-1.0,21.9
1065,S1_light_traffic,O022-01,14.0,1,1,5.0,8,1,10,0,-1.0,10.6
1065,S1_light_traffic,O023-01,15.0,0,2,4.5,7,1,9,0,-1.0,17.3
1065,S1_light_traffic,O024-01,16.0,0,2,4.5,10,1,3,0,-1.0,20.3
1065,S1_light_traffic,O024-02,16.0,0,2,4.25,10,2,3,0,-1.0,17.4
1065,S1_light_traffic,O024-03,16.0,0,2,4.25,10,3,3,0,-1.0,22.1
1065,S1_light_traffic,O025-01,25.0,0,1,5.5,10,1,3,0,-1.0,24.6
1065,S1_light_traffic,O026-01,19.0,0,3,4.5,10,1,3,0,-1.0,26.5
1065,S1_light_traffic,O026-02,19.0,0,3,4.5,10,2,3,0,-1.0,16.9
1065,S1_light_traffic,O027-01,21.0,0,2,4.5,11,1,4,0,-1.0,20.6
1065,S1_light_traffic,O027-02,21.0,0,2,4.25,11,2,4,0,-1.0,16.3
1065,S1_light_traffic,O027-03,21.0,0,2,4.25,11,3,4,0,-1.0,23.6
1065,S1_light_traffic,O028-01,19.0,0,2,4.25,7,1,9,0,-1.0,17.9
1065,S1_light_traffic,O028-02,19.0,0,2,4.25,7,2,9,0,-1.0,18.8
1065,S1_light_traffic,O028-03,19.0,0,2,4.0,7,3,9,0,-1.0,18.5
1065,S1_light_traffic,O029-01,20.0,0,0,4.75,7,1,9,0,-1.0,21.9
1065,S1_light_traffic,O029-02,20.0,0,0,4.75,7,2,9,0,-1.0,23.3
1065,S1_light_traffic,O029-03,20.0,0,0,4.5,7,3,9,0,-1.0,19.8
1065,S1_light_traffic,O030-01,17.0,1,3,5.5,8,1,6,0,-1.0,15.2
1065,S1_light_traffic,O030-02,17.0,1,3,5.5,8,2,6,0,-1.0,20.4
1066,S3_site_delay,O001-01,16.0,1,3,3.5,10,1,2,0,-1.0,14.2
1066,S3_site_delay,O001-02,16.0,1,3,3.5,10,2,2,0,-1.0,14.0
1066,S3_site_delay,O002-01,24.0,0,0,3.5,6,1,1,0,-1.0,26.6
1066,S3_site_delay,O002-02,24.0,0,0,3.5,6,2,1,0,-1.0,22.9
1066,S3_site_delay,O003-01,16.0,0,1,4.5,11,1,4,0,-1.0,18.2
1066,S3_site_delay,O004-01,21.0,0,1,4.75,10,1,5,0,-1.0,22.1
1066,S3_site_delay,O004-02,21.0,0,1,4.75,10,2,5,0,-1.0,20.6
1066,S3_site_delay,O005-01,14.0,1,2,5.0,10,1,2,0,-1.0,17.1
1066,S3_site_delay,O006-01,15.0,0,3,5.25,10,1,3,0,-1.0,15.8
1066,S3_site_delay,O006-02,15.0,0,3,5.25,10,2,3,0,-1.0,14.4
1066,S3_site_delay,O007-01,20.0,0,1,4.5,10,1,5,0,-1.0,17.4
1066,S3_site_delay,O008-01,19.0,0,0,6.0,11,1,4,0,-1.0,18.3
1066,S3_site_delay,O008-02,19.0,0,0,6.0,11,2,4,0,-1.0,17.1
1066,S3_site_delay,O009-01,20.0,0,3,4.5,6,1,1,0,-1.0,20.2
1066,S3_site_delay,O009-02,20.0,0,3,4.5,6,2,1,0,-1.0,24.5
1066,S3_site_delay,O010-01,16.0,1,2,4.5,8,1,10,0,-1.0,15.4
1066,S3_site_delay,O011-01,19.0,0,1,6.0,10,1,3,0,-1.0,16.8
1066,S3_site_delay,O012-01,16.0,1,1,5.5,8,1,6,0,-1.0,15.2
1066,S3_site_delay,O013-01,15.0,1,3,6.0,7,1,8,0,-1.0,14.4
1066,S3_site_delay,O013-02,15.0,1,3,5.75,7,2,8,0,-1.0,17.4
1066,S3_site_delay,O013-03,15.0,1,3,5.75,7,3,8,0,-1.0,15.0
1066,S3_site_delay,O014-01,14.0,1,3,5.0,8,1,6,0,-1.0,11.9
1066,S3_site_delay,O014-02,14.0,1,3,5.0,8,2,6,0,-1.0,16.4
1066,S3_site_delay,O015-01,12.0,1,1,4.0,9,1,7,0,-1.0,14.6
1066,S3_site_delay,O016-01,19.0,0,0,5.5,6,1,1,0,-1.0,19.9
1066,S3_site_delay,O017-01,17.0,0,3,5.5,7,1,9,0,-1.0,19.6
1066,S3_site_delay,O018-01,14.0,1,3,4.5,9,1,7,0,-1.0,15.4
1066,S3_site_delay,O018-02,14.0,1,3,4.5,9,2,7,0,-1.0,14.1
1066,S3_site_delay,O019-01,16.0,1,2,6.0,9,1,7,0,-1.0,14.7
1066,S3_site_delay,O019-02,16.0,1,2,6.0,9,2,7,0,-1.0,15.8
1066,S3_site_delay,O019-03,16.0,1,2,6.0,9,3,7,0,-1.0,14.8
1066,S3_site_delay,O020-01,13.0,1,1,6.0,7,1,8,0,-1.0,14.4
1066,S3_site_delay,O020-02,13.0,1,1,6.0,7,2,8,0,-1.0,17.4
1066,S3_site_delay,O021-01,23.0,0,1,3.5,11,1,4,0,-1.0,29.6
1066,S3_site_delay,O021-02,23.0,0,1,3.5,11,2,4,0,-1.0,26.8
1066,S3_site_delay,O022-01,25.0,0,0,5.0,10,1,5,0,-1.0,19.1
1066,S3_site_delay,O022-02,25.0,0,0,5.0,10,2,5,0,-1.0,24.7
1066,S3_site_delay,O022-03,25.0,0,0,5.0,10,3,5,0,-1.0,22.6
1066,S3_site_delay,O023-01,15.0,1,3,4.0,9,1,7,0,-1.0,12.7
1066,S3_site_delay,O024-01,14.0,1,3,3.5,7,1,8,0,-1.0,15.5
1066,S3_site_delay,O024-02,14.0,1,3,3.5,7,2,8,0,-1.0,13.6
1066,S3_site_delay,O025-01,17.0,1,1,5.0,10,1,2,0,-1.0,16.1
1066,S3_site_delay,O026-01,21.0,0,2,4.25,10,1,3,0,-1.0,18.3
1066,S3_site_delay,O026-02,21.0,0,2,4.25,10,2,3,0,-1.0,23.0
1066,S3_site_delay,O027-01,17.0,1,3,5.0,9,1,7,0,-1.0,15.8
1066,S3_site_delay,O028-01,22.0,0,2,4.0,7,1,9,0,-1.0,15.9
1066,S3_site_delay,O029-01,17.0,1,0,5.0,7,1,8,0,-1.0,18.4
1066,S3_site_delay,O029-02,17.0,1,0,5.0,7,2,8,0,-1.0,18.1
1066,S3_site_delay,O030-01,16.0,1,3,4.25,7,1,8,0,-1.0,16.2
1066,S3_site_delay,O030-02,16.0,1,3,4.25,7,2,8,0,-1.0,13.8
1067,S1_light_traffic,O001-01,24.0,0,3,5.0,10,1,3,0,-1.0,27.2
1067,S1_light_traffic,O001-02,24.0,0,3,4.75,10,2,3,0,-1.0,25.8
1067,S1_light_traffic,O001-03,24.0,0,3,4.75,10,3,3,0,-1.0,21.7
1067,S1_light_traffic,O002-01,18.0,1,2,6.0,8,1,6,0,-1.0,18.1
1067,S1_light_traffic,O002-02,18.0,1,2,6.0,8,2,6,0,-1.0,27.5
1067,S1_light_traffic,O002-03,18.0,1,2,6.0,8,3,6,0,-1.0,16.2
1067,S1_light_traffic,O002-04,18.0,1,2,6.0,8,4,6,0,-1.0,17.5
1067,S1_light_traffic,O003-01,12.0,1,3,6.0,9,1,7,0,-1.0,15.9
1067,S1_light_traffic,O003-02,12.0,1,3,6.0,9,2,7,0,-1.0,11.2
1067,S1_light_traffic,O003-03,12.0,1,3,6.0,9,3,7,0,-1.0,12.3
1067,S1_light_traffic,O004-01,20.0,0,3,5.5,7,1,9,0,-1.0,18.8
1067,S1_light_traffic,O005-01,16.0,1,0,6.0,9,1,7,0,-1.0,19.8
1067,S1_light_traffic,O005-02,16.0,1,0,6.0,9,2,7,0,-1.0,18.0
1067,S1_light_traffic,O006-01,25.0,0,1,5.0,11,1,4,0,-1.0,27.4
1067,S1_light_traffic,O006-02,25.0,0,1,4.75,11,2,4,0,-1.0,21.7
1067,S1_light_traffic,O006-03,25.0,0,1,4.75,11,3,4,0,-1.0,28.6
1067,S1_light_traffic,O007-01,12.0,1,2,6.0,8,1,10,0,-1.0,13.4
1067,S1_light_traffic,O007-02,12.0,1,2,6.0,8,2,10,0,-1.0,13.9
1067,S1_light_traffic,O008-01,17.0,1,2,4.75,7,1,8,0,-1.0,13.9
1067,S1_light_traffic,O008-02,17.0,1,2,4.75,7,2,8,0,-1.0,13.8
1067,S1_light_traffic,O008-03,17.0,1,2,4.5,7,3,8,0,-1.0,14.1
1067,S1_light_traffic,O008-04,17.0,1,2,4.5,7,4,8,0,-1.0,17.5
1067,S1_light_traffic,O009-01,20.0,0,3,4.75,11,1,4,0,-1.0,22.2
1067,S1_light_traffic,O009-02,20.0,0,3,4.75,11,2,4,0,-1.0,18.3
1067,S1_light_traffic,O010-01,18.0,0,2,5.5,7,1,9,0,-1.0,17.1
1067,S1_light_traffic,O010-02,18.0,0,2,5.5,7,2,9,0,-1.0,20.7
1067,S1_light_traffic,O011-01,13.0,1,2,3.25,7,1,8,0,-1.0,15.6
1067,S1_light_traffic,O011-02,13.0,1,2,3.25,7,2,8,0,-1.0,14.3
1067,S1_light_traffic,O012-01,16.0,1,3,5.5,8,1,10,0,-1.0,16.4
1067,S1_light_traffic,O013-01,14.0,1,2,5.0,9,1,7,0,-1.0,14.3
1067,S1_light_traffic,O014-01,17.0,1,3,4.5,9,1,7,0,-1.0,22.8
1067,S1_light_traffic,O014-02,17.0,1,3,4.5,9,2,7,0,-1.0,16.7
1067,S1_light_traffic,O015-01,25.0,0,1,3.25,10,1,5,0,-1.0,29.7
1067,S1_light_traffic,O015-02,25.0,0,1,3.25,10,2,5,0,-1.0,31.8
1067,S1_light_traffic,O016-01,15.0,1,2,5.75,9,1,7,0,-1.0,17.8
1067,S1_light_traffic,O016-02,15.0,1,2,5.75,9,2,7,0,-1.0,13.5
1067,S1_light_traffic,O016-03,15.0,1,2,5.5,9,3,7,0,-1.0,14.7
1067,S1_light_traffic,O016-04,15.0,1,2,5.5,9,4,7,0,-1.0,19.8
1067,S1_light_traffic,O017-01,19.0,0,2,5.5,10,1,5,0,-1.0,25.7
1067,S1_light_traffic,O017-02,19.0,0,2,5.25,10,2,5,0,-1.0,16.5
1067,S1_light_traffic,O017-03,19.0,0,2,5.25,10,3,5,0,-1.0,18.7
1067,S1_light_traffic,O018-01,25.0,0,0,3.25,10,1,5,0,-1.0,22.0
1067,S1_light_traffic,O018-02,25.0,0,0,3.25,10,2,5,0,-1.0,21.9
1067,S1_light_traffic,O019-01,15.0,0,3,5.0,10,1,5,0,-1.0,15.3
1067,S1_light_traffic,O020-01,18.0,1,1,5.75,7,1,8,0,-1.0,20.8
1067,S1_light_traffic,O020-02,18.0,1,1,5.75,7,2,8,0,-1.0,18.2
1067,S1_light_traffic,O020-03,18.0,1,1,5.75,7,3,8,0,-1.0,21.1
1067,S1_light_traffic,O020-04,18.0,1,1,5.75,7,4,8,0,-1.0,17.5
1067,S1_light_traffic,O021-01,20.0,0,0,3.25,6,1,1,0,-1.0,24.5
1067,S1_light_traffic,O021-02,20.0,0,0,3.25,6,2,1,0,-1.0,19.2
1067,S1_light_traffic,O022-01,14.0,1,1,5.0,7,1,8,0,-1.0,15.9
1067,S1_light_traffic,O022-02,14.0,1,1,4.75,7,2,8,0,-1.0,11.7
1067,S1_light_traffic,O022-03,14.0,1,1,4.75,7,3,8,0,-1.0,12.1
1067,S1_light_traffic,O023-01,15.0,0,0,6.0,6,1,1,0,-1.0,14.7
1067,S1_light_traffic,O023-02,15.0,0,0,6.0,6,2,1,0,-1.0,16.1
1067,S1_light_traffic,O023-03,15.0,0,0,6.0,6,3,1,0,-1.0,16.7
1067,S1_light_traffic,O023-04,15.0,0,0,5.75,6,4,1,0,-1.0,11.3
1067,S1_light_traffic,O023-05,15.0,0,0,5.75,6,5,1,0,-1.0,12.6
1067,S1_light_traffic,O024-01,18.0,1,2,6.0,8,1,10,0,-1.0,19.1
1067,S1_light_traffic,O024-02,18.0,1,2,5.75,8,2,10,0,-1.0,21.0
1067,S1_light_traffic,O024-03,18.0,1,2,5.75,8,3,10,0,-1.0,16.7
1067,S1_light_traffic,O025-01,14.0,1,0,5.5,7,1,8,0,-1.0,20.7
1067,S1_light_traffic,O025-02,14.0,1,0,5.5,7,2,8,0,-1.0,14.2
1067,S1_light_traffic,O025-03,14.0,1,0,5.5,7,3,8,0,-1.0,13.9
1067,S1_light_traffic,O025-04,14.0,1,0,5.25,7,4,8,0,-1.0,14.1
1067,S1_light_traffic,O025-05,14.0,1,0,5.25,7,5,8,0,-1.0,18.0
1067,S1_light_traffic,O026-01,19.0,0,2,4.5,11,1,4,0,-1.0,19.1
1067,S1_light_traffic,O026-02,19.0,0,2,4.5,11,2,4,0,-1.0,18.6
1067,S1_light_traffic,O026-03,19.0,0,2,4.5,11,3,4,0,-1.0,18.5
1067,S1_light_traffic,O027-01,20.0,0,0,5.75,7,1,9,0,-1.0,20.5
1067,S1_light_traffic,O027-02,20.0,0,0,5.75,7,2,9,0,-1.0,19.1
1067,S1_light_traffic,O027-03,20.0,0,0,5.75,7,3,9,0,-1.0,22.9
1067,S1_light_traffic,O027-04,20.0,0,0,5.75,7,4,9,0,-1.0,21.5
1067,S1_light_traffic,O028-01,13.0,1,2,4.0,8,1,6,0,-1.0,12.0
1067,S1_light_traffic,O029-01,14.0,1,3,4.75,8,1,10,0,-1.0,17.6
1067,S1_light_traffic,O029-02,14.0,1,3,4.75,8,2,10,0,-1.0,16.3
1067,S1_light_traffic,O029-03,14.0,1,3,4.5,8,3,10,0,-1.0,16.9
1067,S1_light_traffic,O029-04,14.0,1,3,4.5,8,4,10,0,-1.0,24.2
1067,S1_light_traffic,O030-01,13.0,1,2,5.25,10,1,2,0,-1.0,10.4
1067,S1_light_traffic,O030-02,13.0,1,2,5.25,10,2,2,0,-1.0,11.2
1068,S3_site_delay,O001-01,18.0,1,1,3.5,7,1,8,0,-1.0,25.1
1068,S3_site_delay,O001-02,18.0,1,1,3.5,7,2,8,0,-1.0,18.8
1068,S3_site_delay,O002-01,15.0,1,1,4.0,9,1,7,0,-1.0,13.7
1068,S3_site_delay,O002-02,15.0,1,1,4.0,9,2,7,0,-1.0,12.9
1068,S3_site_delay,O003-01,18.0,1,3,5.75,9,1,7,0,-1.0,18.7
1068,S3_site_delay,O003-02,18.0,1,3,5.75,9,2,7,0,-1.0,18.7
1068,S3_site_delay,O004-01,22.0,0,2,4.0,7,1,9,0,-1.0,32.2
1068,S3_site_delay,O004-02,22.0,0,2,4.0,7,2,9,0,-1.0,27.2
1068,S3_site_delay,O005-01,13.0,1,1,4.75,8,1,6,0,-1.0,7.9
1068,S3_site_delay,O005-02,13.0,1,1,4.75,8,2,6,0,-1.0,13.3
1068,S3_site_delay,O006-01,15.0,1,2,3.25,10,1,2,0,-1.0,15.3
1068,S3_site_delay,O006-02,15.0,1,2,3.25,10,2,2,0,-1.0,13.0
1068,S3_site_delay,O007-01,15.0,1,1,6.0,7,1,8,0,-1.0,13.9
1068,S3_site_delay,O008-01,15.0,1,1,6.0,9,1,7,0,-1.0,12.5
1068,S3_site_delay,O009-01,12.0,1,0,4.5,8,1,10,0,-1.0,12.2
1068,S3_site_delay,O009-02,12.0,1,0,4.25,8,2,10,0,-1.0,19.1
1068,S3_site_delay,O009-03,12.0,1,0,4.25,8,3,10,0,-1.0,10.2
1068,S3_site_delay,O010-01,12.0,1,2,4.0,9,1,7,0,-1.0,12.8
1068,S3_site_delay,O011-01,15.0,1,2,5.0,8,1,10,0,-1.0,16.2
1068,S3_site_delay,O011-02,15.0,1,2,5.0,8,2,10,0,-1.0,14.7
1068,S3_site_delay,O012-01,15.0,0,1,6.0,10,1,3,0,-1.0,18.0
1068,S3_site_delay,O013-01,13.0,1,1,4.0,8,1,6,0,-1.0,10.3
1068,S3_site_delay,O014-01,16.0,1,1,6.0,7,1,8,0,-1.0,17.7
1068,S3_site_delay,O015-01,17.0,0,3,4.0,10,1,3,0,-1.0,21.5
1068,S3_site_delay,O016-01,25.0,0,2,4.0,7,1,9,0,-1.0,21.4
1068,S3_site_delay,O017-01,25.0,0,1,5.25,11,1,4,0,-1.0,22.5
1068,S3_site_delay,O017-02,25.0,0,1,5.25,11,2,4,0,-1.0,27.0
1068,S3_site_delay,O017-03,25.0,0,1,5.0,11,3,4,0,-1.0,31.2
1068,S3_site_delay,O018-01,17.0,1,3,5.5,8,1,10,0,-1.0,15.6
1068,S3_site_delay,O018-02,17.0,1,3,5.5,8,2,10,0,-1.0,14.7
1068,S3_site_delay,O019-01,12.0,1,0,4.5,8,1,6,0,-1.0,11.9
1068,S3_site_delay,O020-01,25.0,0,0,4.5,10,1,5,0,-1.0,29.5
1068,S3_site_delay,O020-02,25.0,0,0,4.5,10,2,5,0,-1.0,22.1
1068,S3_site_delay,O021-01,21.0,0,2,4.0,10,1,5,0,-1.0,21.3
1068,S3_site_delay,O022-01,15.0,0,3,4.75,11,1,4,0,-1.0,14.6
1068,S3_site_delay,O022-02,15.0,0,3,4.75,11,2,4,0,-1.0,13.2
1068,S3_site_delay,O023-01,18.0,1,2,3.75,9,1,7,0,-1.0,16.8
1068,S3_site_delay,O023-02,18.0,1,2,3.75,9,2,7,0,-1.0,16.9
1068,S3_site_delay,O024-01,15.0,0,2,4.5,6,1,1,0,-1.0,18.2
1068,S3_site_delay,O024-02,15.0,0,2,4.5,6,2,1,0,-1.0,18.3
1068,S3_site_delay,O024-03,15.0,0,2,4.5,6,3,1,0,-1.0,12.1
1068,S3_site_delay,O025-01,16.0,0,3,5.0,6,1,1,0,-1.0,21.2
1068,S3_site_delay,O025-02,16.0,0,3,5.0,6,2,1,0,-1.0,18.6
1068,S3_site_delay,O025-03,16.0,0,3,5.0,6,3,1,0,-1.0,16.3
1068,S3_site_delay,O026-01,17.0,0,3,6.0,7,1,9,0,-1.0,17.0
1068,S3_site_delay,O026-02,17.0,0,3,6.0,7,2,9,0,-1.0,19.4
1068,S3_site_delay,O027-01,15.0,0,0,4.5,10,1,5,0,-1.0,11.5
1068,S3_site_delay,O028-01,17.0,0,2,4.75,10,1,3,0,-1.0,18.0
1068,S3_site_delay,O028-02,17.0,0,2,4.75,10,2,3,0,-1.0,17.9
1068,S3_site_delay,O028-03,17.0,0,2,4.75,10,3,3,0,-1.0,17.7
1068,S3_site_delay,O028-04,17.0,0,2,4.75,10,4,3,0,-1.0,18.0
1068,S3_site_delay,O029-01,24.0,0,2,6.0,6,1,1,0,-1.0,26.7
1068,S3_site_delay,O029-02,24.0,0,2,6.0,6,2,1,0,-1.0,24.1
1068,S3_site_delay,O029-03,24.0,0,2,5.75,6,3,1,0,-1.0,26.0
1068,S3_site_delay,O029-04,24.0,0,2,5.75,6,4,1,0,-1.0,25.0
1068,S3_site_delay,O029-05,24.0,0,2,5.75,6,5,1,0,-1.0,21.9
1068,S3_site_delay,O029-06,24.0,0,2,5.75,6,6,1,0,-1.0,27.8
1068,S3_site_delay,O030-01,19.0,0,0,6.0,11,1,4,0,-1.0,22.0
1069,S7_mixed_disruption,O001-01,23.0,0,0,4.5,10,1,3,0,-1.0,20.6
1069,S7_mixed_disruption,O001-02,23.0,0,0,4.5,10,2,3,0,-1.0,22.2
1069,S7_mixed_disruption,O002-01,14.0,1,1,4.75,10,1,2,0,-1.0,16.3
1069,S7_mixed_disruption,O002-02,14.0,1,1,4.75,10,2,2,0,-1.0,14.0
1069,S7_mixed_disruption,O002-03,14.0,1,1,4.75,10,3,2,0,-1.0,12.8
1069,S7_mixed_disruption,O002-04,14.0,1,1,4.75,10,4,2,0,-1.0,14.6
1069,S7_mixed_disruption,O003-01,24.0,0,1,3.25,11,1,4,0,-1.0,21.3
1069,S7_mixed_disruption,O003-02,24.0,0,1,3.25,11,2,4,0,-1.0,27.9
1069,S7_mixed_disruption,O004-01,22.0,0,1,4.75,10,1,3,0,-1.0,19.4
1069,S7_mixed_disruption,O004-02,22.0,0,1,4.75,10,2,3,0,-1.0,19.5
1069,S7_mixed_disruption,O005-01,19.0,0,0,4.0,10,1,5,0,-1.0,19.7
1069,S7_mixed_disruption,O006-01,19.0,0,2,5.5,7,1,9,0,-1.0,18.5
1069,S7_mixed_disruption,O007-01,19.0,0,0,4.75,10,1,5,0,-1.0,22.8
1069,S7_mixed_disruption,O007-02,19.0,0,0,4.75,10,2,5,0,-1.0,16.6
1069,S7_mixed_disruption,O008-01,14.0,1,0,4.5,8,1,6,0,-1.0,15.5
1069,S7_mixed_disruption,O008-02,14.0,1,0,4.25,8,2,6,0,-1.0,11.8
1069,S7_mixed_disruption,O008-03,14.0,1,0,4.25,8,3,6,0,-1.0,15.4
1069,S7_mixed_disruption,O009-01,24.0,0,0,5.0,10,1,3,0,-1.0,24.9
1069,S7_mixed_disruption,O009-02,24.0,0,0,5.0,10,2,3,0,-1.0,34.4
1069,S7_mixed_disruption,O009-03,24.0,0,0,4.75,10,3,3,0,-1.0,23.8
1069,S7_mixed_disruption,O009-04,24.0,0,0,4.75,10,4,3,0,-1.0,25.8
1069,S7_mixed_disruption,O010-01,12.0,1,3,5.0,8,1,6,0,-1.0,11.2
1069,S7_mixed_disruption,O010-02,12.0,1,3,5.0,8,2,6,0,-1.0,13.1
1069,S7_mixed_disruption,O011-01,17.0,0,1,4.5,10,1,5,0,-1.0,17.8
1069,S7_mixed_disruption,O011-02,17.0,0,1,4.5,10,2,5,0,-1.0,22.8
1069,S7_mixed_disruption,O012-01,12.0,1,1,5.25,8,1,10,0,-1.0,11.6
1069,S7_mixed_disruption,O012-02,12.0,1,1,5.25,8,2,10,0,-1.0,11.6
1069,S7_mixed_disruption,O013-01,15.0,1,0,3.5,7,1,8,0,-1.0,14.3
1069,S7_mixed_disruption,O013-02,15.0,1,0,3.5,7,2,8,0,-1.0,14.1
1069,S7_mixed_disruption,O014-01,14.0,1,2,5.0,7,1,8,0,-1.0,20.0
1069,S7_mixed_disruption,O014-02,14.0,1,2,4.75,7,2,8,0,-1.0,13.9
1069,S7_mixed_disruption,O014-03,14.0,1,2,4.75,7,3,8,0,-1.0,11.6
1069,S7_mixed_disruption,O015-01,16.0,1,3,5.0,8,1,6,0,-1.0,12.4
1069,S7_mixed_disruption,O015-02,16.0,1,3,5.0,8,2,6,0,-1.0,15.5
1069,S7_mixed_disruption,O016-01,14.0,1,2,4.0,10,1,2,0,-1.0,13.4
1069,S7_mixed_disruption,O016-02,14.0,1,2,4.0,10,2,2,0,-1.0,11.7
1069,S7_mixed_disruption,O017-01,13.0,1,1,3.25,7,1,8,0,-1.0,9.4
1069,S7_mixed_disruption,O017-02,13.0,1,1,3.25,7,2,8,0,-1.0,13.4
1069,S7_mixed_disruption,O018-01,15.0,1,3,4.5,9,1,7,0,-1.0,17.4
1069,S7_mixed_disruption,O019-01,25.0,0,0,4.5,7,1,9,0,-1.0,29.4
1069,S7_mixed_disruption,O019-02,25.0,0,0,4.25,7,2,9,0,-1.0,25.5
1069,S7_mixed_disruption,O019-03,25.0,0,0,4.25,7,3,9,0,-1.0,23.6
1069,S7_mixed_disruption,O020-01,19.0,0,0,4.0,7,1,9,0,-1.0,18.8
1069,S7_mixed_disruption,O021-01,15.0,0,0,4.25,6,1,1,0,-1.0,13.5
1069,S7_mixed_disruption,O021-02,15.0,0,0,4.25,6,2,1,0,-1.0,13.6
1069,S7_mixed_disruption,O022-01,17.0,1,3,3.75,10,1,2,0,-1.0,21.5
1069,S7_mixed_disruption,O022-02,17.0,1,3,3.75,10,2,2,0,-1.0,14.5
1069,S7_mixed_disruption,O023-01,15.0,0,2,4.5,11,1,4,0,-1.0,18.4
1069,S7_mixed_disruption,O023-02,15.0,0,2,4.25,11,2,4,0,-1.0,14.3
1069,S7_mixed_disruption,O023-03,15.0,0,2,4.25,11,3,4,0,-1.0,13.9
1069,S7_mixed_disruption,O024-01,18.0,1,2,3.25,8,1,10,0,-1.0,19.8
1069,S7_mixed_disruption,O024-02,18.0,1,2,3.25,8,2,10,0,-1.0,17.4
1069,S7_mixed_disruption,O025-01,24.0,0,1,3.25,10,1,5,0,-1.0,25.6
1069,S7_mixed_disruption,O025-02,24.0,0,1,3.25,10,2,5,0,-1.0,20.9
1069,S7_mixed_disruption,O026-01,15.0,0,2,6.0,10,1,3,0,-1.0,15.3
1069,S7_mixed_disruption,O027-01,16.0,1,1,5.5,8,1,6,0,-1.0,13.9
1069,S7_mixed_disruption,O027-02,16.0,1,1,5.25,8,2,6,0,-1.0,14.3
1069,S7_mixed_disruption,O027-03,16.0,1,1,5.25,8,3,6,0,-1.0,15.3
1069,S7_mixed_disruption,O028-01,15.0,1,3,6.0,9,1,7,0,-1.0,22.1
1069,S7_mixed_disruption,O028-02,15.0,1,3,6.0,9,2,7,0,-1.0,19.0
1069,S7_mixed_disruption,O029-01,16.0,0,2,4.25,10,1,3,0,-1.0,13.8
1069,S7_mixed_disruption,O029-02,16.0,0,2,4.25,10,2,3,0,-1.0,15.0
1069,S7_mixed_disruption,O030-01,17.0,0,2,3.75,10,1,5,0,-1.0,18.4
1069,S7_mixed_disruption,O030-02,17.0,0,2,3.75,10,2,5,0,-1.0,18.3
1070,S3_site_delay,O001-01,14.0,1,3,3.25,8,1,10,0,-1.0,15.9
1070,S3_site_delay,O001-02,14.0,1,3,3.25,8,2,10,0,-1.0,12.9
1070,S3_site_delay,O002-01,17.0,0,1,5.5,7,1,9,0,-1.0,22.9
1070,S3_site_delay,O002-02,17.0,0,1,5.5,7,2,9,0,-1.0,19.0
1070,S3_site_delay,O003-01,13.0,1,1,5.0,8,1,10,0,-1.0,11.7
1070,S3_site_delay,O003-02,13.0,1,1,4.75,8,2,10,0,-1.0,12.1
1070,S3_site_delay,O003-03,13.0,1,1,4.75,8,3,10,0,-1.0,12.5
1070,S3_site_delay,O004-01,17.0,1,2,5.5,7,1,8,0,-1.0,18.8
1070,S3_site_delay,O004-02,17.0,1,2,5.5,7,2,8,0,-1.0,17.2
1070,S3_site_delay,O005-01,25.0,0,3,5.75,10,1,5,0,-1.0,30.4
1070,S3_site_delay,O005-02,25.0,0,3,5.75,10,2,5,0,-1.0,19.7
1070,S3_site_delay,O005-03,25.0,0,3,5.5,10,3,5,0,-1.0,26.8
1070,S3_site_delay,O005-04,25.0,0,3,5.5,10,4,5,0,-1.0,25.3
1070,S3_site_delay,O005-05,25.0,0,3,5.5,10,5,5,0,-1.0,25.5
1070,S3_site_delay,O005-06,25.0,0,3,5.5,10,6,5,0,-1.0,27.5
1070,S3_site_delay,O006-01,25.0,0,2,5.0,10,1,5,0,-1.0,26.5
1070,S3_site_delay,O007-01,14.0,1,0,4.75,8,1,6,0,-1.0,15.7
1070,S3_site_delay,O007-02,14.0,1,0,4.75,8,2,6,0,-1.0,14.4
1070,S3_site_delay,O007-03,14.0,1,0,4.5,8,3,6,0,-1.0,15.5
1070,S3_site_delay,O008-01,18.0,1,1,5.25,8,1,10,0,-1.0,15.6
1070,S3_site_delay,O008-02,18.0,1,1,5.25,8,2,10,0,-1.0,16.6
1070,S3_site_delay,O008-03,18.0,1,1,5.0,8,3,10,0,-1.0,14.3
1070,S3_site_delay,O008-04,18.0,1,1,5.0,8,4,10,0,-1.0,19.0
1070,S3_site_delay,O009-01,13.0,1,3,4.75,7,1,8,0,-1.0,13.1
1070,S3_site_delay,O009-02,13.0,1,3,4.75,7,2,8,0,-1.0,12.2
1070,S3_site_delay,O010-01,16.0,1,0,6.0,9,1,7,0,-1.0,16.1
1070,S3_site_delay,O010-02,16.0,1,0,6.0,9,2,7,0,-1.0,11.2
1070,S3_site_delay,O011-01,14.0,1,2,4.25,8,1,10,0,-1.0,14.6
1070,S3_site_delay,O011-02,14.0,1,2,4.25,8,2,10,0,-1.0,13.0
1070,S3_site_delay,O012-01,17.0,0,1,3.25,7,1,9,0,-1.0,19.3
1070,S3_site_delay,O012-02,17.0,0,1,3.25,7,2,9,0,-1.0,18.3
1070,S3_site_delay,O013-01,17.0,1,0,5.75,8,1,6,0,-1.0,14.6
1070,S3_site_delay,O013-02,17.0,1,0,5.75,8,2,6,0,-1.0,18.3
1070,S3_site_delay,O014-01,23.0,0,1,5.25,11,1,4,0,-1.0,21.5
1070,S3_site_delay,O014-02,23.0,0,1,5.25,11,2,4,0,-1.0,19.8
1070,S3_site_delay,O014-03,23.0,0,1,5.25,11,3,4,0,-1.0,24.2
1070,S3_site_delay,O014-04,23.0,0,1,5.25,11,4,4,0,-1.0,21.9
1070,S3_site_delay,O014-05,23.0,0,1,5.0,11,5,4,0,-1.0,21.3
1070,S3_site_delay,O015-01,24.0,0,3,5.5,10,1,3,0,-1.0,25.8
1070,S3_site_delay,O016-01,18.0,0,1,4.0,10,1,5,0,-1.0,18.0
1070,S3_site_delay,O017-01,17.0,1,2,4.5,8,1,6,0,-1.0,15.2
1070,S3_site_delay,O017-02,17.0,1,2,4.5,8,2,6,0,-1.0,18.3
1070,S3_site_delay,O018-01,20.0,0,3,5.0,10,1,5,0,-1.0,20.7
1070,S3_site_delay,O019-01,14.0,1,3,4.25,10,1,2,0,-1.0,13.9
1070,S3_site_delay,O019-02,14.0,1,3,4.25,10,2,2,0,-1.0,12.7
1070,S3_site_delay,O020-01,14.0,1,3,4.75,8,1,10,0,-1.0,14.7
1070,S3_site_delay,O020-02,14.0,1,3,4.75,8,2,10,0,-1.0,13.7
1070,S3_site_delay,O021-01,12.0,1,1,5.5,9,1,7,0,-1.0,13.3
1070,S3_site_delay,O022-01,14.0,1,2,5.25,10,1,2,0,-1.0,15.1
1070,S3_site_delay,O022-02,14.0,1,2,5.25,10,2,2,0,-1.0,16.6
1070,S3_site_delay,O023-01,16.0,1,0,5.0,8,1,10,0,-1.0,17.4
1070,S3_site_delay,O023-02,16.0,1,0,5.0,8,2,10,0,-1.0,17.9
1070,S3_site_delay,O023-03,16.0,1,0,5.0,8,3,10,0,-1.0,11.7
1070,S3_site_delay,O023-04,16.0,1,0,4.75,8,4,10,0,-1.0,16.3
1070,S3_site_delay,O023-05,16.0,1,0,4.75,8,5,10,0,-1.0,16.5
1070,S3_site_delay,O024-01,25.0,0,3,4.25,6,1,1,0,-1.0,28.5
1070,S3_site_delay,O024-02,25.0,0,3,4.25,6,2,1,0,-1.0,26.3
1070,S3_site_delay,O025-01,17.0,1,0,5.0,8,1,6,0,-1.0,17.6
1070,S3_site_delay,O026-01,15.0,0,0,5.0,6,1,1,0,-1.0,12.9
1070,S3_site_delay,O026-02,15.0,0,0,5.0,6,2,1,0,-1.0,16.2
1070,S3_site_delay,O027-01,25.0,0,3,4.75,6,1,1,0,-1.0,20.2
1070,S3_site_delay,O027-02,25.0,0,3,4.75,6,2,1,0,-1.0,29.1
1070,S3_site_delay,O028-01,18.0,1,1,5.5,8,1,10,0,-1.0,15.6
1070,S3_site_delay,O028-02,18.0,1,1,5.25,8,2,10,0,-1.0,14.0
1070,S3_site_delay,O028-03,18.0,1,1,5.25,8,3,10,0,-1.0,20.4
1070,S3_site_delay,O028-04,18.0,1,1,5.25,8,4,10,0,-1.0,19.0
1070,S3_site_delay,O028-05,18.0,1,1,5.25,8,5,10,0,-1.0,19.9
1070,S3_site_delay,O029-01,20.0,0,2,3.75,10,1,5,0,-1.0,21.3
1070,S3_site_delay,O029-02,20.0,0,2,3.75,10,2,5,0,-1.0,17.8
1070,S3_site_delay,O030-01,12.0,1,0,4.0,9,1,7,0,-1.0,14.3
1070,S3_site_delay,O030-02,12.0,1,0,4.0,9,2,7,0,-1.0,16.0
1071,S3_site_delay,O001-01,16.0,0,3,4.0,10,1,5,0,-1.0,17.4
1071,S3_site_delay,O002-01,18.0,1,0,6.0,8,1,6,0,-1.0,16.5
1071,S3_site_delay,O002-02,18.0,1,0,6.0,8,2,6,0,-1.0,15.0
1071,S3_site_delay,O002-03,18.0,1,0,6.0,8,3,6,0,-1.0,18.1
1071,S3_site_delay,O002-04,18.0,1,0,6.0,8,4,6,0,-1.0,24.0
1071,S3_site_delay,O003-01,23.0,0,1,4.25,10,1,3,0,-1.0,30.6
1071,S3_site_delay,O003-02,23.0,0,1,4.25,10,2,3,0,-1.0,21.5
1071,S3_site_delay,O003-03,23.0,0,1,4.0,10,3,3,0,-1.0,23.2
1071,S3_site_delay,O004-01,17.0,1,2,4.25,7,1,8,0,-1.0,21.3
1071,S3_site_delay,O004-02,17.0,1,2,4.25,7,2,8,0,-1.0,16.0
1071,S3_site_delay,O004-03,17.0,1,2,4.0,7,3,8,0,-1.0,16.2
1071,S3_site_delay,O005-01,13.0,1,3,4.5,10,1,2,0,-1.0,12.1
1071,S3_site_delay,O006-01,15.0,1,1,4.0,8,1,6,0,-1.0,12.9
1071,S3_site_delay,O007-01,22.0,0,2,5.5,6,1,1,0,-1.0,18.4
1071,S3_site_delay,O008-01,24.0,0,2,4.0,10,1,3,0,-1.0,19.8
1071,S3_site_delay,O009-01,18.0,1,2,5.5,9,1,7,0,-1.0,19.1
1071,S3_site_delay,O010-01,17.0,0,2,5.75,7,1,9,0,-1.0,14.8
1071,S3_site_delay,O010-02,17.0,0,2,5.75,7,2,9,0,-1.0,17.9
1071,S3_site_delay,O010-03,17.0,0,2,5.75,7,3,9,0,-1.0,17.0
1071,S3_site_delay,O010-04,17.0,0,2,5.75,7,4,9,0,-1.0,18.5
1071,S3_site_delay,O011-01,18.0,0,2,4.75,7,1,9,0,-1.0,16.0
1071,S3_site_delay,O011-02,18.0,0,2,4.75,7,2,9,0,-1.0,18.7
1071,S3_site_delay,O012-01,17.0,0,3,4.25,6,1,1,0,-1.0,19.0
1071,S3_site_delay,O012-02,17.0,0,3,4.25,6,2,1,0,-1.0,17.1
1071,S3_site_delay,O012-03,17.0,0,3,4.0,6,3,1,0,-1.0,20.9
1071,S3_site_delay,O013-01,22.0,0,1,5.0,11,1,4,0,-1.0,20.7
1071,S3_site_delay,O013-02,22.0,0,1,5.0,11,2,4,0,-1.0,20.7
1071,S3_site_delay,O013-03,22.0,0,1,5.0,11,3,4,0,-1.0,22.6
1071,S3_site_delay,O013-04,22.0,0,1,5.0,11,4,4,0,-1.0,25.0
1071,S3_site_delay,O014-01,16.0,1,3,5.5,10,1,2,0,-1.0,15.2
1071,S3_site_delay,O014-02,16.0,1,3,5.5,10,2,2,0,-1.0,17.2
1071,S3_site_delay,O014-03,16.0,1,3,5.5,10,3,2,0,-1.0,14.7
1071,S3_site_delay,O014-04,16.0,1,3,5.25,10,4,2,0,-1.0,13.3
1071,S3_site_delay,O014-05,16.0,1,3,5.25,10,5,2,0,-1.0,17.4
1071,S3_site_delay,O015-01,18.0,1,0,6.0,9,1,7,0,-1.0,21.1
1071,S3_site_delay,O015-02,18.0,1,0,6.0,9,2,7,0,-1.0,15.9
1071,S3_site_delay,O016-01,16.0,1,0,3.25,8,1,10,0,-1.0,18.5
1071,S3_site_delay,O016-02,16.0,1,0,3.25,8,2,10,0,-1.0,14.4
1071,S3_site_delay,O017-01,15.0,1,1,4.5,8,1,6,0,-1.0,14.0
1071,S3_site_delay,O017-02,15.0,1,1,4.5,8,2,6,0,-1.0,11.9
1071,S3_site_delay,O018-01,17.0,1,3,5.75,7,1,8,0,-1.0,17.0
1071,S3_site_delay,O018-02,17.0,1,3,5.75,7,2,8,0,-1.0,19.5
1071,S3_site_delay,O019-01,12.0,1,2,3.25,9,1,7,0,-1.0,10.9
1071,S3_site_delay,O019-02,12.0,1,2,3.25,9,2,7,0,-1.0,9.0
1071,S3_site_delay,O020-01,16.0,0,0,5.0,7,1,9,0,-1.0,16.3
1071,S3_site_delay,O020-02,16.0,0,0,5.0,7,2,9,0,-1.0,16.3
1071,S3_site_delay,O021-01,17.0,0,2,5.5,10,1,5,0,-1.0,17.0
1071,S3_site_delay,O021-02,17.0,0,2,5.5,10,2,5,0,-1.0,13.9
1071,S3_site_delay,O022-01,14.0,1,0,4.0,9,1,7,0,-1.0,17.1
1071,S3_site_delay,O022-02,14.0,1,0,4.0,9,2,7,0,-1.0,18.5
1071,S3_site_delay,O023-01,14.0,1,3,5.0,8,1,10,0,-1.0,16.6
1071,S3_site_delay,O023-02,14.0,1,3,5.0,8,2,10,0,-1.0,16.9
1071,S3_site_delay,O023-03,14.0,1,3,5.0,8,3,10,0,-1.0,13.4
1071,S3_site_delay,O024-01,17.0,0,1,3.5,6,1,1,0,-1.0,15.8
1071,S3_site_delay,O024-02,17.0,0,1,3.5,6,2,1,0,-1.0,15.3
1071,S3_site_delay,O025-01,24.0,0,3,4.5,10,1,3,0,-1.0,20.4
1071,S3_site_delay,O025-02,24.0,0,3,4.5,10,2,3,0,-1.0,30.2
1071,S3_site_delay,O025-03,24.0,0,3,4.5,10,3,3,0,-1.0,22.5
1071,S3_site_delay,O026-01,15.0,0,3,4.0,10,1,3,0,-1.0,12.1
1071,S3_site_delay,O027-01,14.0,1,3,5.75,9,1,7,0,-1.0,14.5
1071,S3_site_delay,O027-02,14.0,1,3,5.75,9,2,7,0,-1.0,13.3
1071,S3_site_delay,O027-03,14.0,1,3,5.5,9,3,7,0,-1.0,12.7
1071,S3_site_delay,O028-01,18.0,1,3,4.5,8,1,6,0,-1.0,18.0
1071,S3_site_delay,O028-02,18.0,1,3,4.5,8,2,6,0,-1.0,18.1
1071,S3_site_delay,O028-03,18.0,1,3,4.5,8,3,6,0,-1.0,14.4
1071,S3_site_delay,O029-01,16.0,0,2,4.75,10,1,3,0,-1.0,16.6
1071,S3_site_delay,O029-02,16.0,0,2,4.75,10,2,3,0,-1.0,16.5
1071,S3_site_delay,O029-03,16.0,0,2,4.5,10,3,3,0,-1.0,15.2
1071,S3_site_delay,O030-01,15.0,1,0,4.5,10,1,2,0,-1.0,12.7
1071,S3_site_delay,O030-02,15.0,1,0,4.5,10,2,2,0,-1.0,16.0
1072,S5_pump_failure,O001-01,15.0,0,1,5.25,11,1,4,0,-1.0,11.0
1072,S5_pump_failure,O001-02,15.0,0,1,5.25,11,2,4,0,-1.0,17.1
1072,S5_pump_failure,O002-01,18.0,0,1,4.0,10,1,3,0,-1.0,17.6
1072,S5_pump_failure,O002-02,18.0,0,1,4.0,10,2,3,0,-1.0,17.9
1072,S5_pump_failure,O003-01,17.0,1,1,5.75,8,1,6,0,-1.0,15.8
1072,S5_pump_failure,O003-02,17.0,1,1,5.75,8,2,6,0,-1.0,15.9
1072,S5_pump_failure,O003-03,17.0,1,1,5.5,8,3,6,0,-1.0,16.1
1072,S5_pump_failure,O003-04,17.0,1,1,5.5,8,4,6,0,-1.0,18.9
1072,S5_pump_failure,O004-01,13.0,1,1,4.75,10,1,2,0,-1.0,13.1
1072,S5_pump_failure,O004-02,13.0,1,1,4.75,10,2,2,0,-1.0,11.9
1072,S5_pump_failure,O005-01,21.0,0,3,6.0,7,1,9,0,-1.0,20.8
1072,S5_pump_failure,O005-02,21.0,0,3,6.0,7,2,9,0,-1.0,17.5
1072,S5_pump_failure,O006-01,16.0,0,0,4.75,7,1,9,0,-1.0,14.4
1072,S5_pump_failure,O006-02,16.0,0,0,4.75,7,2,9,0,-1.0,17.5
1072,S5_pump_failure,O007-01,13.0,1,1,5.0,9,1,7,0,-1.0,13.0
1072,S5_pump_failure,O008-01,19.0,0,1,4.5,11,1,4,0,-1.0,23.8
1072,S5_pump_failure,O008-02,19.0,0,1,4.25,11,2,4,0,-1.0,17.6
1072,S5_pump_failure,O008-03,19.0,0,1,4.25,11,3,4,0,-1.0,18.3
1072,S5_pump_failure,O009-01,18.0,1,3,4.5,8,1,6,0,-1.0,15.3
1072,S5_pump_failure,O009-02,18.0,1,3,4.5,8,2,6,0,-1.0,13.9
1072,S5_pump_failure,O009-03,18.0,1,3,4.5,8,3,6,0,-1.0,16.3
1072,S5_pump_failure,O010-01,12.0,1,1,5.0,10,1,2,0,-1.0,11.3
1072,S5_pump_failure,O010-02,12.0,1,1,4.75,10,2,2,0,-1.0,9.7
1072,S5_pump_failure,O010-03,12.0,1,1,4.75,10,3,2,0,-1.0,13.2
1072,S5_pump_failure,O011-01,22.0,0,3,4.0,10,1,3,0,-1.0,24.3
1072,S5_pump_failure,O011-02,22.0,0,3,4.0,10,2,3,0,-1.0,23.9
1072,S5_pump_failure,O012-01,25.0,0,3,3.25,10,1,3,0,-1.0,22.8
1072,S5_pump_failure,O012-02,25.0,0,3,3.25,10,2,3,0,-1.0,26.7
1072,S5_pump_failure,O013-01,23.0,0,3,3.75,10,1,3,0,-1.0,19.9
1072,S5_pump_failure,O013-02,23.0,0,3,3.75,10,2,3,0,-1.0,25.1
1072,S5_pump_failure,O014-01,22.0,0,3,4.0,10,1,3,0,-1.0,17.5
1072,S5_pump_failure,O015-01,18.0,1,0,4.0,8,1,10,0,-1.0,15.7
1072,S5_pump_failure,O015-02,18.0,1,0,4.0,8,2,10,0,-1.0,20.1
1072,S5_pump_failure,O016-01,16.0,1,0,5.5,10,1,2,0,-1.0,22.7
1072,S5_pump_failure,O016-02,16.0,1,0,5.5,10,2,2,0,-1.0,13.0
1072,S5_pump_failure,O017-01,23.0,0,2,4.0,10,1,5,0,-1.0,30.4
1072,S5_pump_failure,O018-01,20.0,0,2,5.5,7,1,9,0,-1.0,16.9
1072,S5_pump_failure,O019-01,12.0,1,2,6.0,7,1,8,0,-1.0,12.2
1072,S5_pump_failure,O020-01,17.0,1,1,5.0,9,1,7,0,-1.0,19.3
1072,S5_pump_failure,O021-01,19.0,0,0,3.25,10,1,5,0,-1.0,16.7
1072,S5_pump_failure,O021-02,19.0,0,0,3.25,10,2,5,0,-1.0,23.3
1072,S5_pump_failure,O022-01,15.0,1,0,5.25,9,1,7,0,-1.0,12.4
1072,S5_pump_failure,O022-02,15.0,1,0,5.25,9,2,7,0,-1.0,13.9
1072,S5_pump_failure,O022-03,15.0,1,0,5.0,9,3,7,0,-1.0,15.6
1072,S5_pump_failure,O022-04,15.0,1,0,5.0,9,4,7,0,-1.0,15.8
1072,S5_pump_failure,O022-05,15.0,1,0,5.0,9,5,7,0,-1.0,16.1
1072,S5_pump_failure,O022-06,15.0,1,0,5.0,9,6,7,0,-1.0,21.0
1072,S5_pump_failure,O023-01,16.0,0,3,5.5,10,1,3,0,-1.0,19.4
1072,S5_pump_failure,O023-02,16.0,0,3,5.25,10,2,3,0,-1.0,13.5
1072,S5_pump_failure,O023-03,16.0,0,3,5.25,10,3,3,0,-1.0,15.3
1072,S5_pump_failure,O024-01,17.0,1,2,4.25,8,1,10,0,-1.0,19.7
1072,S5_pump_failure,O024-02,17.0,1,2,4.25,8,2,10,0,-1.0,17.2
1072,S5_pump_failure,O025-01,13.0,1,0,4.0,8,1,10,0,-1.0,10.6
1072,S5_pump_failure,O026-01,14.0,1,3,4.0,7,1,8,0,-1.0,15.5
1072,S5_pump_failure,O027-01,24.0,0,2,6.0,6,1,1,0,-1.0,17.1
1072,S5_pump_failure,O027-02,24.0,0,2,6.0,6,2,1,0,-1.0,25.3
1072,S5_pump_failure,O028-01,13.0,1,1,5.75,10,1,2,0,-1.0,12.9
1072,S5_pump_failure,O028-02,13.0,1,1,5.75,10,2,2,0,-1.0,13.4
1072,S5_pump_failure,O028-03,13.0,1,1,5.5,10,3,2,0,-1.0,13.8
1072,S5_pump_failure,O029-01,15.0,0,2,5.0,6,1,1,0,-1.0,15.2
1072,S5_pump_failure,O029-02,15.0,0,2,5.0,6,2,1,0,-1.0,18.5
1072,S5_pump_failure,O030-01,13.0,1,0,5.0,10,1,2,0,-1.0,14.3
1073,S0_normal,O001-01,17.0,1,1,4.25,8,1,10,0,-1.0,14.4
1073,S0_normal,O001-02,17.0,1,1,4.25,8,2,10,0,-1.0,20.3
1073,S0_normal,O002-01,18.0,0,2,4.0,11,1,4,0,-1.0,20.4
1073,S0_normal,O003-01,15.0,1,0,4.0,9,1,7,0,-1.0,14.7
1073,S0_normal,O004-01,24.0,0,1,6.0,7,1,9,0,-1.0,28.7
1073,S0_normal,O005-01,20.0,0,2,4.25,7,1,9,0,-1.0,23.0
1073,S0_normal,O005-02,20.0,0,2,4.25,7,2,9,0,-1.0,18.6
1073,S0_normal,O006-01,19.0,0,1,4.25,10,1,5,0,-1.0,17.5
1073,S0_normal,O006-02,19.0,0,1,4.25,10,2,5,0,-1.0,19.1
1073,S0_normal,O006-03,19.0,0,1,4.0,10,3,5,0,-1.0,17.1
1073,S0_normal,O007-01,18.0,1,3,4.0,8,1,10,0,-1.0,18.2
1073,S0_normal,O008-01,17.0,0,2,3.25,10,1,5,0,-1.0,15.8
1073,S0_normal,O008-02,17.0,0,2,3.25,10,2,5,0,-1.0,17.3
1073,S0_normal,O009-01,15.0,0,0,3.75,10,1,5,0,-1.0,14.5
1073,S0_normal,O009-02,15.0,0,0,3.75,10,2,5,0,-1.0,19.9
1073,S0_normal,O010-01,14.0,1,1,5.5,7,1,8,0,-1.0,15.1
1073,S0_normal,O010-02,14.0,1,1,5.5,7,2,8,0,-1.0,14.6
1073,S0_normal,O011-01,20.0,0,3,5.0,10,1,5,0,-1.0,18.1
1073,S0_normal,O011-02,20.0,0,3,5.0,10,2,5,0,-1.0,20.2
1073,S0_normal,O011-03,20.0,0,3,5.0,10,3,5,0,-1.0,18.4
1073,S0_normal,O011-04,20.0,0,3,5.0,10,4,5,0,-1.0,17.2
1073,S0_normal,O012-01,22.0,0,0,4.5,11,1,4,0,-1.0,19.9
1073,S0_normal,O013-01,13.0,1,3,5.75,10,1,2,0,-1.0,10.3
1073,S0_normal,O013-02,13.0,1,3,5.75,10,2,2,0,-1.0,13.2
1073,S0_normal,O014-01,16.0,1,3,4.25,9,1,7,0,-1.0,19.5
1073,S0_normal,O014-02,16.0,1,3,4.25,9,2,7,0,-1.0,14.2
1073,S0_normal,O015-01,21.0,0,0,4.0,11,1,4,0,-1.0,18.5
1073,S0_normal,O016-01,17.0,1,3,4.0,8,1,10,0,-1.0,17.4
1073,S0_normal,O017-01,12.0,1,3,4.75,8,1,6,0,-1.0,10.8
1073,S0_normal,O017-02,12.0,1,3,4.75,8,2,6,0,-1.0,12.8
1073,S0_normal,O017-03,12.0,1,3,4.5,8,3,6,0,-1.0,10.9
1073,S0_normal,O018-01,18.0,0,0,5.5,10,1,3,0,-1.0,19.4
1073,S0_normal,O019-01,14.0,1,0,4.5,7,1,8,0,-1.0,12.3
1073,S0_normal,O019-02,14.0,1,0,4.5,7,2,8,0,-1.0,11.6
1073,S0_normal,O019-03,14.0,1,0,4.5,7,3,8,0,-1.0,16.9
1073,S0_normal,O020-01,20.0,0,0,3.25,10,1,3,0,-1.0,22.1
1073,S0_normal,O020-02,20.0,0,0,3.25,10,2,3,0,-1.0,22.5
1073,S0_normal,O021-01,25.0,0,0,4.0,7,1,9,0,-1.0,31.3
1073,S0_normal,O022-01,22.0,0,1,4.0,6,1,1,0,-1.0,22.1
1073,S0_normal,O023-01,25.0,0,0,4.5,7,1,9,0,-1.0,25.7
1073,S0_normal,O023-02,25.0,0,0,4.5,7,2,9,0,-1.0,33.4
1073,S0_normal,O023-03,25.0,0,0,4.5,7,3,9,0,-1.0,18.8
1073,S0_normal,O024-01,25.0,0,0,5.5,10,1,3,0,-1.0,22.0
1073,S0_normal,O025-01,18.0,0,2,5.75,10,1,3,0,-1.0,20.2
1073,S0_normal,O025-02,18.0,0,2,5.75,10,2,3,0,-1.0,18.0
1073,S0_normal,O026-01,18.0,1,2,3.5,9,1,7,0,-1.0,16.7
1073,S0_normal,O026-02,18.0,1,2,3.5,9,2,7,0,-1.0,16.4
1073,S0_normal,O027-01,20.0,0,3,5.75,10,1,3,0,-1.0,25.2
1073,S0_normal,O027-02,20.0,0,3,5.75,10,2,3,0,-1.0,15.0
1073,S0_normal,O027-03,20.0,0,3,5.75,10,3,3,0,-1.0,16.3
1073,S0_normal,O027-04,20.0,0,3,5.75,10,4,3,0,-1.0,18.9
1073,S0_normal,O027-05,20.0,0,3,5.5,10,5,3,0,-1.0,21.0
1073,S0_normal,O027-06,20.0,0,3,5.5,10,6,3,0,-1.0,19.9
1073,S0_normal,O028-01,18.0,0,1,4.5,10,1,3,0,-1.0,22.2
1073,S0_normal,O029-01,22.0,0,3,5.75,11,1,4,0,-1.0,23.0
1073,S0_normal,O029-02,22.0,0,3,5.75,11,2,4,0,-1.0,24.9
1073,S0_normal,O029-03,22.0,0,3,5.75,11,3,4,0,-1.0,21.5
1073,S0_normal,O029-04,22.0,0,3,5.75,11,4,4,0,-1.0,21.5
1073,S0_normal,O029-05,22.0,0,3,5.75,11,5,4,0,-1.0,22.8
1073,S0_normal,O029-06,22.0,0,3,5.75,11,6,4,0,-1.0,27.0
1073,S0_normal,O029-07,22.0,0,3,5.5,11,7,4,0,-1.0,20.5
1073,S0_normal,O030-01,21.0,0,3,4.25,10,1,5,0,-1.0,23.8
1073,S0_normal,O030-02,21.0,0,3,4.25,10,2,5,0,-1.0,21.2
1073,S0_normal,O030-03,21.0,0,3,4.0,10,3,5,0,-1.0,20.8
1074,S0_normal,O001-01,15.0,1,1,4.5,7,1,8,0,-1.0,16.7
1074,S0_normal,O001-02,15.0,1,1,4.25,7,2,8,0,-1.0,13.2
1074,S0_normal,O001-03,15.0,1,1,4.25,7,3,8,0,-1.0,13.1
1074,S0_normal,O002-01,14.0,1,2,5.25,9,1,7,0,-1.0,15.2
1074,S0_normal,O002-02,14.0,1,2,5.25,9,2,7,0,-1.0,15.8
1074,S0_normal,O003-01,22.0,0,2,5.75,7,1,9,0,-1.0,21.8
1074,S0_normal,O003-02,22.0,0,2,5.75,7,2,9,0,-1.0,18.9
1074,S0_normal,O003-03,22.0,0,2,5.5,7,3,9,0,-1.0,20.3
1074,S0_normal,O003-04,22.0,0,2,5.5,7,4,9,0,-1.0,18.5
1074,S0_normal,O003-05,22.0,0,2,5.5,7,5,9,0,-1.0,26.7
1074,S0_normal,O004-01,20.0,0,1,5.5,6,1,1,0,-1.0,18.4
1074,S0_normal,O005-01,13.0,1,0,4.75,8,1,6,0,-1.0,12.0
1074,S0_normal,O005-02,13.0,1,0,4.75,8,2,6,0,-1.0,10.3
1074,S0_normal,O006-01,19.0,0,1,4.5,10,1,5,0,-1.0,22.6
1074,S0_normal,O006-02,19.0,0,1,4.5,10,2,5,0,-1.0,20.9
1074,S0_normal,O007-01,21.0,0,2,3.75,7,1,9,0,-1.0,19.1
1074,S0_normal,O007-02,21.0,0,2,3.75,7,2,9,0,-1.0,24.5
1074,S0_normal,O008-01,12.0,1,3,4.75,9,1,7,0,-1.0,11.0
1074,S0_normal,O008-02,12.0,1,3,4.75,9,2,7,0,-1.0,14.0
1074,S0_normal,O009-01,13.0,1,3,4.0,8,1,6,0,-1.0,12.6
1074,S0_normal,O010-01,25.0,0,2,4.75,10,1,5,0,-1.0,30.9
1074,S0_normal,O010-02,25.0,0,2,4.75,10,2,5,0,-1.0,28.5
1074,S0_normal,O011-01,18.0,1,2,4.0,8,1,10,0,-1.0,20.8
1074,S0_normal,O011-02,18.0,1,2,4.0,8,2,10,0,-1.0,18.4
1074,S0_normal,O012-01,18.0,0,1,5.25,7,1,9,0,-1.0,23.0
1074,S0_normal,O012-02,18.0,0,1,5.25,7,2,9,0,-1.0,15.4
1074,S0_normal,O013-01,12.0,1,1,5.0,9,1,7,0,-1.0,12.7
1074,S0_normal,O013-02,12.0,1,1,4.75,9,2,7,0,-1.0,15.3
1074,S0_normal,O013-03,12.0,1,1,4.75,9,3,7,0,-1.0,15.3
1074,S0_normal,O014-01,19.0,0,2,5.5,11,1,4,0,-1.0,18.8
1074,S0_normal,O014-02,19.0,0,2,5.5,11,2,4,0,-1.0,25.5
1074,S0_normal,O015-01,25.0,0,2,4.25,10,1,3,0,-1.0,31.0
1074,S0_normal,O015-02,25.0,0,2,4.25,10,2,3,0,-1.0,24.3
1074,S0_normal,O016-01,18.0,1,3,5.0,8,1,10,0,-1.0,17.8
1074,S0_normal,O016-02,18.0,1,3,4.75,8,2,10,0,-1.0,15.4
1074,S0_normal,O016-03,18.0,1,3,4.75,8,3,10,0,-1.0,20.5
1074,S0_normal,O017-01,15.0,0,1,5.75,7,1,9,0,-1.0,18.8
1074,S0_normal,O017-02,15.0,0,1,5.75,7,2,9,0,-1.0,16.3
1074,S0_normal,O018-01,22.0,0,3,4.5,10,1,5,0,-1.0,17.3
1074,S0_normal,O018-02,22.0,0,3,4.5,10,2,5,0,-1.0,24.4
1074,S0_normal,O019-01,16.0,1,0,5.0,7,1,8,0,-1.0,17.4
1074,S0_normal,O019-02,16.0,1,0,5.0,7,2,8,0,-1.0,12.5
1074,S0_normal,O020-01,13.0,1,3,5.25,8,1,6,0,-1.0,11.9
1074,S0_normal,O020-02,13.0,1,3,5.25,8,2,6,0,-1.0,13.2
1074,S0_normal,O020-03,13.0,1,3,5.0,8,3,6,0,-1.0,12.2
1074,S0_normal,O020-04,13.0,1,3,5.0,8,4,6,0,-1.0,11.8
1074,S0_normal,O020-05,13.0,1,3,5.0,8,5,6,0,-1.0,10.6
1074,S0_normal,O021-01,15.0,1,3,5.75,10,1,2,0,-1.0,11.5
1074,S0_normal,O021-02,15.0,1,3,5.75,10,2,2,0,-1.0,12.2
1074,S0_normal,O021-03,15.0,1,3,5.5,10,3,2,0,-1.0,12.8
1074,S0_normal,O022-01,16.0,1,2,4.0,8,1,10,0,-1.0,12.6
1074,S0_normal,O023-01,18.0,0,3,3.75,10,1,3,0,-1.0,16.6
1074,S0_normal,O023-02,18.0,0,3,3.75,10,2,3,0,-1.0,19.2
1074,S0_normal,O024-01,22.0,0,2,5.0,10,1,3,0,-1.0,27.8
1074,S0_normal,O024-02,22.0,0,2,5.0,10,2,3,0,-1.0,26.8
1074,S0_normal,O024-03,22.0,0,2,4.75,10,3,3,0,-1.0,31.0
1074,S0_normal,O024-04,22.0,0,2,4.75,10,4,3,0,-1.0,26.9
1074,S0_normal,O025-01,12.0,1,1,3.25,8,1,10,0,-1.0,13.7
1074,S0_normal,O025-02,12.0,1,1,3.25,8,2,10,0,-1.0,11.4
1074,S0_normal,O026-01,24.0,0,2,5.75,11,1,4,0,-1.0,20.3
1074,S0_normal,O026-02,24.0,0,2,5.75,11,2,4,0,-1.0,16.7
1074,S0_normal,O026-03,24.0,0,2,5.5,11,3,4,0,-1.0,32.0
1074,S0_normal,O027-01,23.0,0,1,6.0,6,1,1,0,-1.0,24.1
1074,S0_normal,O028-01,17.0,1,0,4.5,7,1,8,0,-1.0,16.5
1074,S0_normal,O028-02,17.0,1,0,4.5,7,2,8,0,-1.0,20.9
1074,S0_normal,O029-01,24.0,0,0,3.75,7,1,9,0,-1.0,16.0
1074,S0_normal,O029-02,24.0,0,0,3.75,7,2,9,0,-1.0,26.7
1074,S0_normal,O030-01,18.0,0,1,5.0,10,1,5,0,-1.0,18.4
1074,S0_normal,O030-02,18.0,0,1,5.0,10,2,5,0,-1.0,19.0
1074,S0_normal,O030-03,18.0,0,1,5.0,10,3,5,0,-1.0,13.3
1074,S0_normal,O030-04,18.0,0,1,4.75,10,4,5,0,-1.0,19.3
1074,S0_normal,O030-05,18.0,0,1,4.75,10,5,5,0,-1.0,15.6
1075,S0_normal,O001-01,17.0,0,3,5.25,10,1,3,0,-1.0,19.8
1075,S0_normal,O001-02,17.0,0,3,5.25,10,2,3,0,-1.0,15.2
1075,S0_normal,O001-03,17.0,0,3,5.0,10,3,3,0,-1.0,15.8
1075,S0_normal,O002-01,18.0,1,3,3.5,10,1,2,0,-1.0,17.5
1075,S0_normal,O002-02,18.0,1,3,3.5,10,2,2,0,-1.0,15.2
1075,S0_normal,O003-01,12.0,1,0,3.75,7,1,8,0,-1.0,15.2
1075,S0_normal,O003-02,12.0,1,0,3.75,7,2,8,0,-1.0,14.4
1075,S0_normal,O004-01,19.0,0,3,5.75,11,1,4,0,-1.0,19.0
1075,S0_normal,O004-02,19.0,0,3,5.75,11,2,4,0,-1.0,23.6
1075,S0_normal,O005-01,18.0,0,0,5.0,11,1,4,0,-1.0,18.9
1075,S0_normal,O005-02,18.0,0,0,5.0,11,2,4,0,-1.0,22.3
1075,S0_normal,O006-01,19.0,0,3,5.5,10,1,3,0,-1.0,20.3
1075,S0_normal,O006-02,19.0,0,3,5.5,10,2,3,0,-1.0,19.2
1075,S0_normal,O007-01,15.0,1,3,5.0,8,1,6,0,-1.0,17.1
1075,S0_normal,O007-02,15.0,1,3,5.0,8,2,6,0,-1.0,16.1
1075,S0_normal,O008-01,14.0,1,3,4.5,10,1,2,0,-1.0,15.6
1075,S0_normal,O008-02,14.0,1,3,4.25,10,2,2,0,-1.0,11.3
1075,S0_normal,O008-03,14.0,1,3,4.25,10,3,2,0,-1.0,15.9
1075,S0_normal,O009-01,17.0,1,0,6.0,10,1,2,0,-1.0,15.9
1075,S0_normal,O010-01,12.0,1,0,6.0,9,1,7,0,-1.0,11.1
1075,S0_normal,O011-01,13.0,1,0,3.75,9,1,7,0,-1.0,13.8
1075,S0_normal,O011-02,13.0,1,0,3.75,9,2,7,0,-1.0,16.0
1075,S0_normal,O012-01,12.0,1,2,4.75,8,1,10,0,-1.0,14.1
1075,S0_normal,O012-02,12.0,1,2,4.75,8,2,10,0,-1.0,12.4
1075,S0_normal,O012-03,12.0,1,2,4.5,8,3,10,0,-1.0,10.9
1075,S0_normal,O012-04,12.0,1,2,4.5,8,4,10,0,-1.0,12.1
1075,S0_normal,O013-01,21.0,0,2,5.75,6,1,1,0,-1.0,20.4
1075,S0_normal,O013-02,21.0,0,2,5.75,6,2,1,0,-1.0,27.6
1075,S0_normal,O013-03,21.0,0,2,5.5,6,3,1,0,-1.0,22.3
1075,S0_normal,O014-01,22.0,0,3,5.0,10,1,5,0,-1.0,22.9
1075,S0_normal,O014-02,22.0,0,3,5.0,10,2,5,0,-1.0,21.3
1075,S0_normal,O015-01,25.0,0,2,5.5,7,1,9,0,-1.0,25.9
1075,S0_normal,O015-02,25.0,0,2,5.5,7,2,9,0,-1.0,27.5
1075,S0_normal,O015-03,25.0,0,2,5.5,7,3,9,0,-1.0,25.9
1075,S0_normal,O016-01,18.0,0,1,4.75,10,1,3,0,-1.0,16.6
1075,S0_normal,O016-02,18.0,0,1,4.75,10,2,3,0,-1.0,16.3
1075,S0_normal,O016-03,18.0,0,1,4.5,10,3,3,0,-1.0,19.1
1075,S0_normal,O017-01,15.0,1,2,4.0,8,1,10,0,-1.0,16.4
1075,S0_normal,O018-01,13.0,1,1,6.0,7,1,8,0,-1.0,11.9
1075,S0_normal,O019-01,15.0,0,2,5.75,6,1,1,0,-1.0,16.0
1075,S0_normal,O019-02,15.0,0,2,5.75,6,2,1,0,-1.0,14.0
1075,S0_normal,O020-01,18.0,0,1,5.5,11,1,4,0,-1.0,15.4
1075,S0_normal,O020-02,18.0,0,1,5.5,11,2,4,0,-1.0,21.2
1075,S0_normal,O020-03,18.0,0,1,5.25,11,3,4,0,-1.0,18.5
1075,S0_normal,O020-04,18.0,0,1,5.25,11,4,4,0,-1.0,16.8
1075,S0_normal,O021-01,17.0,1,1,6.0,8,1,10,0,-1.0,18.7
1075,S0_normal,O021-02,17.0,1,1,6.0,8,2,10,0,-1.0,18.2
1075,S0_normal,O022-01,16.0,0,2,4.0,10,1,3,0,-1.0,15.2
1075,S0_normal,O023-01,20.0,0,2,5.5,10,1,3,0,-1.0,24.9
1075,S0_normal,O023-02,20.0,0,2,5.5,10,2,3,0,-1.0,22.3
1075,S0_normal,O024-01,19.0,0,3,3.25,6,1,1,0,-1.0,16.0
1075,S0_normal,O024-02,19.0,0,3,3.25,6,2,1,0,-1.0,19.1
1075,S0_normal,O025-01,25.0,0,3,4.25,11,1,4,0,-1.0,23.4
1075,S0_normal,O025-02,25.0,0,3,4.25,11,2,4,0,-1.0,26.4
1075,S0_normal,O025-03,25.0,0,3,4.0,11,3,4,0,-1.0,26.9
1075,S0_normal,O026-01,18.0,1,0,5.5,8,1,10,0,-1.0,18.5
1075,S0_normal,O026-02,18.0,1,0,5.5,8,2,10,0,-1.0,22.6
1075,S0_normal,O026-03,18.0,1,0,5.5,8,3,10,0,-1.0,21.7
1075,S0_normal,O026-04,18.0,1,0,5.5,8,4,10,0,-1.0,14.9
1075,S0_normal,O027-01,18.0,1,3,4.75,9,1,7,0,-1.0,17.0
1075,S0_normal,O027-02,18.0,1,3,4.75,9,2,7,0,-1.0,19.3
1075,S0_normal,O028-01,18.0,0,0,3.75,10,1,5,0,-1.0,14.9
1075,S0_normal,O028-02,18.0,0,0,3.75,10,2,5,0,-1.0,18.3
1075,S0_normal,O029-01,13.0,1,1,5.75,9,1,7,0,-1.0,11.6
1075,S0_normal,O029-02,13.0,1,1,5.75,9,2,7,0,-1.0,10.7
1075,S0_normal,O030-01,20.0,0,1,5.5,11,1,4,0,-1.0,19.3
1076,S0_normal,O001-01,15.0,1,2,6.0,9,1,7,0,-1.0,16.7
1076,S0_normal,O001-02,15.0,1,2,6.0,9,2,7,0,-1.0,13.4
1076,S0_normal,O002-01,14.0,1,3,5.0,8,1,10,0,-1.0,12.7
1076,S0_normal,O002-02,14.0,1,3,5.0,8,2,10,0,-1.0,13.1
1076,S0_normal,O002-03,14.0,1,3,5.0,8,3,10,0,-1.0,16.1
1076,S0_normal,O003-01,13.0,1,0,3.25,9,1,7,0,-1.0,14.5
1076,S0_normal,O003-02,13.0,1,0,3.25,9,2,7,0,-1.0,16.6
1076,S0_normal,O004-01,21.0,0,2,3.5,10,1,5,0,-1.0,22.2
1076,S0_normal,O004-02,21.0,0,2,3.5,10,2,5,0,-1.0,18.7
1076,S0_normal,O005-01,24.0,0,1,3.25,7,1,9,0,-1.0,18.4
1076,S0_normal,O005-02,24.0,0,1,3.25,7,2,9,0,-1.0,21.4
1076,S0_normal,O006-01,16.0,1,3,4.5,9,1,7,0,-1.0,14.0
1076,S0_normal,O007-01,17.0,0,2,6.0,7,1,9,0,-1.0,17.7
1076,S0_normal,O007-02,17.0,0,2,5.75,7,2,9,0,-1.0,18.5
1076,S0_normal,O007-03,17.0,0,2,5.75,7,3,9,0,-1.0,14.9
1076,S0_normal,O008-01,16.0,1,0,4.75,9,1,7,0,-1.0,17.3
1076,S0_normal,O008-02,16.0,1,0,4.75,9,2,7,0,-1.0,18.5
1076,S0_normal,O009-01,17.0,0,2,5.0,10,1,3,0,-1.0,16.6
1076,S0_normal,O009-02,17.0,0,2,5.0,10,2,3,0,-1.0,14.0
1076,S0_normal,O009-03,17.0,0,2,5.0,10,3,3,0,-1.0,18.0
1076,S0_normal,O009-04,17.0,0,2,5.0,10,4,3,0,-1.0,15.1
1076,S0_normal,O009-05,17.0,0,2,5.0,10,5,3,0,-1.0,14.6
1076,S0_normal,O010-01,17.0,0,2,5.0,10,1,5,0,-1.0,15.6
1076,S0_normal,O010-02,17.0,0,2,5.0,10,2,5,0,-1.0,24.3
1076,S0_normal,O010-03,17.0,0,2,5.0,10,3,5,0,-1.0,17.5
1076,S0_normal,O011-01,12.0,1,0,5.25,8,1,10,0,-1.0,9.8
1076,S0_normal,O011-02,12.0,1,0,5.25,8,2,10,0,-1.0,11.9
1076,S0_normal,O012-01,18.0,1,3,5.0,8,1,10,0,-1.0,15.1
1076,S0_normal,O013-01,22.0,0,2,4.5,7,1,9,0,-1.0,20.3
1076,S0_normal,O014-01,18.0,0,2,3.5,10,1,5,0,-1.0,18.2
1076,S0_normal,O014-02,18.0,0,2,3.5,10,2,5,0,-1.0,22.4
1076,S0_normal,O015-01,17.0,0,3,6.0,11,1,4,0,-1.0,15.7
1076,S0_normal,O015-02,17.0,0,3,6.0,11,2,4,0,-1.0,19.1
1076,S0_normal,O016-01,23.0,0,3,6.0,10,1,5,0,-1.0,22.5
1076,S0_normal,O016-02,23.0,0,3,6.0,10,2,5,0,-1.0,20.7
1076,S0_normal,O017-01,14.0,1,0,4.0,10,1,2,0,-1.0,12.9
1076,S0_normal,O018-01,24.0,0,0,4.0,10,1,3,0,-1.0,22.8
1076,S0_normal,O018-02,24.0,0,0,4.0,10,2,3,0,-1.0,29.5
1076,S0_normal,O019-01,16.0,1,2,3.75,10,1,2,0,-1.0,18.8
1076,S0_normal,O019-02,16.0,1,2,3.75,10,2,2,0,-1.0,13.2
1076,S0_normal,O020-01,14.0,1,3,6.0,8,1,6,0,-1.0,14.0
1076,S0_normal,O020-02,14.0,1,3,6.0,8,2,6,0,-1.0,11.5
1076,S0_normal,O020-03,14.0,1,3,6.0,8,3,6,0,-1.0,14.3
1076,S0_normal,O020-04,14.0,1,3,6.0,8,4,6,0,-1.0,16.3
1076,S0_normal,O020-05,14.0,1,3,6.0,8,5,6,0,-1.0,14.1
1076,S0_normal,O021-01,14.0,1,1,4.0,8,1,10,0,-1.0,16.4
1076,S0_normal,O022-01,23.0,0,1,5.5,6,1,1,0,-1.0,23.9
1076,S0_normal,O022-02,23.0,0,1,5.5,6,2,1,0,-1.0,26.4
1076,S0_normal,O022-03,23.0,0,1,5.5,6,3,1,0,-1.0,23.8
1076,S0_normal,O022-04,23.0,0,1,5.25,6,4,1,0,-1.0,22.7
1076,S0_normal,O022-05,23.0,0,1,5.25,6,5,1,0,-1.0,26.6
1076,S0_normal,O023-01,14.0,1,1,5.0,7,1,8,0,-1.0,14.2
1076,S0_normal,O024-01,17.0,1,3,4.0,10,1,2,0,-1.0,17.9
1076,S0_normal,O025-01,15.0,1,2,4.0,10,1,2,0,-1.0,13.8
1076,S0_normal,O026-01,17.0,1,1,4.75,10,1,2,0,-1.0,16.6
1076,S0_normal,O026-02,17.0,1,1,4.75,10,2,2,0,-1.0,19.0
1076,S0_normal,O027-01,24.0,0,0,4.5,7,1,9,0,-1.0,28.2
1076,S0_normal,O027-02,24.0,0,0,4.25,7,2,9,0,-1.0,25.3
1076,S0_normal,O027-03,24.0,0,0,4.25,7,3,9,0,-1.0,19.9
1076,S0_normal,O028-01,17.0,0,0,5.5,10,1,3,0,-1.0,16.6
1076,S0_normal,O028-02,17.0,0,0,5.25,10,2,3,0,-1.0,16.4
1076,S0_normal,O028-03,17.0,0,0,5.25,10,3,3,0,-1.0,14.3
1076,S0_normal,O028-04,17.0,0,0,5.25,10,4,3,0,-1.0,22.6
1076,S0_normal,O028-05,17.0,0,0,5.25,10,5,3,0,-1.0,18.1
1076,S0_normal,O029-01,19.0,0,0,4.5,7,1,9,0,-1.0,18.1
1076,S0_normal,O029-02,19.0,0,0,4.5,7,2,9,0,-1.0,20.2
1076,S0_normal,O030-01,12.0,1,2,5.5,10,1,2,0,-1.0,11.1
1076,S0_normal,O030-02,12.0,1,2,5.5,10,2,2,0,-1.0,12.5
1076,S0_normal,O030-03,12.0,1,2,5.25,10,3,2,0,-1.0,13.8
1076,S0_normal,O030-04,12.0,1,2,5.25,10,4,2,0,-1.0,10.6
1077,S5_pump_failure,O001-01,12.0,1,2,3.5,10,1,2,0,-1.0,10.7
1077,S5_pump_failure,O001-02,12.0,1,2,3.5,10,2,2,0,-1.0,11.7
1077,S5_pump_failure,O002-01,15.0,0,1,5.5,10,1,3,0,-1.0,13.4
1077,S5_pump_failure,O002-02,15.0,0,1,5.25,10,2,3,0,-1.0,18.8
1077,S5_pump_failure,O002-03,15.0,0,1,5.25,10,3,3,0,-1.0,22.4
1077,S5_pump_failure,O003-01,20.0,0,3,6.0,10,1,3,0,-1.0,19.4
1077,S5_pump_failure,O004-01,15.0,1,3,4.75,8,1,10,0,-1.0,15.7
1077,S5_pump_failure,O004-02,15.0,1,3,4.75,8,2,10,0,-1.0,15.3
1077,S5_pump_failure,O005-01,15.0,1,0,4.75,8,1,6,0,-1.0,19.8
1077,S5_pump_failure,O005-02,15.0,1,0,4.75,8,2,6,0,-1.0,20.6
1077,S5_pump_failure,O006-01,12.0,1,1,4.0,10,1,2,0,-1.0,8.7
1077,S5_pump_failure,O007-01,25.0,0,1,5.0,7,1,9,0,-1.0,34.7
1077,S5_pump_failure,O007-02,25.0,0,1,5.0,7,2,9,0,-1.0,25.2
1077,S5_pump_failure,O008-01,18.0,1,0,5.25,10,1,2,0,-1.0,23.7
1077,S5_pump_failure,O008-02,18.0,1,0,5.25,10,2,2,0,-1.0,25.2
1077,S5_pump_failure,O009-01,17.0,1,1,4.0,10,1,2,0,-1.0,16.8
1077,S5_pump_failure,O010-01,18.0,1,1,4.0,9,1,7,0,-1.0,19.6
1077,S5_pump_failure,O011-01,14.0,1,1,4.0,9,1,7,0,-1.0,16.4
1077,S5_pump_failure,O012-01,19.0,0,1,4.75,6,1,1,0,-1.0,14.7
1077,S5_pump_failure,O012-02,19.0,0,1,4.75,6,2,1,0,-1.0,23.0
1077,S5_pump_failure,O013-01,12.0,1,1,4.5,8,1,6,0,-1.0,12.5
1077,S5_pump_failure,O013-02,12.0,1,1,4.5,8,2,6,0,-1.0,14.7
1077,S5_pump_failure,O013-03,12.0,1,1,4.5,8,3,6,0,-1.0,11.9
1077,S5_pump_failure,O014-01,15.0,1,2,4.0,8,1,10,0,-1.0,13.9
1077,S5_pump_failure,O015-01,14.0,1,3,4.5,7,1,8,0,-1.0,15.6
1077,S5_pump_failure,O016-01,22.0,0,2,4.75,10,1,5,0,-1.0,24.8
1077,S5_pump_failure,O016-02,22.0,0,2,4.75,10,2,5,0,-1.0,15.5
1077,S5_pump_failure,O016-03,22.0,0,2,4.5,10,3,5,0,-1.0,21.8
1077,S5_pump_failure,O017-01,18.0,1,2,4.5,7,1,8,0,-1.0,15.8
1077,S5_pump_failure,O018-01,22.0,0,0,5.5,11,1,4,0,-1.0,18.8
1077,S5_pump_failure,O018-02,22.0,0,0,5.5,11,2,4,0,-1.0,16.2
1077,S5_pump_failure,O018-03,22.0,0,0,5.5,11,3,4,0,-1.0,27.3
1077,S5_pump_failure,O018-04,22.0,0,0,5.5,11,4,4,0,-1.0,24.5
1077,S5_pump_failure,O018-05,22.0,0,0,5.5,11,5,4,0,-1.0,24.1
1077,S5_pump_failure,O019-01,13.0,1,0,6.0,8,1,10,0,-1.0,13.4
1077,S5_pump_failure,O019-02,13.0,1,0,6.0,8,2,10,0,-1.0,10.5
1077,S5_pump_failure,O020-01,15.0,1,0,4.5,9,1,7,0,-1.0,14.7
1077,S5_pump_failure,O021-01,18.0,1,0,3.75,9,1,7,0,-1.0,15.4
1077,S5_pump_failure,O021-02,18.0,1,0,3.75,9,2,7,0,-1.0,21.1
1077,S5_pump_failure,O022-01,25.0,0,0,3.75,10,1,5,0,-1.0,21.4
1077,S5_pump_failure,O022-02,25.0,0,0,3.75,10,2,5,0,-1.0,22.4
1077,S5_pump_failure,O023-01,21.0,0,1,4.25,6,1,1,0,-1.0,20.6
1077,S5_pump_failure,O023-02,21.0,0,1,4.25,6,2,1,0,-1.0,16.6
1077,S5_pump_failure,O024-01,16.0,1,3,4.25,10,1,2,0,-1.0,14.7
1077,S5_pump_failure,O024-02,16.0,1,3,4.25,10,2,2,0,-1.0,18.0
1077,S5_pump_failure,O025-01,12.0,1,1,3.5,8,1,6,0,-1.0,11.8
1077,S5_pump_failure,O025-02,12.0,1,1,3.5,8,2,6,0,-1.0,9.6
1077,S5_pump_failure,O026-01,16.0,1,3,4.25,10,1,2,0,-1.0,16.5
1077,S5_pump_failure,O026-02,16.0,1,3,4.25,10,2,2,0,-1.0,16.1
1077,S5_pump_failure,O027-01,23.0,0,1,5.0,11,1,4,0,-1.0,21.4
1077,S5_pump_failure,O028-01,25.0,0,2,4.5,10,1,5,0,-1.0,21.3
1077,S5_pump_failure,O028-02,25.0,0,2,4.25,10,2,5,0,-1.0,25.8
1077,S5_pump_failure,O028-03,25.0,0,2,4.25,10,3,5,0,-1.0,26.4
1077,S5_pump_failure,O029-01,18.0,1,3,4.0,7,1,8,0,-1.0,20.9
1077,S5_pump_failure,O030-01,18.0,1,3,4.5,10,1,2,0,-1.0,17.9
1077,S5_pump_failure,O030-02,18.0,1,3,4.5,10,2,2,0,-1.0,19.1
1078,S3_site_delay,O001-01,22.0,0,0,4.0,11,1,4,0,-1.0,20.5
1078,S3_site_delay,O002-01,14.0,1,2,6.0,8,1,10,0,-1.0,13.1
1078,S3_site_delay,O002-02,14.0,1,2,6.0,8,2,10,0,-1.0,12.6
1078,S3_site_delay,O002-03,14.0,1,2,5.75,8,3,10,0,-1.0,15.2
1078,S3_site_delay,O002-04,14.0,1,2,5.75,8,4,10,0,-1.0,13.6
1078,S3_site_delay,O003-01,16.0,0,1,5.0,11,1,4,0,-1.0,15.5
1078,S3_site_delay,O004-01,14.0,1,3,3.5,9,1,7,0,-1.0,12.8
1078,S3_site_delay,O004-02,14.0,1,3,3.5,9,2,7,0,-1.0,15.8
1078,S3_site_delay,O005-01,13.0,1,1,5.5,9,1,7,0,-1.0,13.8
1078,S3_site_delay,O005-02,13.0,1,1,5.5,9,2,7,0,-1.0,10.8
1078,S3_site_delay,O005-03,13.0,1,1,5.5,9,3,7,0,-1.0,12.0
1078,S3_site_delay,O005-04,13.0,1,1,5.5,9,4,7,0,-1.0,11.8
1078,S3_site_delay,O006-01,18.0,0,3,4.75,7,1,9,0,-1.0,19.5
1078,S3_site_delay,O006-02,18.0,0,3,4.75,7,2,9,0,-1.0,17.5
1078,S3_site_delay,O006-03,18.0,0,3,4.5,7,3,9,0,-1.0,20.8
1078,S3_site_delay,O007-01,22.0,0,2,4.75,6,1,1,0,-1.0,17.2
1078,S3_site_delay,O007-02,22.0,0,2,4.75,6,2,1,0,-1.0,23.6
1078,S3_site_delay,O007-03,22.0,0,2,4.75,6,3,1,0,-1.0,24.6
1078,S3_site_delay,O007-04,22.0,0,2,4.75,6,4,1,0,-1.0,23.9
1078,S3_site_delay,O008-01,16.0,1,3,5.5,8,1,6,0,-1.0,14.8
1078,S3_site_delay,O009-01,12.0,1,3,5.25,10,1,2,0,-1.0,11.3
1078,S3_site_delay,O009-02,12.0,1,3,5.25,10,2,2,0,-1.0,9.3
1078,S3_site_delay,O009-03,12.0,1,3,5.0,10,3,2,0,-1.0,14.7
1078,S3_site_delay,O010-01,15.0,1,0,5.5,9,1,7,0,-1.0,17.5
1078,S3_site_delay,O011-01,15.0,0,1,5.5,10,1,3,0,-1.0,13.0
1078,S3_site_delay,O012-01,23.0,0,0,4.0,10,1,3,0,-1.0,26.5
1078,S3_site_delay,O013-01,19.0,0,3,5.5,10,1,3,0,-1.0,15.3
1078,S3_site_delay,O013-02,19.0,0,3,5.25,10,2,3,0,-1.0,18.0
1078,S3_site_delay,O013-03,19.0,0,3,5.25,10,3,3,0,-1.0,24.1
1078,S3_site_delay,O014-01,15.0,1,0,5.25,8,1,6,0,-1.0,14.8
1078,S3_site_delay,O014-02,15.0,1,0,5.25,8,2,6,0,-1.0,18.8
1078,S3_site_delay,O014-03,15.0,1,0,5.0,8,3,6,0,-1.0,14.9
1078,S3_site_delay,O014-04,15.0,1,0,5.0,8,4,6,0,-1.0,15.4
1078,S3_site_delay,O015-01,25.0,0,0,4.0,10,1,3,0,-1.0,26.2
1078,S3_site_delay,O015-02,25.0,0,0,4.0,10,2,3,0,-1.0,22.3
1078,S3_site_delay,O016-01,17.0,0,1,4.0,7,1,9,0,-1.0,16.3
1078,S3_site_delay,O016-02,17.0,0,1,4.0,7,2,9,0,-1.0,15.6
1078,S3_site_delay,O017-01,21.0,0,1,5.75,10,1,5,0,-1.0,23.3
1078,S3_site_delay,O017-02,21.0,0,1,5.75,10,2,5,0,-1.0,20.1
1078,S3_site_delay,O017-03,21.0,0,1,5.5,10,3,5,0,-1.0,25.1
1078,S3_site_delay,O018-01,15.0,1,3,3.25,8,1,10,0,-1.0,16.2
1078,S3_site_delay,O018-02,15.0,1,3,3.25,8,2,10,0,-1.0,20.2
1078,S3_site_delay,O019-01,23.0,0,3,5.25,10,1,3,0,-1.0,26.1
1078,S3_site_delay,O019-02,23.0,0,3,5.25,10,2,3,0,-1.0,20.7
1078,S3_site_delay,O019-03,23.0,0,3,5.25,10,3,3,0,-1.0,22.7
1078,S3_site_delay,O019-04,23.0,0,3,5.25,10,4,3,0,-1.0,28.1
1078,S3_site_delay,O020-01,14.0,1,2,4.5,9,1,7,0,-1.0,14.8
1078,S3_site_delay,O021-01,15.0,0,1,4.75,6,1,1,0,-1.0,14.9
1078,S3_site_delay,O021-02,15.0,0,1,4.75,6,2,1,0,-1.0,15.5
1078,S3_site_delay,O022-01,18.0,1,0,4.0,10,1,2,0,-1.0,19.7
1078,S3_site_delay,O022-02,18.0,1,0,4.0,10,2,2,0,-1.0,17.0
1078,S3_site_delay,O023-01,16.0,1,3,3.75,8,1,10,0,-1.0,17.6
1078,S3_site_delay,O023-02,16.0,1,3,3.75,8,2,10,0,-1.0,16.7
1078,S3_site_delay,O024-01,19.0,0,1,3.25,7,1,9,0,-1.0,19.5
1078,S3_site_delay,O024-02,19.0,0,1,3.25,7,2,9,0,-1.0,25.3
1078,S3_site_delay,O025-01,12.0,1,0,4.5,7,1,8,0,-1.0,11.9
1078,S3_site_delay,O025-02,12.0,1,0,4.5,7,2,8,0,-1.0,11.9
1078,S3_site_delay,O026-01,12.0,1,2,3.75,8,1,10,0,-1.0,12.1
1078,S3_site_delay,O026-02,12.0,1,2,3.75,8,2,10,0,-1.0,8.1
1078,S3_site_delay,O027-01,21.0,0,0,5.0,7,1,9,0,-1.0,25.7
1078,S3_site_delay,O027-02,21.0,0,0,5.0,7,2,9,0,-1.0,24.8
1078,S3_site_delay,O028-01,15.0,1,3,5.75,9,1,7,0,-1.0,18.8
1078,S3_site_delay,O028-02,15.0,1,3,5.75,9,2,7,0,-1.0,16.5
1078,S3_site_delay,O028-03,15.0,1,3,5.75,9,3,7,0,-1.0,16.9
1078,S3_site_delay,O028-04,15.0,1,3,5.75,9,4,7,0,-1.0,16.5
1078,S3_site_delay,O029-01,17.0,1,3,4.5,8,1,6,0,-1.0,13.3
1078,S3_site_delay,O029-02,17.0,1,3,4.5,8,2,6,0,-1.0,14.2
1078,S3_site_delay,O030-01,17.0,1,2,6.0,7,1,8,0,-1.0,15.5
1078,S3_site_delay,O030-02,17.0,1,2,6.0,7,2,8,0,-1.0,13.3
1078,S3_site_delay,O030-03,17.0,1,2,6.0,7,3,8,0,-1.0,16.2
1079,S1_light_traffic,O001-01,18.0,1,1,5.0,10,1,2,0,-1.0,23.5
1079,S1_light_traffic,O001-02,18.0,1,1,5.0,10,2,2,0,-1.0,13.4
1079,S1_light_traffic,O002-01,17.0,1,2,6.0,10,1,2,0,-1.0,16.3
1079,S1_light_traffic,O002-02,17.0,1,2,6.0,10,2,2,0,-1.0,18.3
1079,S1_light_traffic,O003-01,17.0,1,2,5.0,10,1,2,0,-1.0,19.0
1079,S1_light_traffic,O003-02,17.0,1,2,5.0,10,2,2,0,-1.0,17.4
1079,S1_light_traffic,O003-03,17.0,1,2,5.0,10,3,2,0,-1.0,14.7
1079,S1_light_traffic,O004-01,20.0,0,2,3.5,6,1,1,0,-1.0,19.8
1079,S1_light_traffic,O004-02,20.0,0,2,3.5,6,2,1,0,-1.0,12.4
1079,S1_light_traffic,O005-01,12.0,1,0,4.75,8,1,10,0,-1.0,12.6
1079,S1_light_traffic,O005-02,12.0,1,0,4.75,8,2,10,0,-1.0,9.1
1079,S1_light_traffic,O005-03,12.0,1,0,4.75,8,3,10,0,-1.0,12.5
1079,S1_light_traffic,O005-04,12.0,1,0,4.75,8,4,10,0,-1.0,13.1
1079,S1_light_traffic,O006-01,13.0,1,2,5.25,7,1,8,0,-1.0,17.2
1079,S1_light_traffic,O006-02,13.0,1,2,5.25,7,2,8,0,-1.0,14.6
1079,S1_light_traffic,O006-03,13.0,1,2,5.25,7,3,8,0,-1.0,12.5
1079,S1_light_traffic,O006-04,13.0,1,2,5.25,7,4,8,0,-1.0,16.5
1079,S1_light_traffic,O007-01,16.0,0,0,5.25,10,1,3,0,-1.0,20.0
1079,S1_light_traffic,O007-02,16.0,0,0,5.25,10,2,3,0,-1.0,18.7
1079,S1_light_traffic,O008-01,12.0,1,1,5.0,8,1,6,0,-1.0,11.2
1079,S1_light_traffic,O009-01,12.0,1,0,4.75,7,1,8,0,-1.0,12.4
1079,S1_light_traffic,O009-02,12.0,1,0,4.75,7,2,8,0,-1.0,9.8
1079,S1_light_traffic,O010-01,16.0,1,2,3.25,7,1,8,0,-1.0,15.7
1079,S1_light_traffic,O010-02,16.0,1,2,3.25,7,2,8,0,-1.0,14.1
1079,S1_light_traffic,O011-01,17.0,0,2,5.5,7,1,9,0,-1.0,17.3
1079,S1_light_traffic,O012-01,18.0,0,3,5.5,10,1,3,0,-1.0,16.6
1079,S1_light_traffic,O013-01,12.0,1,2,6.0,8,1,10,0,-1.0,11.9
1079,S1_light_traffic,O014-01,25.0,0,3,5.5,11,1,4,0,-1.0,33.7
1079,S1_light_traffic,O014-02,25.0,0,3,5.5,11,2,4,0,-1.0,37.9
1079,S1_light_traffic,O014-03,25.0,0,3,5.25,11,3,4,0,-1.0,27.0
1079,S1_light_traffic,O014-04,25.0,0,3,5.25,11,4,4,0,-1.0,19.6
1079,S1_light_traffic,O015-01,25.0,0,1,5.0,6,1,1,0,-1.0,29.4
1079,S1_light_traffic,O015-02,25.0,0,1,5.0,6,2,1,0,-1.0,27.6
1079,S1_light_traffic,O015-03,25.0,0,1,5.0,6,3,1,0,-1.0,23.9
1079,S1_light_traffic,O015-04,25.0,0,1,5.0,6,4,1,0,-1.0,18.8
1079,S1_light_traffic,O016-01,24.0,0,0,4.5,7,1,9,0,-1.0,25.3
1079,S1_light_traffic,O016-02,24.0,0,0,4.5,7,2,9,0,-1.0,25.2
1079,S1_light_traffic,O016-03,24.0,0,0,4.5,7,3,9,0,-1.0,24.2
1079,S1_light_traffic,O017-01,17.0,0,0,5.5,7,1,9,0,-1.0,16.9
1079,S1_light_traffic,O018-01,22.0,0,0,3.25,10,1,5,0,-1.0,20.2
1079,S1_light_traffic,O018-02,22.0,0,0,3.25,10,2,5,0,-1.0,20.5
1079,S1_light_traffic,O019-01,16.0,0,1,3.25,7,1,9,0,-1.0,15.8
1079,S1_light_traffic,O019-02,16.0,0,1,3.25,7,2,9,0,-1.0,14.9
1079,S1_light_traffic,O020-01,20.0,0,3,4.25,11,1,4,0,-1.0,14.5
1079,S1_light_traffic,O020-02,20.0,0,3,4.25,11,2,4,0,-1.0,19.4
1079,S1_light_traffic,O021-01,21.0,0,1,3.5,10,1,3,0,-1.0,18.7
1079,S1_light_traffic,O021-02,21.0,0,1,3.5,10,2,3,0,-1.0,18.8
1079,S1_light_traffic,O022-01,20.0,0,1,6.0,6,1,1,0,-1.0,18.0
1079,S1_light_traffic,O023-01,22.0,0,2,5.0,10,1,3,0,-1.0,21.5
1079,S1_light_traffic,O023-02,22.0,0,2,5.0,10,2,3,0,-1.0,21.6
1079,S1_light_traffic,O023-03,22.0,0,2,5.0,10,3,3,0,-1.0,22.6
1079,S1_light_traffic,O024-01,15.0,1,3,3.25,9,1,7,0,-1.0,17.7
1079,S1_light_traffic,O024-02,15.0,1,3,3.25,9,2,7,0,-1.0,18.4
1079,S1_light_traffic,O025-01,18.0,1,1,5.0,10,1,2,0,-1.0,16.2
1079,S1_light_traffic,O025-02,18.0,1,1,4.75,10,2,2,0,-1.0,17.4
1079,S1_light_traffic,O025-03,18.0,1,1,4.75,10,3,2,0,-1.0,18.7
1079,S1_light_traffic,O026-01,18.0,1,2,4.75,9,1,7,0,-1.0,19.3
1079,S1_light_traffic,O026-02,18.0,1,2,4.75,9,2,7,0,-1.0,20.2
1079,S1_light_traffic,O027-01,17.0,1,3,3.5,9,1,7,0,-1.0,17.2
1079,S1_light_traffic,O027-02,17.0,1,3,3.5,9,2,7,0,-1.0,14.6
1079,S1_light_traffic,O028-01,22.0,0,1,4.0,11,1,4,0,-1.0,28.9
1079,S1_light_traffic,O029-01,16.0,1,1,4.5,8,1,6,0,-1.0,25.1
1079,S1_light_traffic,O029-02,16.0,1,1,4.5,8,2,6,0,-1.0,15.5
1079,S1_light_traffic,O029-03,16.0,1,1,4.5,8,3,6,0,-1.0,16.4
1079,S1_light_traffic,O030-01,16.0,0,1,6.0,6,1,1,0,-1.0,15.3
1080,S1_light_traffic,O001-01,13.0,1,3,4.0,7,1,8,0,-1.0,11.4
1080,S1_light_traffic,O002-01,18.0,0,0,3.25,10,1,3,0,-1.0,18.8
1080,S1_light_traffic,O002-02,18.0,0,0,3.25,10,2,3,0,-1.0,17.2
1080,S1_light_traffic,O003-01,16.0,1,0,5.75,9,1,7,0,-1.0,16.4
1080,S1_light_traffic,O003-02,16.0,1,0,5.75,9,2,7,0,-1.0,15.5
1080,S1_light_traffic,O004-01,24.0,0,1,4.5,10,1,3,0,-1.0,25.7
1080,S1_light_traffic,O004-02,24.0,0,1,4.25,10,2,3,0,-1.0,22.3
1080,S1_light_traffic,O004-03,24.0,0,1,4.25,10,3,3,0,-1.0,27.5
1080,S1_light_traffic,O005-01,16.0,1,0,5.25,8,1,6,0,-1.0,14.5
1080,S1_light_traffic,O005-02,16.0,1,0,5.25,8,2,6,0,-1.0,13.6
1080,S1_light_traffic,O006-01,16.0,1,3,5.5,7,1,8,0,-1.0,16.7
1080,S1_light_traffic,O007-01,23.0,0,2,4.25,10,1,5,0,-1.0,24.3
1080,S1_light_traffic,O007-02,23.0,0,2,4.25,10,2,5,0,-1.0,25.8
1080,S1_light_traffic,O007-03,23.0,0,2,4.0,10,3,5,0,-1.0,25.2
1080,S1_light_traffic,O008-01,24.0,0,3,5.5,10,1,5,0,-1.0,23.4
1080,S1_light_traffic,O008-02,24.0,0,3,5.25,10,2,5,0,-1.0,19.9
1080,S1_light_traffic,O008-03,24.0,0,3,5.25,10,3,5,0,-1.0,20.6
1080,S1_light_traffic,O009-01,18.0,1,0,6.0,9,1,7,0,-1.0,18.1
1080,S1_light_traffic,O010-01,23.0,0,2,4.75,10,1,5,0,-1.0,26.3
1080,S1_light_traffic,O010-02,23.0,0,2,4.75,10,2,5,0,-1.0,21.0
1080,S1_light_traffic,O011-01,19.0,0,2,5.5,10,1,5,0,-1.0,18.9
1080,S1_light_traffic,O011-02,19.0,0,2,5.5,10,2,5,0,-1.0,20.2
1080,S1_light_traffic,O011-03,19.0,0,2,5.5,10,3,5,0,-1.0,23.5
1080,S1_light_traffic,O011-04,19.0,0,2,5.5,10,4,5,0,-1.0,21.0
1080,S1_light_traffic,O012-01,12.0,1,0,4.0,9,1,7,0,-1.0,9.5
1080,S1_light_traffic,O013-01,21.0,0,1,4.5,6,1,1,0,-1.0,20.5
1080,S1_light_traffic,O014-01,13.0,1,3,5.5,10,1,2,0,-1.0,12.2
1080,S1_light_traffic,O015-01,21.0,0,1,4.25,6,1,1,0,-1.0,18.0
1080,S1_light_traffic,O015-02,21.0,0,1,4.25,6,2,1,0,-1.0,27.4
1080,S1_light_traffic,O016-01,15.0,0,3,6.0,6,1,1,0,-1.0,14.6
1080,S1_light_traffic,O017-01,20.0,0,0,4.5,6,1,1,0,-1.0,15.3
1080,S1_light_traffic,O018-01,22.0,0,1,4.5,7,1,9,0,-1.0,27.9
1080,S1_light_traffic,O019-01,21.0,0,1,5.5,11,1,4,0,-1.0,22.2
1080,S1_light_traffic,O019-02,21.0,0,1,5.5,11,2,4,0,-1.0,19.2
1080,S1_light_traffic,O019-03,21.0,0,1,5.25,11,3,4,0,-1.0,19.2
1080,S1_light_traffic,O019-04,21.0,0,1,5.25,11,4,4,0,-1.0,20.6
1080,S1_light_traffic,O020-01,16.0,1,2,5.0,8,1,6,0,-1.0,17.9
1080,S1_light_traffic,O021-01,14.0,1,3,5.0,8,1,6,0,-1.0,12.6
1080,S1_light_traffic,O021-02,14.0,1,3,5.0,8,2,6,0,-1.0,12.2
1080,S1_light_traffic,O022-01,14.0,1,3,4.0,8,1,10,0,-1.0,13.0
1080,S1_light_traffic,O023-01,18.0,1,0,4.5,7,1,8,0,-1.0,17.9
1080,S1_light_traffic,O023-02,18.0,1,0,4.25,7,2,8,0,-1.0,17.8
1080,S1_light_traffic,O023-03,18.0,1,0,4.25,7,3,8,0,-1.0,16.8
1080,S1_light_traffic,O024-01,17.0,1,3,5.5,10,1,2,0,-1.0,20.0
1080,S1_light_traffic,O025-01,21.0,0,1,4.0,10,1,3,0,-1.0,18.8
1080,S1_light_traffic,O025-02,21.0,0,1,4.0,10,2,3,0,-1.0,19.1
1080,S1_light_traffic,O026-01,18.0,0,1,5.75,11,1,4,0,-1.0,13.2
1080,S1_light_traffic,O026-02,18.0,0,1,5.75,11,2,4,0,-1.0,14.4
1080,S1_light_traffic,O027-01,22.0,0,3,5.25,11,1,4,0,-1.0,22.7
1080,S1_light_traffic,O027-02,22.0,0,3,5.25,11,2,4,0,-1.0,25.7
1080,S1_light_traffic,O027-03,22.0,0,3,5.25,11,3,4,0,-1.0,19.2
1080,S1_light_traffic,O027-04,22.0,0,3,5.25,11,4,4,0,-1.0,22.4
1080,S1_light_traffic,O028-01,12.0,1,2,4.0,9,1,7,0,-1.0,9.9
1080,S1_light_traffic,O029-01,22.0,0,3,3.75,7,1,9,0,-1.0,23.6
1080,S1_light_traffic,O029-02,22.0,0,3,3.75,7,2,9,0,-1.0,19.5
1080,S1_light_traffic,O030-01,15.0,0,0,6.0,6,1,1,0,-1.0,15.7
1081,S0_normal,O001-01,13.0,1,3,3.25,10,1,2,0,-1.0,11.9
1081,S0_normal,O001-02,13.0,1,3,3.25,10,2,2,0,-1.0,11.5
1081,S0_normal,O002-01,23.0,0,0,5.75,11,1,4,0,-1.0,22.5
1081,S0_normal,O002-02,23.0,0,0,5.75,11,2,4,0,-1.0,28.4
1081,S0_normal,O003-01,18.0,0,3,4.75,11,1,4,0,-1.0,19.8
1081,S0_normal,O003-02,18.0,0,3,4.75,11,2,4,0,-1.0,16.8
1081,S0_normal,O003-03,18.0,0,3,4.5,11,3,4,0,-1.0,21.0
1081,S0_normal,O004-01,13.0,1,1,3.5,9,1,7,0,-1.0,14.8
1081,S0_normal,O004-02,13.0,1,1,3.5,9,2,7,0,-1.0,12.8
1081,S0_normal,O005-01,22.0,0,0,4.5,11,1,4,0,-1.0,21.3
1081,S0_normal,O005-02,22.0,0,0,4.25,11,2,4,0,-1.0,19.5
1081,S0_normal,O005-03,22.0,0,0,4.25,11,3,4,0,-1.0,19.7
1081,S0_normal,O006-01,12.0,1,3,5.5,10,1,2,0,-1.0,13.9
1081,S0_normal,O006-02,12.0,1,3,5.5,10,2,2,0,-1.0,13.9
1081,S0_normal,O007-01,19.0,0,2,3.5,6,1,1,0,-1.0,26.3
1081,S0_normal,O007-02,19.0,0,2,3.5,6,2,1,0,-1.0,23.0
1081,S0_normal,O008-01,13.0,1,2,5.5,7,1,8,0,-1.0,10.2
1081,S0_normal,O008-02,13.0,1,2,5.5,7,2,8,0,-1.0,10.8
1081,S0_normal,O008-03,13.0,1,2,5.5,7,3,8,0,-1.0,12.2
1081,S0_normal,O008-04,13.0,1,2,5.5,7,4,8,0,-1.0,10.2
1081,S0_normal,O008-05,13.0,1,2,5.25,7,5,8,0,-1.0,11.1
1081,S0_normal,O008-06,13.0,1,2,5.25,7,6,8,0,-1.0,13.7
1081,S0_normal,O009-01,14.0,1,3,4.0,8,1,6,0,-1.0,11.1
1081,S0_normal,O010-01,16.0,1,2,4.0,7,1,8,0,-1.0,12.4
1081,S0_normal,O010-02,16.0,1,2,4.0,7,2,8,0,-1.0,16.1
1081,S0_normal,O011-01,22.0,0,0,4.75,10,1,3,0,-1.0,19.3
1081,S0_normal,O011-02,22.0,0,0,4.75,10,2,3,0,-1.0,23.5
1081,S0_normal,O012-01,20.0,0,0,4.0,7,1,9,0,-1.0,25.0
1081,S0_normal,O013-01,18.0,1,2,5.0,8,1,6,0,-1.0,22.5
1081,S0_normal,O013-02,18.0,1,2,5.0,8,2,6,0,-1.0,18.5
1081,S0_normal,O013-03,18.0,1,2,5.0,8,3,6,0,-1.0,19.0
1081,S0_normal,O014-01,21.0,0,0,4.5,10,1,5,0,-1.0,20.2
1081,S0_normal,O014-02,21.0,0,0,4.25,10,2,5,0,-1.0,31.2
1081,S0_normal,O014-03,21.0,0,0,4.25,10,3,5,0,-1.0,19.5
1081,S0_normal,O015-01,21.0,0,3,5.0,7,1,9,0,-1.0,22.5
1081,S0_normal,O015-02,21.0,0,3,5.0,7,2,9,0,-1.0,28.4
1081,S0_normal,O016-01,19.0,0,3,6.0,10,1,5,0,-1.0,18.3
1081,S0_normal,O017-01,18.0,1,2,5.25,9,1,7,0,-1.0,20.9
1081,S0_normal,O017-02,18.0,1,2,5.25,9,2,7,0,-1.0,15.8
1081,S0_normal,O017-03,18.0,1,2,5.0,9,3,7,0,-1.0,16.9
1081,S0_normal,O017-04,18.0,1,2,5.0,9,4,7,0,-1.0,15.4
1081,S0_normal,O017-05,18.0,1,2,5.0,9,5,7,0,-1.0,16.5
1081,S0_normal,O018-01,24.0,0,3,4.75,10,1,5,0,-1.0,19.7
1081,S0_normal,O018-02,24.0,0,3,4.75,10,2,5,0,-1.0,24.4
1081,S0_normal,O019-01,19.0,0,3,5.0,10,1,5,0,-1.0,16.0
1081,S0_normal,O020-01,25.0,0,0,4.0,11,1,4,0,-1.0,27.1
1081,S0_normal,O021-01,15.0,1,0,5.5,8,1,10,0,-1.0,15.0
1081,S0_normal,O021-02,15.0,1,0,5.25,8,2,10,0,-1.0,13.0
1081,S0_normal,O021-03,15.0,1,0,5.25,8,3,10,0,-1.0,18.3
1081,S0_normal,O022-01,15.0,1,2,5.5,10,1,2,0,-1.0,15.4
1081,S0_normal,O023-01,14.0,1,0,3.5,9,1,7,0,-1.0,13.5
1081,S0_normal,O023-02,14.0,1,0,3.5,9,2,7,0,-1.0,19.6
1081,S0_normal,O024-01,20.0,0,3,6.0,7,1,9,0,-1.0,18.5
1081,S0_normal,O025-01,14.0,1,2,5.0,8,1,10,0,-1.0,15.2
1081,S0_normal,O026-01,24.0,0,1,4.75,10,1,3,0,-1.0,27.1
1081,S0_normal,O026-02,24.0,0,1,4.75,10,2,3,0,-1.0,18.7
1081,S0_normal,O027-01,18.0,0,3,4.25,6,1,1,0,-1.0,19.2
1081,S0_normal,O027-02,18.0,0,3,4.25,6,2,1,0,-1.0,21.3
1081,S0_normal,O028-01,15.0,1,1,5.5,9,1,7,0,-1.0,19.2
1081,S0_normal,O028-02,15.0,1,1,5.25,9,2,7,0,-1.0,14.7
1081,S0_normal,O028-03,15.0,1,1,5.25,9,3,7,0,-1.0,13.4
1081,S0_normal,O028-04,15.0,1,1,5.25,9,4,7,0,-1.0,15.6
1081,S0_normal,O028-05,15.0,1,1,5.25,9,5,7,0,-1.0,15.0
1081,S0_normal,O029-01,12.0,1,0,4.0,9,1,7,0,-1.0,9.8
1081,S0_normal,O030-01,15.0,1,1,3.5,8,1,10,0,-1.0,13.9
1081,S0_normal,O030-02,15.0,1,1,3.5,8,2,10,0,-1.0,17.5
1082,S3_site_delay,O001-01,23.0,0,2,4.75,10,1,3,0,-1.0,21.8
1082,S3_site_delay,O001-02,23.0,0,2,4.75,10,2,3,0,-1.0,22.1
1082,S3_site_delay,O002-01,17.0,1,2,5.25,7,1,8,0,-1.0,15.8
1082,S3_site_delay,O002-02,17.0,1,2,5.25,7,2,8,0,-1.0,17.2
1082,S3_site_delay,O002-03,17.0,1,2,5.25,7,3,8,0,-1.0,12.1
1082,S3_site_delay,O002-04,17.0,1,2,5.25,7,4,8,0,-1.0,14.4
1082,S3_site_delay,O003-01,18.0,1,1,3.25,8,1,6,0,-1.0,22.2
1082,S3_site_delay,O003-02,18.0,1,1,3.25,8,2,6,0,-1.0,18.2
1082,S3_site_delay,O004-01,16.0,0,3,5.0,11,1,4,0,-1.0,18.0
1082,S3_site_delay,O004-02,16.0,0,3,5.0,11,2,4,0,-1.0,20.1
1082,S3_site_delay,O005-01,24.0,0,0,4.25,6,1,1,0,-1.0,26.4
1082,S3_site_delay,O005-02,24.0,0,0,4.25,6,2,1,0,-1.0,24.2
1082,S3_site_delay,O006-01,14.0,1,3,5.75,8,1,10,0,-1.0,12.7
1082,S3_site_delay,O006-02,14.0,1,3,5.75,8,2,10,0,-1.0,16.9
1082,S3_site_delay,O006-03,14.0,1,3,5.75,8,3,10,0,-1.0,11.8
1082,S3_site_delay,O006-04,14.0,1,3,5.75,8,4,10,0,-1.0,12.9
1082,S3_site_delay,O007-01,21.0,0,2,4.75,10,1,5,0,-1.0,20.1
1082,S3_site_delay,O007-02,21.0,0,2,4.75,10,2,5,0,-1.0,18.0
1082,S3_site_delay,O008-01,15.0,1,1,5.5,8,1,6,0,-1.0,14.2
1082,S3_site_delay,O008-02,15.0,1,1,5.5,8,2,6,0,-1.0,16.8
1082,S3_site_delay,O009-01,17.0,1,2,4.25,8,1,10,0,-1.0,19.6
1082,S3_site_delay,O009-02,17.0,1,2,4.25,8,2,10,0,-1.0,13.1
1082,S3_site_delay,O010-01,12.0,1,1,4.0,8,1,6,0,-1.0,11.0
1082,S3_site_delay,O010-02,12.0,1,1,4.0,8,2,6,0,-1.0,10.7
1082,S3_site_delay,O011-01,18.0,1,0,4.5,8,1,10,0,-1.0,17.7
1082,S3_site_delay,O011-02,18.0,1,0,4.5,8,2,10,0,-1.0,17.6
1082,S3_site_delay,O011-03,18.0,1,0,4.5,8,3,10,0,-1.0,18.6
1082,S3_site_delay,O012-01,19.0,0,3,3.25,11,1,4,0,-1.0,21.0
1082,S3_site_delay,O012-02,19.0,0,3,3.25,11,2,4,0,-1.0,19.6
1082,S3_site_delay,O013-01,13.0,1,2,5.25,9,1,7,0,-1.0,11.3
1082,S3_site_delay,O013-02,13.0,1,2,5.25,9,2,7,0,-1.0,12.9
1082,S3_site_delay,O013-03,13.0,1,2,5.0,9,3,7,0,-1.0,12.9
1082,S3_site_delay,O014-01,15.0,0,0,4.0,7,1,9,0,-1.0,16.4
1082,S3_site_delay,O015-01,17.0,1,3,4.5,9,1,7,0,-1.0,15.8
1082,S3_site_delay,O016-01,18.0,1,1,4.5,10,1,2,0,-1.0,15.8
1082,S3_site_delay,O016-02,18.0,1,1,4.25,10,2,2,0,-1.0,17.9
1082,S3_site_delay,O016-03,18.0,1,1,4.25,10,3,2,0,-1.0,19.6
1082,S3_site_delay,O017-01,13.0,1,1,5.5,8,1,10,0,-1.0,10.7
1082,S3_site_delay,O018-01,14.0,1,0,4.0,8,1,10,0,-1.0,10.3
1082,S3_site_delay,O019-01,15.0,1,3,6.0,8,1,6,0,-1.0,19.3
1082,S3_site_delay,O020-01,17.0,0,3,5.25,6,1,1,0,-1.0,19.1
1082,S3_site_delay,O020-02,17.0,0,3,5.25,6,2,1,0,-1.0,16.1
1082,S3_site_delay,O021-01,17.0,0,2,3.25,6,1,1,0,-1.0,17.4
1082,S3_site_delay,O021-02,17.0,0,2,3.25,6,2,1,0,-1.0,12.0
1082,S3_site_delay,O022-01,17.0,1,1,4.0,10,1,2,0,-1.0,17.3
1082,S3_site_delay,O023-01,24.0,0,3,5.0,11,1,4,0,-1.0,20.7
1082,S3_site_delay,O023-02,24.0,0,3,5.0,11,2,4,0,-1.0,23.5
1082,S3_site_delay,O024-01,18.0,1,2,5.0,8,1,6,0,-1.0,17.4
1082,S3_site_delay,O025-01,23.0,0,3,6.0,6,1,1,0,-1.0,21.8
1082,S3_site_delay,O026-01,22.0,0,3,6.0,10,1,5,0,-1.0,23.8
1082,S3_site_delay,O026-02,22.0,0,3,5.75,10,2,5,0,-1.0,24.0
1082,S3_site_delay,O026-03,22.0,0,3,5.75,10,3,5,0,-1.0,21.0
1082,S3_site_delay,O027-01,18.0,1,2,4.75,8,1,6,0,-1.0,20.9
1082,S3_site_delay,O027-02,18.0,1,2,4.75,8,2,6,0,-1.0,15.9
1082,S3_site_delay,O028-01,23.0,0,0,5.5,6,1,1,0,-1.0,21.0
1082,S3_site_delay,O028-02,23.0,0,0,5.5,6,2,1,0,-1.0,21.1
1082,S3_site_delay,O028-03,23.0,0,0,5.5,6,3,1,0,-1.0,27.8
1082,S3_site_delay,O029-01,22.0,0,3,5.0,10,1,3,0,-1.0,22.9
1082,S3_site_delay,O029-02,22.0,0,3,4.75,10,2,3,0,-1.0,18.0
1082,S3_site_delay,O029-03,22.0,0,3,4.75,10,3,3,0,-1.0,21.2
1082,S3_site_delay,O030-01,18.0,1,2,4.25,9,1,7,0,-1.0,16.2
1082,S3_site_delay,O030-02,18.0,1,2,4.25,9,2,7,0,-1.0,17.2
1083,S0_normal,O001-01,22.0,0,2,5.0,7,1,9,0,-1.0,15.0
1083,S0_normal,O001-02,22.0,0,2,4.75,7,2,9,0,-1.0,17.0
1083,S0_normal,O001-03,22.0,0,2,4.75,7,3,9,0,-1.0,26.3
1083,S0_normal,O002-01,14.0,1,3,4.0,8,1,10,0,-1.0,15.4
1083,S0_normal,O003-01,23.0,0,2,6.0,6,1,1,0,-1.0,26.2
1083,S0_normal,O003-02,23.0,0,2,6.0,6,2,1,0,-1.0,28.9
1083,S0_normal,O004-01,17.0,1,1,5.0,9,1,7,0,-1.0,13.3
1083,S0_normal,O004-02,17.0,1,1,5.0,9,2,7,0,-1.0,18.6
1083,S0_normal,O004-03,17.0,1,1,4.75,9,3,7,0,-1.0,14.9
1083,S0_normal,O004-04,17.0,1,1,4.75,9,4,7,0,-1.0,17.1
1083,S0_normal,O005-01,19.0,0,1,4.5,10,1,3,0,-1.0,19.4
1083,S0_normal,O005-02,19.0,0,1,4.5,10,2,3,0,-1.0,16.4
1083,S0_normal,O005-03,19.0,0,1,4.5,10,3,3,0,-1.0,20.6
1083,S0_normal,O006-01,17.0,0,0,3.5,7,1,9,0,-1.0,15.0
1083,S0_normal,O006-02,17.0,0,0,3.5,7,2,9,0,-1.0,14.7
1083,S0_normal,O007-01,15.0,0,0,5.25,10,1,3,0,-1.0,16.4
1083,S0_normal,O007-02,15.0,0,0,5.25,10,2,3,0,-1.0,14.5
1083,S0_normal,O007-03,15.0,0,0,5.0,10,3,3,0,-1.0,14.4
1083,S0_normal,O007-04,15.0,0,0,5.0,10,4,3,0,-1.0,15.0
1083,S0_normal,O007-05,15.0,0,0,5.0,10,5,3,0,-1.0,12.6
1083,S0_normal,O008-01,23.0,0,3,4.0,11,1,4,0,-1.0,22.8
1083,S0_normal,O009-01,21.0,0,3,3.25,10,1,3,0,-1.0,16.1
1083,S0_normal,O009-02,21.0,0,3,3.25,10,2,3,0,-1.0,22.3
1083,S0_normal,O010-01,25.0,0,3,5.25,10,1,5,0,-1.0,26.5
1083,S0_normal,O010-02,25.0,0,3,5.25,10,2,5,0,-1.0,27.7
1083,S0_normal,O010-03,25.0,0,3,5.25,10,3,5,0,-1.0,28.3
1083,S0_normal,O010-04,25.0,0,3,5.25,10,4,5,0,-1.0,21.8
1083,S0_normal,O010-05,25.0,0,3,5.0,10,5,5,0,-1.0,31.3
1083,S0_normal,O010-06,25.0,0,3,5.0,10,6,5,0,-1.0,24.8
1083,S0_normal,O011-01,13.0,1,0,4.0,8,1,10,0,-1.0,11.2
1083,S0_normal,O011-02,13.0,1,0,4.0,8,2,10,0,-1.0,15.7
1083,S0_normal,O012-01,20.0,0,0,5.5,10,1,5,0,-1.0,21.0
1083,S0_normal,O012-02,20.0,0,0,5.5,10,2,5,0,-1.0,20.1
1083,S0_normal,O013-01,18.0,0,1,5.5,10,1,3,0,-1.0,16.9
1083,S0_normal,O014-01,17.0,1,1,5.0,7,1,8,0,-1.0,15.7
1083,S0_normal,O014-02,17.0,1,1,5.0,7,2,8,0,-1.0,18.3
1083,S0_normal,O014-03,17.0,1,1,5.0,7,3,8,0,-1.0,18.1
1083,S0_normal,O014-04,17.0,1,1,4.75,7,4,8,0,-1.0,13.7
1083,S0_normal,O014-05,17.0,1,1,4.75,7,5,8,0,-1.0,15.0
1083,S0_normal,O015-01,18.0,1,1,4.0,7,1,8,0,-1.0,23.3
1083,S0_normal,O016-01,12.0,1,3,4.25,9,1,7,0,-1.0,12.2
1083,S0_normal,O016-02,12.0,1,3,4.25,9,2,7,0,-1.0,11.7
1083,S0_normal,O017-01,16.0,1,1,4.5,8,1,6,0,-1.0,18.0
1083,S0_normal,O018-01,21.0,0,1,5.25,11,1,4,0,-1.0,21.3
1083,S0_normal,O018-02,21.0,0,1,5.25,11,2,4,0,-1.0,19.9
1083,S0_normal,O018-03,21.0,0,1,5.0,11,3,4,0,-1.0,19.6
1083,S0_normal,O018-04,21.0,0,1,5.0,11,4,4,0,-1.0,24.6
1083,S0_normal,O018-05,21.0,0,1,5.0,11,5,4,0,-1.0,19.0
1083,S0_normal,O018-06,21.0,0,1,5.0,11,6,4,0,-1.0,21.4
1083,S0_normal,O019-01,17.0,0,3,5.25,10,1,3,0,-1.0,20.5
1083,S0_normal,O019-02,17.0,0,3,5.25,10,2,3,0,-1.0,17.2
1083,S0_normal,O020-01,21.0,0,2,5.5,10,1,3,0,-1.0,21.8
1083,S0_normal,O021-01,15.0,0,2,4.0,10,1,3,0,-1.0,14.5
1083,S0_normal,O022-01,20.0,0,0,4.0,6,1,1,0,-1.0,25.8
1083,S0_normal,O022-02,20.0,0,0,4.0,6,2,1,0,-1.0,19.6
1083,S0_normal,O023-01,13.0,1,3,5.0,10,1,2,0,-1.0,13.4
1083,S0_normal,O023-02,13.0,1,3,5.0,10,2,2,0,-1.0,13.8
1083,S0_normal,O023-03,13.0,1,3,5.0,10,3,2,0,-1.0,13.0
1083,S0_normal,O024-01,15.0,0,1,6.0,10,1,5,0,-1.0,11.5
1083,S0_normal,O025-01,15.0,1,3,5.0,9,1,7,0,-1.0,16.4
1083,S0_normal,O026-01,17.0,1,2,5.25,7,1,8,0,-1.0,16.1
1083,S0_normal,O026-02,17.0,1,2,5.25,7,2,8,0,-1.0,20.4
1083,S0_normal,O027-01,15.0,0,1,5.0,7,1,9,0,-1.0,13.3
1083,S0_normal,O028-01,13.0,1,2,5.75,8,1,10,0,-1.0,13.2
1083,S0_normal,O028-02,13.0,1,2,5.75,8,2,10,0,-1.0,10.9
1083,S0_normal,O028-03,13.0,1,2,5.5,8,3,10,0,-1.0,12.3
1083,S0_normal,O029-01,22.0,0,1,6.0,7,1,9,0,-1.0,27.4
1083,S0_normal,O030-01,12.0,1,2,5.75,8,1,6,0,-1.0,12.9
1083,S0_normal,O030-02,12.0,1,2,5.75,8,2,6,0,-1.0,14.3
1084,S0_normal,O001-01,15.0,0,2,3.25,10,1,5,0,-1.0,16.2
1084,S0_normal,O001-02,15.0,0,2,3.25,10,2,5,0,-1.0,14.7
1084,S0_normal,O002-01,13.0,1,3,4.0,8,1,10,0,-1.0,10.8
1084,S0_normal,O002-02,13.0,1,3,4.0,8,2,10,0,-1.0,8.7
1084,S0_normal,O003-01,13.0,1,0,5.5,10,1,2,0,-1.0,13.8
1084,S0_normal,O004-01,18.0,1,3,4.0,9,1,7,0,-1.0,18.3
1084,S0_normal,O005-01,17.0,0,3,4.25,11,1,4,0,-1.0,23.4
1084,S0_normal,O005-02,17.0,0,3,4.25,11,2,4,0,-1.0,13.8
1084,S0_normal,O006-01,20.0,0,2,5.0,10,1,5,0,-1.0,22.6
1084,S0_normal,O006-02,20.0,0,2,4.75,10,2,5,0,-1.0,21.6
1084,S0_normal,O006-03,20.0,0,2,4.75,10,3,5,0,-1.0,16.4
1084,S0_normal,O007-01,19.0,0,2,3.5,7,1,9,0,-1.0,18.5
1084,S0_normal,O007-02,19.0,0,2,3.5,7,2,9,0,-1.0,16.3
1084,S0_normal,O008-01,14.0,1,3,4.5,9,1,7,0,-1.0,11.6
1084,S0_normal,O008-02,14.0,1,3,4.5,9,2,7,0,-1.0,20.3
1084,S0_normal,O008-03,14.0,1,3,4.5,9,3,7,0,-1.0,13.4
1084,S0_normal,O009-01,17.0,1,3,4.25,7,1,8,0,-1.0,16.1
1084,S0_normal,O009-02,17.0,1,3,4.25,7,2,8,0,-1.0,14.3
1084,S0_normal,O010-01,22.0,0,1,4.25,7,1,9,0,-1.0,20.0
1084,S0_normal,O010-02,22.0,0,1,4.25,7,2,9,0,-1.0,23.1
1084,S0_normal,O010-03,22.0,0,1,4.0,7,3,9,0,-1.0,21.9
1084,S0_normal,O011-01,18.0,1,0,5.0,9,1,7,0,-1.0,17.8
1084,S0_normal,O012-01,14.0,1,2,3.75,10,1,2,0,-1.0,14.0
1084,S0_normal,O012-02,14.0,1,2,3.75,10,2,2,0,-1.0,16.3
1084,S0_normal,O013-01,18.0,1,2,6.0,8,1,6,0,-1.0,21.1
1084,S0_normal,O013-02,18.0,1,2,6.0,8,2,6,0,-1.0,22.3
1084,S0_normal,O013-03,18.0,1,2,6.0,8,3,6,0,-1.0,19.9
1084,S0_normal,O014-01,19.0,0,2,5.5,10,1,3,0,-1.0,17.8
1084,S0_normal,O014-02,19.0,0,2,5.25,10,2,3,0,-1.0,17.6
1084,S0_normal,O014-03,19.0,0,2,5.25,10,3,3,0,-1.0,20.4
1084,S0_normal,O015-01,25.0,0,2,6.0,6,1,1,0,-1.0,32.0
1084,S0_normal,O016-01,18.0,1,0,4.0,9,1,7,0,-1.0,15.8
1084,S0_normal,O017-01,17.0,1,3,4.0,7,1,8,0,-1.0,18.1
1084,S0_normal,O018-01,22.0,0,0,5.75,10,1,3,0,-1.0,22.0
1084,S0_normal,O018-02,22.0,0,0,5.75,10,2,3,0,-1.0,15.0
1084,S0_normal,O019-01,19.0,0,2,4.25,6,1,1,0,-1.0,15.0
1084,S0_normal,O019-02,19.0,0,2,4.25,6,2,1,0,-1.0,23.4
1084,S0_normal,O020-01,24.0,0,0,5.0,7,1,9,0,-1.0,29.1
1084,S0_normal,O020-02,24.0,0,0,4.75,7,2,9,0,-1.0,23.7
1084,S0_normal,O020-03,24.0,0,0,4.75,7,3,9,0,-1.0,21.8
1084,S0_normal,O021-01,17.0,1,2,5.0,7,1,8,0,-1.0,16.5
1084,S0_normal,O021-02,17.0,1,2,4.75,7,2,8,0,-1.0,18.7
1084,S0_normal,O021-03,17.0,1,2,4.75,7,3,8,0,-1.0,17.0
1084,S0_normal,O022-01,15.0,1,2,5.5,9,1,7,0,-1.0,15.8
1084,S0_normal,O023-01,14.0,1,0,4.0,8,1,10,0,-1.0,12.3
1084,S0_normal,O023-02,14.0,1,0,4.0,8,2,10,0,-1.0,17.4
1084,S0_normal,O024-01,22.0,0,3,4.0,7,1,9,0,-1.0,21.1
1084,S0_normal,O025-01,15.0,1,0,5.25,8,1,10,0,-1.0,16.3
1084,S0_normal,O025-02,15.0,1,0,5.25,8,2,10,0,-1.0,14.8
1084,S0_normal,O026-01,17.0,1,2,5.0,9,1,7,0,-1.0,21.0
1084,S0_normal,O026-02,17.0,1,2,5.0,9,2,7,0,-1.0,14.9
1084,S0_normal,O027-01,12.0,1,2,4.25,8,1,6,0,-1.0,13.1
1084,S0_normal,O027-02,12.0,1,2,4.25,8,2,6,0,-1.0,10.1
1084,S0_normal,O027-03,12.0,1,2,4.0,8,3,6,0,-1.0,12.0
1084,S0_normal,O028-01,18.0,1,2,4.5,10,1,2,0,-1.0,17.9
1084,S0_normal,O029-01,16.0,1,1,4.5,10,1,2,0,-1.0,22.1
1084,S0_normal,O029-02,16.0,1,1,4.5,10,2,2,0,-1.0,15.1
1084,S0_normal,O030-01,20.0,0,3,5.75,10,1,3,0,-1.0,18.6
1084,S0_normal,O030-02,20.0,0,3,5.75,10,2,3,0,-1.0,21.4
1085,S0_normal,O001-01,23.0,0,0,5.5,11,1,4,0,-1.0,26.5
1085,S0_normal,O002-01,15.0,0,2,4.25,10,1,5,0,-1.0,13.3
1085,S0_normal,O002-02,15.0,0,2,4.25,10,2,5,0,-1.0,11.9
1085,S0_normal,O002-03,15.0,0,2,4.0,10,3,5,0,-1.0,11.6
1085,S0_normal,O003-01,14.0,1,0,3.25,9,1,7,0,-1.0,15.1
1085,S0_normal,O003-02,14.0,1,0,3.25,9,2,7,0,-1.0,10.9
1085,S0_normal,O004-01,15.0,1,2,4.5,8,1,10,0,-1.0,13.9
1085,S0_normal,O005-01,18.0,0,0,4.0,7,1,9,0,-1.0,20.1
1085,S0_normal,O006-01,12.0,1,3,5.0,10,1,2,0,-1.0,9.4
1085,S0_normal,O006-02,12.0,1,3,5.0,10,2,2,0,-1.0,10.4
1085,S0_normal,O006-03,12.0,1,3,5.0,10,3,2,0,-1.0,16.8
1085,S0_normal,O007-01,23.0,0,2,5.25,11,1,4,0,-1.0,20.4
1085,S0_normal,O007-02,23.0,0,2,5.25,11,2,4,0,-1.0,24.3
1085,S0_normal,O008-01,23.0,0,3,5.25,11,1,4,0,-1.0,20.9
1085,S0_normal,O008-02,23.0,0,3,5.25,11,2,4,0,-1.0,18.2
1085,S0_normal,O009-01,21.0,0,0,5.0,10,1,5,0,-1.0,26.8
1085,S0_normal,O009-02,21.0,0,0,5.0,10,2,5,0,-1.0,24.0
1085,S0_normal,O009-03,21.0,0,0,4.75,10,3,5,0,-1.0,26.2
1085,S0_normal,O009-04,21.0,0,0,4.75,10,4,5,0,-1.0,21.3
1085,S0_normal,O010-01,18.0,1,1,3.25,10,1,2,0,-1.0,13.6
1085,S0_normal,O010-02,18.0,1,1,3.25,10,2,2,0,-1.0,16.7
1085,S0_normal,O011-01,17.0,0,2,5.0,10,1,5,0,-1.0,23.1
1085,S0_normal,O011-02,17.0,0,2,5.0,10,2,5,0,-1.0,15.5
1085,S0_normal,O012-01,18.0,1,1,4.0,8,1,10,0,-1.0,14.5
1085,S0_normal,O013-01,16.0,0,3,6.0,7,1,9,0,-1.0,13.5
1085,S0_normal,O014-01,15.0,1,0,5.0,7,1,8,0,-1.0,17.8
1085,S0_normal,O014-02,15.0,1,0,4.75,7,2,8,0,-1.0,13.7
1085,S0_normal,O014-03,15.0,1,0,4.75,7,3,8,0,-1.0,18.2
1085,S0_normal,O015-01,17.0,1,1,3.25,7,1,8,0,-1.0,17.4
1085,S0_normal,O015-02,17.0,1,1,3.25,7,2,8,0,-1.0,17.6
1085,S0_normal,O016-01,18.0,1,2,5.0,8,1,6,0,-1.0,15.4
1085,S0_normal,O016-02,18.0,1,2,5.0,8,2,6,0,-1.0,19.5
1085,S0_normal,O017-01,17.0,0,2,4.5,6,1,1,0,-1.0,15.6
1085,S0_normal,O018-01,18.0,0,2,5.25,10,1,5,0,-1.0,16.2
1085,S0_normal,O018-02,18.0,0,2,5.25,10,2,5,0,-1.0,16.7
1085,S0_normal,O018-03,18.0,0,2,5.0,10,3,5,0,-1.0,15.5
1085,S0_normal,O019-01,12.0,1,3,5.25,8,1,6,0,-1.0,10.9
1085,S0_normal,O019-02,12.0,1,3,5.25,8,2,6,0,-1.0,13.4
1085,S0_normal,O020-01,17.0,1,2,4.0,8,1,10,0,-1.0,12.6
1085,S0_normal,O020-02,17.0,1,2,4.0,8,2,10,0,-1.0,18.7
1085,S0_normal,O021-01,23.0,0,2,4.0,11,1,4,0,-1.0,22.5
1085,S0_normal,O022-01,13.0,1,1,5.0,9,1,7,0,-1.0,10.4
1085,S0_normal,O022-02,13.0,1,1,5.0,9,2,7,0,-1.0,12.7
1085,S0_normal,O023-01,13.0,1,3,4.0,7,1,8,0,-1.0,15.0
1085,S0_normal,O023-02,13.0,1,3,4.0,7,2,8,0,-1.0,11.1
1085,S0_normal,O024-01,15.0,1,2,5.0,7,1,8,0,-1.0,14.0
1085,S0_normal,O025-01,25.0,0,0,4.5,10,1,3,0,-1.0,27.0
1085,S0_normal,O025-02,25.0,0,0,4.5,10,2,3,0,-1.0,25.9
1085,S0_normal,O026-01,15.0,0,0,5.0,10,1,3,0,-1.0,13.4
1085,S0_normal,O026-02,15.0,0,0,5.0,10,2,3,0,-1.0,14.3
1085,S0_normal,O026-03,15.0,0,0,5.0,10,3,3,0,-1.0,13.4
1085,S0_normal,O027-01,17.0,0,3,3.75,6,1,1,0,-1.0,18.4
1085,S0_normal,O027-02,17.0,0,3,3.75,6,2,1,0,-1.0,15.3
1085,S0_normal,O028-01,14.0,1,3,5.0,7,1,8,0,-1.0,13.6
1085,S0_normal,O028-02,14.0,1,3,5.0,7,2,8,0,-1.0,16.2
1085,S0_normal,O028-03,14.0,1,3,5.0,7,3,8,0,-1.0,15.3
1085,S0_normal,O029-01,23.0,0,2,4.0,10,1,5,0,-1.0,18.6
1085,S0_normal,O029-02,23.0,0,2,4.0,10,2,5,0,-1.0,27.8
1085,S0_normal,O030-01,14.0,1,1,5.25,7,1,8,0,-1.0,14.6
1085,S0_normal,O030-02,14.0,1,1,5.25,7,2,8,0,-1.0,14.8
1086,S7_mixed_disruption,O001-01,17.0,0,1,4.0,11,1,4,0,-1.0,19.9
1086,S7_mixed_disruption,O001-02,17.0,0,1,4.0,11,2,4,0,-1.0,12.1
1086,S7_mixed_disruption,O002-01,17.0,1,1,5.5,8,1,10,0,-1.0,18.6
1086,S7_mixed_disruption,O002-02,17.0,1,1,5.5,8,2,10,0,-1.0,16.7
1086,S7_mixed_disruption,O003-01,22.0,0,1,4.75,10,1,3,0,-1.0,25.0
1086,S7_mixed_disruption,O003-02,22.0,0,1,4.75,10,2,3,0,-1.0,21.3
1086,S7_mixed_disruption,O003-03,22.0,0,1,4.5,10,3,3,0,-1.0,20.5
1086,S7_mixed_disruption,O004-01,14.0,1,1,3.25,8,1,10,0,-1.0,14.6
1086,S7_mixed_disruption,O004-02,14.0,1,1,3.25,8,2,10,0,-1.0,13.6
1086,S7_mixed_disruption,O005-01,21.0,0,0,5.0,7,1,9,0,-1.0,22.3
1086,S7_mixed_disruption,O006-01,12.0,1,2,4.75,9,1,7,0,-1.0,9.2
1086,S7_mixed_disruption,O006-02,12.0,1,2,4.75,9,2,7,0,-1.0,11.9
1086,S7_mixed_disruption,O007-01,13.0,1,1,4.25,9,1,7,0,-1.0,12.5
1086,S7_mixed_disruption,O007-02,13.0,1,1,4.25,9,2,7,0,-1.0,15.7
1086,S7_mixed_disruption,O008-01,17.0,0,2,5.0,10,1,5,0,-1.0,15.3
1086,S7_mixed_disruption,O009-01,14.0,1,1,4.75,8,1,10,0,-1.0,14.9
1086,S7_mixed_disruption,O009-02,14.0,1,1,4.75,8,2,10,0,-1.0,13.9
1086,S7_mixed_disruption,O010-01,15.0,0,0,4.75,6,1,1,0,-1.0,16.1
1086,S7_mixed_disruption,O010-02,15.0,0,0,4.75,6,2,1,0,-1.0,19.4
1086,S7_mixed_disruption,O011-01,18.0,1,3,5.5,10,1,2,0,-1.0,13.9
1086,S7_mixed_disruption,O011-02,18.0,1,3,5.5,10,2,2,0,-1.0,22.0
1086,S7_mixed_disruption,O011-03,18.0,1,3,5.5,10,3,2,0,-1.0,21.9
1086,S7_mixed_disruption,O012-01,14.0,1,1,4.5,9,1,7,0,-1.0,14.5
1086,S7_mixed_disruption,O012-02,14.0,1,1,4.25,9,2,7,0,-1.0,18.3
1086,S7_mixed_disruption,O012-03,14.0,1,1,4.25,9,3,7,1,-1.0,19.8
1086,S7_mixed_disruption,O013-01,16.0,1,1,5.0,8,1,6,0,-1.0,11.7
1086,S7_mixed_disruption,O013-02,16.0,1,1,5.0,8,2,6,0,-1.0,17.5
1086,S7_mixed_disruption,O014-01,13.0,1,1,4.5,8,1,6,0,-1.0,11.6
1086,S7_mixed_disruption,O014-02,13.0,1,1,4.25,8,2,6,0,-1.0,10.5
1086,S7_mixed_disruption,O014-03,13.0,1,1,4.25,8,3,6,0,-1.0,11.3
1086,S7_mixed_disruption,O015-01,21.0,0,0,5.75,10,1,5,0,-1.0,25.2
1086,S7_mixed_disruption,O015-02,21.0,0,0,5.75,10,2,5,0,-1.0,21.0
1086,S7_mixed_disruption,O015-03,21.0,0,0,5.75,10,3,5,0,-1.0,19.0
1086,S7_mixed_disruption,O015-04,21.0,0,0,5.75,10,4,5,0,-1.0,17.1
1086,S7_mixed_disruption,O015-05,21.0,0,0,5.75,10,5,5,0,-1.0,20.3
1086,S7_mixed_disruption,O015-06,21.0,0,0,5.75,10,6,5,0,-1.0,17.9
1086,S7_mixed_disruption,O015-07,21.0,0,0,5.5,10,7,5,0,-1.0,16.3
1086,S7_mixed_disruption,O016-01,21.0,0,1,5.25,10,1,3,0,-1.0,22.1
1086,S7_mixed_disruption,O016-02,21.0,0,1,5.25,10,2,3,0,-1.0,18.8
1086,S7_mixed_disruption,O017-01,18.0,1,2,5.5,8,1,10,0,-1.0,16.6
1086,S7_mixed_disruption,O018-01,24.0,0,3,4.0,10,1,5,0,-1.0,26.7
1086,S7_mixed_disruption,O019-01,17.0,1,1,5.5,10,1,2,0,-1.0,13.2
1086,S7_mixed_disruption,O019-02,17.0,1,1,5.5,10,2,2,0,-1.0,21.5
1086,S7_mixed_disruption,O019-03,17.0,1,1,5.25,10,3,2,0,-1.0,19.0
1086,S7_mixed_disruption,O019-04,17.0,1,1,5.25,10,4,2,0,-1.0,22.8
1086,S7_mixed_disruption,O020-01,18.0,1,2,4.75,8,1,10,0,-1.0,17.2
1086,S7_mixed_disruption,O020-02,18.0,1,2,4.75,8,2,10,0,-1.0,21.1
1086,S7_mixed_disruption,O020-03,18.0,1,2,4.5,8,3,10,0,-1.0,20.4
1086,S7_mixed_disruption,O021-01,25.0,0,0,4.0,7,1,9,0,-1.0,21.9
1086,S7_mixed_disruption,O022-01,13.0,1,0,3.75,8,1,10,0,-1.0,12.6
1086,S7_mixed_disruption,O022-02,13.0,1,0,3.75,8,2,10,0,-1.0,15.9
1086,S7_mixed_disruption,O023-01,25.0,0,1,5.0,6,1,1,0,-1.0,22.6
1086,S7_mixed_disruption,O023-02,25.0,0,1,5.0,6,2,1,0,-1.0,17.8
1086,S7_mixed_disruption,O024-01,14.0,1,3,5.25,9,1,7,0,-1.0,12.5
1086,S7_mixed_disruption,O024-02,14.0,1,3,5.25,9,2,7,0,-1.0,12.8
1086,S7_mixed_disruption,O024-03,14.0,1,3,5.0,9,3,7,0,-1.0,14.9
1086,S7_mixed_disruption,O024-04,14.0,1,3,5.0,9,4,7,0,-1.0,14.5
1086,S7_mixed_disruption,O025-01,15.0,0,3,4.5,7,1,9,0,-1.0,15.9
1086,S7_mixed_disruption,O026-01,14.0,1,0,5.75,8,1,6,0,-1.0,13.2
1086,S7_mixed_disruption,O026-02,14.0,1,0,5.75,8,2,6,0,-1.0,12.9
1086,S7_mixed_disruption,O027-01,19.0,0,1,5.25,6,1,1,0,-1.0,18.3
1086,S7_mixed_disruption,O027-02,19.0,0,1,5.25,6,2,1,0,-1.0,20.6
1086,S7_mixed_disruption,O027-03,19.0,0,1,5.0,6,3,1,0,-1.0,17.0
1086,S7_mixed_disruption,O028-01,17.0,1,1,3.25,7,1,8,0,-1.0,17.3
1086,S7_mixed_disruption,O028-02,17.0,1,1,3.25,7,2,8,0,-1.0,14.5
1086,S7_mixed_disruption,O029-01,20.0,0,1,3.75,11,1,4,0,-1.0,21.1
1086,S7_mixed_disruption,O029-02,20.0,0,1,3.75,11,2,4,0,-1.0,18.3
1086,S7_mixed_disruption,O030-01,15.0,1,1,5.5,8,1,6,0,-1.0,16.3
1086,S7_mixed_disruption,O030-02,15.0,1,1,5.5,8,2,6,0,-1.0,15.7
1087,S7_mixed_disruption,O001-01,15.0,1,2,5.5,8,1,6,0,-1.0,19.7
1087,S7_mixed_disruption,O001-02,15.0,1,2,5.5,8,2,6,0,-1.0,19.8
1087,S7_mixed_disruption,O002-01,17.0,1,3,4.0,8,1,10,0,-1.0,17.6
1087,S7_mixed_disruption,O003-01,16.0,0,3,5.0,7,1,9,0,-1.0,16.8
1087,S7_mixed_disruption,O003-02,16.0,0,3,5.0,7,2,9,0,-1.0,14.6
1087,S7_mixed_disruption,O004-01,18.0,0,2,4.5,10,1,5,0,-1.0,18.3
1087,S7_mixed_disruption,O005-01,15.0,0,1,4.75,10,1,3,0,-1.0,14.1
1087,S7_mixed_disruption,O005-02,15.0,0,1,4.75,10,2,3,0,-1.0,19.2
1087,S7_mixed_disruption,O005-03,15.0,0,1,4.5,10,3,3,0,-1.0,14.5
1087,S7_mixed_disruption,O006-01,18.0,1,0,4.5,8,1,6,0,-1.0,20.9
1087,S7_mixed_disruption,O007-01,15.0,1,3,4.0,7,1,8,0,-1.0,14.8
1087,S7_mixed_disruption,O007-02,15.0,1,3,4.0,7,2,8,0,-1.0,18.4
1087,S7_mixed_disruption,O008-01,17.0,1,1,4.75,8,1,6,0,-1.0,19.4
1087,S7_mixed_disruption,O008-02,17.0,1,1,4.75,8,2,6,0,-1.0,15.4
1087,S7_mixed_disruption,O009-01,13.0,1,1,4.5,7,1,8,0,-1.0,13.5
1087,S7_mixed_disruption,O009-02,13.0,1,1,4.5,7,2,8,0,-1.0,14.6
1087,S7_mixed_disruption,O009-03,13.0,1,1,4.5,7,3,8,0,-1.0,16.0
1087,S7_mixed_disruption,O010-01,15.0,0,0,4.5,11,1,4,0,-1.0,24.2
1087,S7_mixed_disruption,O010-02,15.0,0,0,4.5,11,2,4,0,-1.0,13.0
1087,S7_mixed_disruption,O011-01,16.0,1,0,5.25,8,1,6,0,-1.0,17.6
1087,S7_mixed_disruption,O011-02,16.0,1,0,5.25,8,2,6,0,-1.0,22.0
1087,S7_mixed_disruption,O011-03,16.0,1,0,5.0,8,3,6,0,-1.0,17.6
1087,S7_mixed_disruption,O012-01,16.0,1,1,3.5,8,1,10,0,-1.0,16.7
1087,S7_mixed_disruption,O012-02,16.0,1,1,3.5,8,2,10,0,-1.0,14.8
1087,S7_mixed_disruption,O013-01,20.0,0,3,4.0,10,1,5,0,-1.0,20.8
1087,S7_mixed_disruption,O014-01,21.0,0,2,5.75,11,1,4,0,-1.0,20.4
1087,S7_mixed_disruption,O014-02,21.0,0,2,5.75,11,2,4,0,-1.0,18.6
1087,S7_mixed_disruption,O014-03,21.0,0,2,5.75,11,3,4,0,-1.0,25.4
1087,S7_mixed_disruption,O014-04,21.0,0,2,5.75,11,4,4,0,-1.0,26.0
1087,S7_mixed_disruption,O014-05,21.0,0,2,5.75,11,5,4,0,-1.0,20.5
1087,S7_mixed_disruption,O014-06,21.0,0,2,5.75,11,6,4,0,-1.0,23.7
1087,S7_mixed_disruption,O014-07,21.0,0,2,5.5,11,7,4,0,-1.0,25.7
1087,S7_mixed_disruption,O015-01,17.0,1,1,5.0,10,1,2,0,-1.0,12.3
1087,S7_mixed_disruption,O015-02,17.0,1,1,4.75,10,2,2,0,-1.0,16.6
1087,S7_mixed_disruption,O015-03,17.0,1,1,4.75,10,3,2,0,-1.0,18.0
1087,S7_mixed_disruption,O016-01,12.0,1,3,4.5,9,1,7,0,-1.0,13.6
1087,S7_mixed_disruption,O016-02,12.0,1,3,4.5,9,2,7,0,-1.0,10.5
1087,S7_mixed_disruption,O017-01,17.0,1,3,6.0,8,1,6,0,-1.0,17.1
1087,S7_mixed_disruption,O018-01,18.0,0,0,4.0,11,1,4,0,-1.0,14.1
1087,S7_mixed_disruption,O019-01,24.0,0,1,6.0,10,1,3,0,-1.0,24.5
1087,S7_mixed_disruption,O019-02,24.0,0,1,5.75,10,2,3,0,-1.0,26.4
1087,S7_mixed_disruption,O019-03,24.0,0,1,5.75,10,3,3,0,-1.0,22.7
1087,S7_mixed_disruption,O020-01,20.0,0,3,4.5,10,1,5,0,-1.0,16.0
1087,S7_mixed_disruption,O021-01,15.0,0,0,3.5,10,1,3,0,-1.0,13.4
1087,S7_mixed_disruption,O021-02,15.0,0,0,3.5,10,2,3,0,-1.0,14.1
1087,S7_mixed_disruption,O022-01,14.0,1,1,4.25,7,1,8,0,-1.0,13.0
1087,S7_mixed_disruption,O022-02,14.0,1,1,4.25,7,2,8,0,-1.0,15.7
1087,S7_mixed_disruption,O022-03,14.0,1,1,4.0,7,3,8,0,-1.0,15.3
1087,S7_mixed_disruption,O023-01,18.0,0,1,5.0,6,1,1,0,-1.0,21.8
1087,S7_mixed_disruption,O023-02,18.0,0,1,5.0,6,2,1,0,-1.0,20.6
1087,S7_mixed_disruption,O023-03,18.0,0,1,5.0,6,3,1,0,-1.0,17.6
1087,S7_mixed_disruption,O024-01,24.0,0,1,4.0,7,1,9,0,-1.0,29.3
1087,S7_mixed_disruption,O025-01,16.0,1,0,6.0,9,1,7,0,-1.0,13.5
1087,S7_mixed_disruption,O025-02,16.0,1,0,6.0,9,2,7,0,-1.0,14.7
1087,S7_mixed_disruption,O026-01,19.0,0,0,4.5,6,1,1,0,-1.0,19.0
1087,S7_mixed_disruption,O026-02,19.0,0,0,4.5,6,2,1,0,-1.0,19.8
1087,S7_mixed_disruption,O026-03,19.0,0,0,4.5,6,3,1,0,-1.0,15.7
1087,S7_mixed_disruption,O027-01,18.0,1,1,4.0,8,1,6,0,-1.0,19.6
1087,S7_mixed_disruption,O028-01,14.0,1,2,5.0,10,1,2,0,-1.0,12.6
1087,S7_mixed_disruption,O028-02,14.0,1,2,4.75,10,2,2,0,-1.0,15.4
1087,S7_mixed_disruption,O028-03,14.0,1,2,4.75,10,3,2,0,-1.0,12.0
1087,S7_mixed_disruption,O029-01,22.0,0,3,5.5,6,1,1,0,-1.0,24.5
1087,S7_mixed_disruption,O029-02,22.0,0,3,5.5,6,2,1,0,-1.0,22.4
1087,S7_mixed_disruption,O030-01,25.0,0,1,3.25,10,1,5,0,-1.0,24.8
1087,S7_mixed_disruption,O030-02,25.0,0,1,3.25,10,2,5,0,-1.0,28.8
1088,S0_normal,O001-01,24.0,0,2,5.5,10,1,5,0,-1.0,35.3
1088,S0_normal,O002-01,21.0,0,0,5.5,11,1,4,0,-1.0,27.2
1088,S0_normal,O003-01,14.0,1,2,4.0,10,1,2,0,-1.0,12.9
1088,S0_normal,O004-01,16.0,0,0,3.75,6,1,1,0,-1.0,14.3
1088,S0_normal,O004-02,16.0,0,0,3.75,6,2,1,0,-1.0,14.8
1088,S0_normal,O005-01,18.0,1,2,6.0,8,1,6,0,-1.0,14.1
1088,S0_normal,O006-01,14.0,1,0,3.25,8,1,10,0,-1.0,11.8
1088,S0_normal,O006-02,14.0,1,0,3.25,8,2,10,0,-1.0,15.4
1088,S0_normal,O007-01,23.0,0,2,4.25,11,1,4,0,-1.0,21.8
1088,S0_normal,O007-02,23.0,0,2,4.25,11,2,4,0,-1.0,22.3
1088,S0_normal,O007-03,23.0,0,2,4.0,11,3,4,0,-1.0,28.6
1088,S0_normal,O008-01,17.0,1,1,5.0,9,1,7,0,-1.0,16.6
1088,S0_normal,O009-01,23.0,0,1,5.25,6,1,1,0,-1.0,22.5
1088,S0_normal,O009-02,23.0,0,1,5.25,6,2,1,0,-1.0,21.0
1088,S0_normal,O010-01,15.0,0,3,5.75,6,1,1,0,-1.0,14.9
1088,S0_normal,O010-02,15.0,0,3,5.75,6,2,1,0,-1.0,18.8
1088,S0_normal,O010-03,15.0,0,3,5.5,6,3,1,0,-1.0,15.8
1088,S0_normal,O010-04,15.0,0,3,5.5,6,4,1,0,-1.0,17.5
1088,S0_normal,O011-01,16.0,1,0,4.0,8,1,10,0,-1.0,13.2
1088,S0_normal,O012-01,16.0,1,3,5.0,8,1,6,0,-1.0,16.1
1088,S0_normal,O012-02,16.0,1,3,5.0,8,2,6,0,-1.0,17.7
1088,S0_normal,O012-03,16.0,1,3,5.0,8,3,6,0,-1.0,14.3
1088,S0_normal,O013-01,18.0,1,1,4.75,7,1,8,0,-1.0,16.6
1088,S0_normal,O013-02,18.0,1,1,4.75,7,2,8,0,-1.0,21.7
1088,S0_normal,O014-01,22.0,0,0,4.5,10,1,5,0,-1.0,22.1
1088,S0_normal,O014-02,22.0,0,0,4.25,10,2,5,0,-1.0,19.8
1088,S0_normal,O014-03,22.0,0,0,4.25,10,3,5,0,-1.0,27.5
1088,S0_normal,O015-01,18.0,1,0,5.0,8,1,6,0,-1.0,17.6
1088,S0_normal,O015-02,18.0,1,0,5.0,8,2,6,0,-1.0,21.8
1088,S0_normal,O016-01,17.0,1,0,4.75,7,1,8,0,-1.0,18.0
1088,S0_normal,O016-02,17.0,1,0,4.75,7,2,8,0,-1.0,13.4
1088,S0_normal,O016-03,17.0,1,0,4.75,7,3,8,0,-1.0,19.7
1088,S0_normal,O016-04,17.0,1,0,4.75,7,4,8,0,-1.0,17.1
1088,S0_normal,O017-01,21.0,0,2,5.25,7,1,9,0,-1.0,23.6
1088,S0_normal,O017-02,21.0,0,2,5.25,7,2,9,0,-1.0,25.9
1088,S0_normal,O017-03,21.0,0,2,5.0,7,3,9,0,-1.0,29.6
1088,S0_normal,O017-04,21.0,0,2,5.0,7,4,9,0,-1.0,21.1
1088,S0_normal,O018-01,24.0,0,3,5.0,6,1,1,0,-1.0,25.9
1088,S0_normal,O018-02,24.0,0,3,4.75,6,2,1,0,-1.0,24.6
1088,S0_normal,O018-03,24.0,0,3,4.75,6,3,1,0,-1.0,22.0
1088,S0_normal,O019-01,20.0,0,2,5.25,10,1,3,0,-1.0,23.8
1088,S0_normal,O019-02,20.0,0,2,5.25,10,2,3,0,-1.0,18.4
1088,S0_normal,O020-01,18.0,1,2,5.5,9,1,7,0,-1.0,22.1
1088,S0_normal,O020-02,18.0,1,2,5.25,9,2,7,0,-1.0,15.2
1088,S0_normal,O020-03,18.0,1,2,5.25,9,3,7,0,-1.0,20.1
1088,S0_normal,O021-01,22.0,0,3,6.0,7,1,9,0,-1.0,18.0
1088,S0_normal,O021-02,22.0,0,3,6.0,7,2,9,0,-1.0,25.8
1088,S0_normal,O021-03,22.0,0,3,5.75,7,3,9,0,-1.0,24.0
1088,S0_normal,O021-04,22.0,0,3,5.75,7,4,9,0,-1.0,20.4
1088,S0_normal,O021-05,22.0,0,3,5.75,7,5,9,0,-1.0,24.4
1088,S0_normal,O021-06,22.0,0,3,5.75,7,6,9,0,-1.0,15.4
1088,S0_normal,O022-01,17.0,0,3,5.0,10,1,5,0,-1.0,23.0
1088,S0_normal,O023-01,16.0,0,3,5.0,10,1,5,0,-1.0,20.2
1088,S0_normal,O023-02,16.0,0,3,4.75,10,2,5,0,-1.0,11.9
1088,S0_normal,O023-03,16.0,0,3,4.75,10,3,5,0,-1.0,16.6
1088,S0_normal,O024-01,16.0,0,2,5.5,11,1,4,0,-1.0,14.2
1088,S0_normal,O024-02,16.0,0,2,5.5,11,2,4,0,-1.0,20.7
1088,S0_normal,O024-03,16.0,0,2,5.5,11,3,4,0,-1.0,20.2
1088,S0_normal,O025-01,24.0,0,2,5.0,11,1,4,0,-1.0,22.1
1088,S0_normal,O026-01,24.0,0,3,4.0,7,1,9,0,-1.0,19.3
1088,S0_normal,O026-02,24.0,0,3,4.0,7,2,9,0,-1.0,18.3
1088,S0_normal,O027-01,17.0,1,2,5.75,10,1,2,0,-1.0,14.5
1088,S0_normal,O027-02,17.0,1,2,5.75,10,2,2,0,-1.0,16.3
1088,S0_normal,O027-03,17.0,1,2,5.5,10,3,2,0,-1.0,14.3
1088,S0_normal,O027-04,17.0,1,2,5.5,10,4,2,0,-1.0,22.5
1088,S0_normal,O027-05,17.0,1,2,5.5,10,5,2,0,-1.0,14.6
1088,S0_normal,O027-06,17.0,1,2,5.5,10,6,2,0,-1.0,16.8
1088,S0_normal,O027-07,17.0,1,2,5.5,10,7,2,0,-1.0,18.3
1088,S0_normal,O028-01,15.0,1,1,5.75,10,1,2,0,-1.0,17.3
1088,S0_normal,O028-02,15.0,1,1,5.75,10,2,2,0,-1.0,11.1
1088,S0_normal,O028-03,15.0,1,1,5.5,10,3,2,0,-1.0,15.1
1088,S0_normal,O029-01,17.0,1,0,5.0,8,1,6,0,-1.0,13.8
1088,S0_normal,O029-02,17.0,1,0,4.75,8,2,6,0,-1.0,16.1
1088,S0_normal,O029-03,17.0,1,0,4.75,8,3,6,0,-1.0,18.0
1088,S0_normal,O030-01,15.0,0,1,4.0,6,1,1,0,-1.0,12.3
1088,S0_normal,O030-02,15.0,0,1,4.0,6,2,1,0,-1.0,15.3
1089,S3_site_delay,O001-01,18.0,0,0,5.5,10,1,5,0,-1.0,19.0
1089,S3_site_delay,O002-01,13.0,1,3,4.5,7,1,8,0,-1.0,14.7
1089,S3_site_delay,O002-02,13.0,1,3,4.25,7,2,8,0,-1.0,13.4
1089,S3_site_delay,O002-03,13.0,1,3,4.25,7,3,8,0,-1.0,16.1
1089,S3_site_delay,O003-01,23.0,0,0,5.25,10,1,3,0,-1.0,17.8
1089,S3_site_delay,O003-02,23.0,0,0,5.25,10,2,3,0,-1.0,23.6
1089,S3_site_delay,O004-01,15.0,1,0,4.0,8,1,6,0,-1.0,15.2
1089,S3_site_delay,O005-01,20.0,0,3,5.75,10,1,5,0,-1.0,20.8
1089,S3_site_delay,O005-02,20.0,0,3,5.75,10,2,5,0,-1.0,21.2
1089,S3_site_delay,O006-01,15.0,1,0,4.75,9,1,7,0,-1.0,17.9
1089,S3_site_delay,O006-02,15.0,1,0,4.75,9,2,7,0,-1.0,13.7
1089,S3_site_delay,O007-01,23.0,0,0,4.5,11,1,4,0,-1.0,25.9
1089,S3_site_delay,O007-02,23.0,0,0,4.5,11,2,4,0,-1.0,19.8
1089,S3_site_delay,O007-03,23.0,0,0,4.5,11,3,4,0,-1.0,24.4
1089,S3_site_delay,O008-01,16.0,1,0,5.0,9,1,7,0,-1.0,14.7
1089,S3_site_delay,O008-02,16.0,1,0,5.0,9,2,7,0,-1.0,17.1
1089,S3_site_delay,O009-01,22.0,0,3,5.5,6,1,1,0,-1.0,21.7
1089,S3_site_delay,O009-02,22.0,0,3,5.5,6,2,1,0,-1.0,20.2
1089,S3_site_delay,O010-01,14.0,1,2,4.0,8,1,6,0,-1.0,12.0
1089,S3_site_delay,O011-01,20.0,0,2,5.25,11,1,4,0,-1.0,19.6
1089,S3_site_delay,O011-02,20.0,0,2,5.25,11,2,4,0,-1.0,22.1
1089,S3_site_delay,O011-03,20.0,0,2,5.25,11,3,4,0,-1.0,19.8
1089,S3_site_delay,O011-04,20.0,0,2,5.25,11,4,4,0,-1.0,17.8
1089,S3_site_delay,O012-01,15.0,1,0,5.25,8,1,10,0,-1.0,20.4
1089,S3_site_delay,O012-02,15.0,1,0,5.25,8,2,10,0,-1.0,15.3
1089,S3_site_delay,O013-01,22.0,0,0,5.75,6,1,1,0,-1.0,30.1
1089,S3_site_delay,O013-02,22.0,0,0,5.75,6,2,1,0,-1.0,23.1
1089,S3_site_delay,O013-03,22.0,0,0,5.75,6,3,1,0,-1.0,22.9
1089,S3_site_delay,O013-04,22.0,0,0,5.75,6,4,1,0,-1.0,18.1
1089,S3_site_delay,O014-01,20.0,0,0,5.5,7,1,9,0,-1.0,20.0
1089,S3_site_delay,O015-01,21.0,0,3,6.0,10,1,3,0,-1.0,24.4
1089,S3_site_delay,O015-02,21.0,0,3,6.0,10,2,3,0,-1.0,22.1
1089,S3_site_delay,O016-01,18.0,1,3,3.75,8,1,6,0,-1.0,22.3
1089,S3_site_delay,O016-02,18.0,1,3,3.75,8,2,6,0,-1.0,17.5
1089,S3_site_delay,O017-01,16.0,1,1,5.5,10,1,2,0,-1.0,15.6
1089,S3_site_delay,O017-02,16.0,1,1,5.5,10,2,2,0,-1.0,16.3
1089,S3_site_delay,O017-03,16.0,1,1,5.5,10,3,2,0,-1.0,16.2
1089,S3_site_delay,O018-01,22.0,0,0,4.0,11,1,4,0,-1.0,18.1
1089,S3_site_delay,O018-02,22.0,0,0,4.0,11,2,4,0,-1.0,22.6
1089,S3_site_delay,O019-01,23.0,0,1,5.0,10,1,3,0,-1.0,22.5
1089,S3_site_delay,O019-02,23.0,0,1,5.0,10,2,3,0,-1.0,23.7
1089,S3_site_delay,O019-03,23.0,0,1,5.0,10,3,3,0,-1.0,23.4
1089,S3_site_delay,O020-01,17.0,1,2,4.25,9,1,7,0,-1.0,17.2
1089,S3_site_delay,O020-02,17.0,1,2,4.25,9,2,7,0,-1.0,16.5
1089,S3_site_delay,O021-01,14.0,1,1,5.0,7,1,8,0,-1.0,14.3
1089,S3_site_delay,O021-02,14.0,1,1,5.0,7,2,8,0,-1.0,12.3
1089,S3_site_delay,O022-01,18.0,1,3,5.0,10,1,2,0,-1.0,22.1
1089,S3_site_delay,O022-02,18.0,1,3,5.0,10,2,2,0,-1.0,17.6
1089,S3_site_delay,O023-01,25.0,0,1,6.0,11,1,4,0,-1.0,24.9
1089,S3_site_delay,O024-01,12.0,1,3,5.25,10,1,2,0,-1.0,15.2
1089,S3_site_delay,O024-02,12.0,1,3,5.25,10,2,2,0,-1.0,12.8
1089,S3_site_delay,O024-03,12.0,1,3,5.0,10,3,2,0,-1.0,11.3
1089,S3_site_delay,O024-04,12.0,1,3,5.0,10,4,2,0,-1.0,15.8
1089,S3_site_delay,O025-01,19.0,0,0,4.25,10,1,5,0,-1.0,18.5
1089,S3_site_delay,O025-02,19.0,0,0,4.25,10,2,5,0,-1.0,19.2
1089,S3_site_delay,O025-03,19.0,0,0,4.0,10,3,5,0,-1.0,25.0
1089,S3_site_delay,O026-01,16.0,0,3,3.75,10,1,3,0,-1.0,13.8
1089,S3_site_delay,O026-02,16.0,0,3,3.75,10,2,3,0,-1.0,14.7
1089,S3_site_delay,O027-01,16.0,1,0,4.75,9,1,7,0,-1.0,12.7
1089,S3_site_delay,O027-02,16.0,1,0,4.75,9,2,7,0,-1.0,18.1
1089,S3_site_delay,O027-03,16.0,1,0,4.75,9,3,7,0,-1.0,18.5
1089,S3_site_delay,O027-04,16.0,1,0,4.75,9,4,7,0,-1.0,20.1
1089,S3_site_delay,O028-01,17.0,0,3,3.75,10,1,3,0,-1.0,14.1
1089,S3_site_delay,O028-02,17.0,0,3,3.75,10,2,3,0,-1.0,19.3
1089,S3_site_delay,O029-01,12.0,1,2,5.0,7,1,8,0,-1.0,13.7
1089,S3_site_delay,O029-02,12.0,1,2,5.0,7,2,8,0,-1.0,10.9
1089,S3_site_delay,O029-03,12.0,1,2,5.0,7,3,8,0,-1.0,12.4
1089,S3_site_delay,O029-04,12.0,1,2,4.75,7,4,8,0,-1.0,11.7
1089,S3_site_delay,O029-05,12.0,1,2,4.75,7,5,8,0,-1.0,15.1
1089,S3_site_delay,O030-01,19.0,0,0,5.75,7,1,9,0,-1.0,19.1
1089,S3_site_delay,O030-02,19.0,0,0,5.75,7,2,9,0,-1.0,19.0
1090,S4_multi_site_delay,O001-01,24.0,0,3,4.75,10,1,5,0,-1.0,21.0
1090,S4_multi_site_delay,O001-02,24.0,0,3,4.75,10,2,5,0,-1.0,24.7
1090,S4_multi_site_delay,O001-03,24.0,0,3,4.75,10,3,5,0,-1.0,21.3
1090,S4_multi_site_delay,O001-04,24.0,0,3,4.75,10,4,5,0,-1.0,24.8
1090,S4_multi_site_delay,O002-01,19.0,0,1,5.5,6,1,1,0,-1.0,20.8
1090,S4_multi_site_delay,O002-02,19.0,0,1,5.25,6,2,1,0,-1.0,21.7
1090,S4_multi_site_delay,O002-03,19.0,0,1,5.25,6,3,1,0,-1.0,19.1
1090,S4_multi_site_delay,O003-01,22.0,0,2,5.5,6,1,1,0,-1.0,23.4
1090,S4_multi_site_delay,O004-01,18.0,1,0,4.25,8,1,6,0,-1.0,14.0
1090,S4_multi_site_delay,O004-02,18.0,1,0,4.25,8,2,6,0,-1.0,17.6
1090,S4_multi_site_delay,O004-03,18.0,1,0,4.0,8,3,6,0,-1.0,17.6
1090,S4_multi_site_delay,O005-01,21.0,0,3,4.5,7,1,9,0,-1.0,20.4
1090,S4_multi_site_delay,O006-01,18.0,0,1,4.5,6,1,1,0,-1.0,16.4
1090,S4_multi_site_delay,O006-02,18.0,0,1,4.25,6,2,1,0,-1.0,19.1
1090,S4_multi_site_delay,O006-03,18.0,0,1,4.25,6,3,1,0,-1.0,17.9
1090,S4_multi_site_delay,O007-01,23.0,0,0,4.75,11,1,4,0,-1.0,23.4
1090,S4_multi_site_delay,O007-02,23.0,0,0,4.75,11,2,4,0,-1.0,28.6
1090,S4_multi_site_delay,O007-03,23.0,0,0,4.5,11,3,4,0,-1.0,21.4
1090,S4_multi_site_delay,O008-01,12.0,1,3,5.5,10,1,2,0,-1.0,10.9
1090,S4_multi_site_delay,O008-02,12.0,1,3,5.5,10,2,2,0,-1.0,14.0
1090,S4_multi_site_delay,O009-01,18.0,0,1,4.5,11,1,4,0,-1.0,19.2
1090,S4_multi_site_delay,O009-02,18.0,0,1,4.5,11,2,4,0,-1.0,17.1
1090,S4_multi_site_delay,O009-03,18.0,0,1,4.5,11,3,4,0,-1.0,19.4
1090,S4_multi_site_delay,O010-01,16.0,1,1,5.5,8,1,6,0,-1.0,16.1
1090,S4_multi_site_delay,O011-01,16.0,0,3,3.5,10,1,5,0,-1.0,17.0
1090,S4_multi_site_delay,O011-02,16.0,0,3,3.5,10,2,5,0,-1.0,16.4
1090,S4_multi_site_delay,O012-01,16.0,0,1,4.5,10,1,5,0,-1.0,16.5
1090,S4_multi_site_delay,O012-02,16.0,0,1,4.5,10,2,5,0,-1.0,18.3
1090,S4_multi_site_delay,O012-03,16.0,0,1,4.5,10,3,5,0,-1.0,15.5
1090,S4_multi_site_delay,O013-01,17.0,1,1,5.75,8,1,10,0,-1.0,16.0
1090,S4_multi_site_delay,O013-02,17.0,1,1,5.75,8,2,10,0,-1.0,14.0
1090,S4_multi_site_delay,O014-01,12.0,1,3,5.0,8,1,10,0,-1.0,12.1
1090,S4_multi_site_delay,O015-01,22.0,0,1,5.25,6,1,1,0,-1.0,24.8
1090,S4_multi_site_delay,O015-02,22.0,0,1,5.25,6,2,1,0,-1.0,21.1
1090,S4_multi_site_delay,O015-03,22.0,0,1,5.0,6,3,1,0,-1.0,24.8
1090,S4_multi_site_delay,O016-01,14.0,1,3,3.25,7,1,8,0,-1.0,15.4
1090,S4_multi_site_delay,O016-02,14.0,1,3,3.25,7,2,8,0,-1.0,13.3
1090,S4_multi_site_delay,O017-01,20.0,0,2,3.75,10,1,3,0,-1.0,16.6
1090,S4_multi_site_delay,O017-02,20.0,0,2,3.75,10,2,3,0,-1.0,18.7
1090,S4_multi_site_delay,O018-01,23.0,0,3,4.0,10,1,3,0,-1.0,17.0
1090,S4_multi_site_delay,O019-01,25.0,0,3,3.5,10,1,5,0,-1.0,22.4
1090,S4_multi_site_delay,O019-02,25.0,0,3,3.5,10,2,5,0,-1.0,32.9
1090,S4_multi_site_delay,O020-01,13.0,1,1,5.75,9,1,7,0,-1.0,10.6
1090,S4_multi_site_delay,O020-02,13.0,1,1,5.75,9,2,7,0,-1.0,14.2
1090,S4_multi_site_delay,O020-03,13.0,1,1,5.75,9,3,7,0,-1.0,10.2
1090,S4_multi_site_delay,O020-04,13.0,1,1,5.75,9,4,7,0,-1.0,13.7
1090,S4_multi_site_delay,O020-05,13.0,1,1,5.75,9,5,7,0,-1.0,13.1
1090,S4_multi_site_delay,O020-06,13.0,1,1,5.75,9,6,7,0,-1.0,13.9
1090,S4_multi_site_delay,O020-07,13.0,1,1,5.5,9,7,7,0,-1.0,13.1
1090,S4_multi_site_delay,O021-01,24.0,0,2,4.5,6,1,1,0,-1.0,26.7
1090,S4_multi_site_delay,O022-01,15.0,1,0,4.5,10,1,2,0,-1.0,23.4
1090,S4_multi_site_delay,O022-02,15.0,1,0,4.25,10,2,2,0,-1.0,14.9
1090,S4_multi_site_delay,O022-03,15.0,1,0,4.25,10,3,2,0,-1.0,11.4
1090,S4_multi_site_delay,O023-01,20.0,0,3,4.5,11,1,4,0,-1.0,19.3
1090,S4_multi_site_delay,O024-01,17.0,1,3,5.5,8,1,6,0,-1.0,16.3
1090,S4_multi_site_delay,O025-01,15.0,1,2,4.0,9,1,7,0,-1.0,15.3
1090,S4_multi_site_delay,O026-01,20.0,0,3,5.75,7,1,9,0,-1.0,19.5
1090,S4_multi_site_delay,O026-02,20.0,0,3,5.75,7,2,9,0,-1.0,24.5
1090,S4_multi_site_delay,O026-03,20.0,0,3,5.75,7,3,9,0,-1.0,20.9
1090,S4_multi_site_delay,O026-04,20.0,0,3,5.75,7,4,9,0,-1.0,21.7
1090,S4_multi_site_delay,O027-01,15.0,1,3,5.0,7,1,8,0,-1.0,16.8
1090,S4_multi_site_delay,O028-01,12.0,1,3,6.0,7,1,8,0,-1.0,13.6
1090,S4_multi_site_delay,O029-01,18.0,1,0,5.5,7,1,8,0,-1.0,17.4
1090,S4_multi_site_delay,O030-01,12.0,1,1,5.5,10,1,2,0,-1.0,9.7
1090,S4_multi_site_delay,O030-02,12.0,1,1,5.25,10,2,2,0,-1.0,10.9
1090,S4_multi_site_delay,O030-03,12.0,1,1,5.25,10,3,2,0,-1.0,10.9
1090,S4_multi_site_delay,O030-04,12.0,1,1,5.25,10,4,2,0,-1.0,10.9
1090,S4_multi_site_delay,O030-05,12.0,1,1,5.25,10,5,2,0,-1.0,11.8
1090,S4_multi_site_delay,O030-06,12.0,1,1,5.25,10,6,2,0,-1.0,15.5
1090,S4_multi_site_delay,O030-07,12.0,1,1,5.25,10,7,2,0,-1.0,11.3
1091,S3_site_delay,O001-01,12.0,1,0,3.5,7,1,8,0,-1.0,11.3
1091,S3_site_delay,O001-02,12.0,1,0,3.5,7,2,8,0,-1.0,9.3
1091,S3_site_delay,O002-01,12.0,1,2,4.5,10,1,2,0,-1.0,11.1
1091,S3_site_delay,O002-02,12.0,1,2,4.5,10,2,2,0,-1.0,11.5
1091,S3_site_delay,O003-01,12.0,1,3,4.0,8,1,6,0,-1.0,17.2
1091,S3_site_delay,O004-01,13.0,1,1,6.0,10,1,2,0,-1.0,12.3
1091,S3_site_delay,O004-02,13.0,1,1,6.0,10,2,2,0,-1.0,13.7
1091,S3_site_delay,O005-01,15.0,1,0,4.5,7,1,8,0,-1.0,15.3
1091,S3_site_delay,O005-02,15.0,1,0,4.5,7,2,8,0,-1.0,13.7
1091,S3_site_delay,O006-01,17.0,1,2,5.5,9,1,7,0,-1.0,15.3
1091,S3_site_delay,O006-02,17.0,1,2,5.5,9,2,7,0,-1.0,19.3
1091,S3_site_delay,O007-01,18.0,1,1,5.0,8,1,10,0,-1.0,15.1
1091,S3_site_delay,O007-02,18.0,1,1,5.0,8,2,10,0,-1.0,24.3
1091,S3_site_delay,O007-03,18.0,1,1,4.75,8,3,10,0,-1.0,18.6
1091,S3_site_delay,O007-04,18.0,1,1,4.75,8,4,10,0,-1.0,17.1
1091,S3_site_delay,O008-01,22.0,0,1,4.0,10,1,5,0,-1.0,17.0
1091,S3_site_delay,O009-01,16.0,1,1,4.0,8,1,6,0,-1.0,14.8
1091,S3_site_delay,O009-02,16.0,1,1,4.0,8,2,6,0,-1.0,12.6
1091,S3_site_delay,O010-01,14.0,1,0,4.75,10,1,2,0,-1.0,13.9
1091,S3_site_delay,O010-02,14.0,1,0,4.75,10,2,2,0,-1.0,13.1
1091,S3_site_delay,O011-01,12.0,1,3,5.75,10,1,2,0,-1.0,14.7
1091,S3_site_delay,O011-02,12.0,1,3,5.75,10,2,2,0,-1.0,16.0
1091,S3_site_delay,O011-03,12.0,1,3,5.75,10,3,2,0,-1.0,15.7
1091,S3_site_delay,O011-04,12.0,1,3,5.75,10,4,2,0,-1.0,12.4
1091,S3_site_delay,O011-05,12.0,1,3,5.75,10,5,2,0,-1.0,9.1
1091,S3_site_delay,O011-06,12.0,1,3,5.75,10,6,2,0,-1.0,11.0
1091,S3_site_delay,O011-07,12.0,1,3,5.5,10,7,2,0,-1.0,13.0
1091,S3_site_delay,O012-01,18.0,1,2,5.25,8,1,10,0,-1.0,13.7
1091,S3_site_delay,O012-02,18.0,1,2,5.25,8,2,10,0,-1.0,14.3
1091,S3_site_delay,O012-03,18.0,1,2,5.25,8,3,10,0,-1.0,16.0
1091,S3_site_delay,O012-04,18.0,1,2,5.25,8,4,10,0,-1.0,23.2
1091,S3_site_delay,O012-05,18.0,1,2,5.25,8,5,10,0,-1.0,12.7
1091,S3_site_delay,O012-06,18.0,1,2,5.25,8,6,10,0,-1.0,18.8
1091,S3_site_delay,O012-07,18.0,1,2,5.0,8,7,10,0,-1.0,16.1
1091,S3_site_delay,O013-01,16.0,1,3,5.5,7,1,8,0,-1.0,18.2
1091,S3_site_delay,O013-02,16.0,1,3,5.25,7,2,8,0,-1.0,12.7
1091,S3_site_delay,O013-03,16.0,1,3,5.25,7,3,8,0,-1.0,13.8
1091,S3_site_delay,O014-01,25.0,0,3,3.25,7,1,9,0,-1.0,26.8
1091,S3_site_delay,O014-02,25.0,0,3,3.25,7,2,9,0,-1.0,27.0
1091,S3_site_delay,O015-01,16.0,1,0,4.25,9,1,7,0,-1.0,16.4
1091,S3_site_delay,O015-02,16.0,1,0,4.25,9,2,7,0,-1.0,11.9
1091,S3_site_delay,O015-03,16.0,1,0,4.0,9,3,7,0,-1.0,14.2
1091,S3_site_delay,O016-01,14.0,1,1,5.25,7,1,8,0,-1.0,14.4
1091,S3_site_delay,O016-02,14.0,1,1,5.25,7,2,8,0,-1.0,11.6
1091,S3_site_delay,O017-01,19.0,0,2,4.0,10,1,3,0,-1.0,18.5
1091,S3_site_delay,O017-02,19.0,0,2,4.0,10,2,3,0,-1.0,20.7
1091,S3_site_delay,O018-01,13.0,1,1,5.5,7,1,8,0,-1.0,13.7
1091,S3_site_delay,O019-01,14.0,1,0,5.0,9,1,7,0,-1.0,16.2
1091,S3_site_delay,O019-02,14.0,1,0,4.75,9,2,7,0,-1.0,12.8
1091,S3_site_delay,O019-03,14.0,1,0,4.75,9,3,7,0,-1.0,12.6
1091,S3_site_delay,O020-01,20.0,0,0,4.5,10,1,3,0,-1.0,22.0
1091,S3_site_delay,O020-02,20.0,0,0,4.25,10,2,3,0,-1.0,20.0
1091,S3_site_delay,O020-03,20.0,0,0,4.25,10,3,3,0,-1.0,20.0
1091,S3_site_delay,O021-01,18.0,1,0,5.0,7,1,8,0,-1.0,17.6
1091,S3_site_delay,O021-02,18.0,1,0,4.75,7,2,8,0,-1.0,16.4
1091,S3_site_delay,O021-03,18.0,1,0,4.75,7,3,8,0,-1.0,19.3
1091,S3_site_delay,O022-01,12.0,1,3,4.75,8,1,6,0,-1.0,13.5
1091,S3_site_delay,O022-02,12.0,1,3,4.75,8,2,6,0,-1.0,11.9
1091,S3_site_delay,O022-03,12.0,1,3,4.5,8,3,6,0,-1.0,11.2
1091,S3_site_delay,O023-01,17.0,0,3,6.0,6,1,1,0,-1.0,15.6
1091,S3_site_delay,O023-02,17.0,0,3,6.0,6,2,1,0,-1.0,16.8
1091,S3_site_delay,O024-01,17.0,0,3,4.75,10,1,3,0,-1.0,17.9
1091,S3_site_delay,O024-02,17.0,0,3,4.75,10,2,3,0,-1.0,17.7
1091,S3_site_delay,O025-01,22.0,0,1,4.75,7,1,9,0,-1.0,19.2
1091,S3_site_delay,O025-02,22.0,0,1,4.75,7,2,9,0,-1.0,25.3
1091,S3_site_delay,O026-01,16.0,0,0,4.75,6,1,1,0,-1.0,16.8
1091,S3_site_delay,O026-02,16.0,0,0,4.75,6,2,1,0,-1.0,15.1
1091,S3_site_delay,O026-03,16.0,0,0,4.5,6,3,1,0,-1.0,15.0
1091,S3_site_delay,O026-04,16.0,0,0,4.5,6,4,1,0,-1.0,13.4
1091,S3_site_delay,O027-01,15.0,0,3,3.25,10,1,3,0,-1.0,15.9
1091,S3_site_delay,O027-02,15.0,0,3,3.25,10,2,3,0,-1.0,11.6
1091,S3_site_delay,O028-01,22.0,0,1,4.0,11,1,4,0,-1.0,22.3
1091,S3_site_delay,O028-02,22.0,0,1,4.0,11,2,4,0,-1.0,20.4
1091,S3_site_delay,O029-01,16.0,0,3,4.0,7,1,9,0,-1.0,20.8
1091,S3_site_delay,O030-01,19.0,0,0,6.0,6,1,1,0,-1.0,19.6
1091,S3_site_delay,O030-02,19.0,0,0,5.75,6,2,1,0,-1.0,19.8
1091,S3_site_delay,O030-03,19.0,0,0,5.75,6,3,1,0,-1.0,21.5
1092,S3_site_delay,O001-01,17.0,0,2,4.0,11,1,4,0,-1.0,18.9
1092,S3_site_delay,O001-02,17.0,0,2,4.0,11,2,4,0,-1.0,14.7
1092,S3_site_delay,O002-01,15.0,1,0,6.0,8,1,10,0,-1.0,16.0
1092,S3_site_delay,O002-02,15.0,1,0,6.0,8,2,10,0,-1.0,16.5
1092,S3_site_delay,O002-03,15.0,1,0,6.0,8,3,10,0,-1.0,13.7
1092,S3_site_delay,O003-01,14.0,1,1,3.25,7,1,8,0,-1.0,12.9
1092,S3_site_delay,O003-02,14.0,1,1,3.25,7,2,8,0,-1.0,14.2
1092,S3_site_delay,O004-01,15.0,0,3,5.75,10,1,3,0,-1.0,17.7
1092,S3_site_delay,O004-02,15.0,0,3,5.75,10,2,3,0,-1.0,12.5
1092,S3_site_delay,O005-01,21.0,0,2,5.5,10,1,5,0,-1.0,23.3
1092,S3_site_delay,O005-02,21.0,0,2,5.5,10,2,5,0,-1.0,24.2
1092,S3_site_delay,O006-01,12.0,1,2,4.25,8,1,10,0,-1.0,12.6
1092,S3_site_delay,O006-02,12.0,1,2,4.25,8,2,10,0,-1.0,13.1
1092,S3_site_delay,O007-01,15.0,0,3,5.0,7,1,9,0,-1.0,14.9
1092,S3_site_delay,O007-02,15.0,0,3,5.0,7,2,9,0,-1.0,17.3
1092,S3_site_delay,O007-03,15.0,0,3,5.0,7,3,9,0,-1.0,17.1
1092,S3_site_delay,O007-04,15.0,0,3,4.75,7,4,9,0,-1.0,15.4
1092,S3_site_delay,O007-05,15.0,0,3,4.75,7,5,9,0,-1.0,16.4
1092,S3_site_delay,O008-01,25.0,0,2,6.0,7,1,9,0,-1.0,25.6
1092,S3_site_delay,O009-01,18.0,1,1,5.75,8,1,10,0,-1.0,19.9
1092,S3_site_delay,O009-02,18.0,1,1,5.75,8,2,10,0,-1.0,16.8
1092,S3_site_delay,O010-01,16.0,1,1,4.0,10,1,2,0,-1.0,13.5
1092,S3_site_delay,O011-01,16.0,1,1,6.0,8,1,10,0,-1.0,13.9
1092,S3_site_delay,O012-01,20.0,0,0,5.75,6,1,1,0,-1.0,21.7
1092,S3_site_delay,O012-02,20.0,0,0,5.75,6,2,1,0,-1.0,20.3
1092,S3_site_delay,O012-03,20.0,0,0,5.5,6,3,1,0,-1.0,17.2
1092,S3_site_delay,O012-04,20.0,0,0,5.5,6,4,1,0,-1.0,17.8
1092,S3_site_delay,O013-01,12.0,1,3,5.0,9,1,7,0,-1.0,11.5
1092,S3_site_delay,O014-01,15.0,0,2,6.0,6,1,1,0,-1.0,14.6
1092,S3_site_delay,O014-02,15.0,0,2,6.0,6,2,1,0,-1.0,12.6
1092,S3_site_delay,O015-01,17.0,1,1,4.25,8,1,10,0,-1.0,19.3
1092,S3_site_delay,O015-02,17.0,1,1,4.25,8,2,10,0,-1.0,18.9
1092,S3_site_delay,O016-01,14.0,1,0,5.5,8,1,6,0,-1.0,11.8
1092,S3_site_delay,O016-02,14.0,1,0,5.5,8,2,6,0,-1.0,13.6
1092,S3_site_delay,O017-01,19.0,0,0,6.0,10,1,3,0,-1.0,19.7
1092,S3_site_delay,O018-01,16.0,1,2,4.25,8,1,10,0,-1.0,19.2
1092,S3_site_delay,O018-02,16.0,1,2,4.25,8,2,10,0,-1.0,17.5
1092,S3_site_delay,O018-03,16.0,1,2,4.0,8,3,10,0,-1.0,14.5
1092,S3_site_delay,O019-01,20.0,0,3,6.0,11,1,4,0,-1.0,20.6
1092,S3_site_delay,O019-02,20.0,0,3,6.0,11,2,4,0,-1.0,19.5
1092,S3_site_delay,O020-01,19.0,0,3,4.75,10,1,3,0,-1.0,19.0
1092,S3_site_delay,O020-02,19.0,0,3,4.75,10,2,3,0,-1.0,24.7
1092,S3_site_delay,O021-01,13.0,1,3,4.75,9,1,7,0,-1.0,14.0
1092,S3_site_delay,O021-02,13.0,1,3,4.75,9,2,7,0,-1.0,12.3
1092,S3_site_delay,O021-03,13.0,1,3,4.75,9,3,7,0,-1.0,10.5
1092,S3_site_delay,O021-04,13.0,1,3,4.75,9,4,7,0,-1.0,15.3
1092,S3_site_delay,O022-01,17.0,1,3,6.0,10,1,2,0,-1.0,15.2
1092,S3_site_delay,O023-01,14.0,1,0,5.5,10,1,2,0,-1.0,16.4
1092,S3_site_delay,O023-02,14.0,1,0,5.5,10,2,2,0,-1.0,12.7
1092,S3_site_delay,O024-01,18.0,0,2,4.25,7,1,9,0,-1.0,17.8
1092,S3_site_delay,O024-02,18.0,0,2,4.25,7,2,9,0,-1.0,17.9
1092,S3_site_delay,O025-01,20.0,0,3,5.75,10,1,3,0,-1.0,18.1
1092,S3_site_delay,O025-02,20.0,0,3,5.75,10,2,3,0,-1.0,21.0
1092,S3_site_delay,O026-01,13.0,1,0,4.25,8,1,10,0,-1.0,12.8
1092,S3_site_delay,O026-02,13.0,1,0,4.25,8,2,10,0,-1.0,11.1
1092,S3_site_delay,O027-01,13.0,1,2,5.0,7,1,8,0,-1.0,13.1
1092,S3_site_delay,O028-01,13.0,1,2,3.5,8,1,6,0,-1.0,16.9
1092,S3_site_delay,O028-02,13.0,1,2,3.5,8,2,6,0,-1.0,13.5
1092,S3_site_delay,O029-01,16.0,0,0,5.5,10,1,3,0,-1.0,18.1
1092,S3_site_delay,O029-02,16.0,0,0,5.5,10,2,3,0,-1.0,14.9
1092,S3_site_delay,O030-01,16.0,1,0,5.0,8,1,6,0,-1.0,19.2
1093,S0_normal,O001-01,16.0,1,0,4.75,9,1,7,0,-1.0,16.9
1093,S0_normal,O001-02,16.0,1,0,4.75,9,2,7,0,-1.0,20.5
1093,S0_normal,O002-01,21.0,0,2,4.5,11,1,4,0,-1.0,21.1
1093,S0_normal,O002-02,21.0,0,2,4.5,11,2,4,0,-1.0,18.2
1093,S0_normal,O003-01,15.0,1,3,4.0,7,1,8,0,-1.0,14.2
1093,S0_normal,O004-01,16.0,0,1,4.0,10,1,3,0,-1.0,17.0
1093,S0_normal,O005-01,18.0,1,2,3.75,10,1,2,0,-1.0,18.0
1093,S0_normal,O005-02,18.0,1,2,3.75,10,2,2,0,-1.0,20.6
1093,S0_normal,O006-01,13.0,1,2,5.5,8,1,6,0,-1.0,11.9
1093,S0_normal,O006-02,13.0,1,2,5.25,8,2,6,0,-1.0,13.3
1093,S0_normal,O006-03,13.0,1,2,5.25,8,3,6,0,-1.0,10.5
1093,S0_normal,O007-01,17.0,1,1,4.5,8,1,10,0,-1.0,15.0
1093,S0_normal,O007-02,17.0,1,1,4.25,8,2,10,0,-1.0,17.0
1093,S0_normal,O007-03,17.0,1,1,4.25,8,3,10,0,-1.0,17.6
1093,S0_normal,O008-01,20.0,0,3,6.0,10,1,5,0,-1.0,19.6
1093,S0_normal,O008-02,20.0,0,3,5.75,10,2,5,0,-1.0,18.8
1093,S0_normal,O008-03,20.0,0,3,5.75,10,3,5,0,-1.0,21.8
1093,S0_normal,O009-01,19.0,0,3,5.0,7,1,9,0,-1.0,26.2
1093,S0_normal,O009-02,19.0,0,3,5.0,7,2,9,0,-1.0,22.5
1093,S0_normal,O009-03,19.0,0,3,5.0,7,3,9,0,-1.0,15.9
1093,S0_normal,O010-01,12.0,1,2,4.75,9,1,7,0,-1.0,13.2
1093,S0_normal,O010-02,12.0,1,2,4.75,9,2,7,0,-1.0,13.8
1093,S0_normal,O011-01,15.0,1,1,4.0,7,1,8,0,-1.0,19.0
1093,S0_normal,O012-01,21.0,0,0,3.5,7,1,9,0,-1.0,26.5
1093,S0_normal,O012-02,21.0,0,0,3.5,7,2,9,0,-1.0,23.1
1093,S0_normal,O013-01,18.0,1,2,5.0,7,1,8,0,-1.0,15.4
1093,S0_normal,O013-02,18.0,1,2,4.75,7,2,8,0,-1.0,13.4
1093,S0_normal,O013-03,18.0,1,2,4.75,7,3,8,0,-1.0,22.5
1093,S0_normal,O014-01,21.0,0,3,5.75,7,1,9,0,-1.0,25.6
1093,S0_normal,O014-02,21.0,0,3,5.75,7,2,9,0,-1.0,16.0
1093,S0_normal,O014-03,21.0,0,3,5.75,7,3,9,0,-1.0,18.4
1093,S0_normal,O014-04,21.0,0,3,5.75,7,4,9,0,-1.0,17.9
1093,S0_normal,O015-01,15.0,0,1,4.25,10,1,5,0,-1.0,17.2
1093,S0_normal,O015-02,15.0,0,1,4.25,10,2,5,0,-1.0,18.4
1093,S0_normal,O015-03,15.0,0,1,4.0,10,3,5,0,-1.0,14.7
1093,S0_normal,O016-01,22.0,0,2,4.5,6,1,1,0,-1.0,20.6
1093,S0_normal,O016-02,22.0,0,2,4.5,6,2,1,0,-1.0,21.3
1093,S0_normal,O017-01,16.0,0,0,6.0,10,1,5,0,-1.0,12.9
1093,S0_normal,O017-02,16.0,0,0,6.0,10,2,5,0,-1.0,14.3
1093,S0_normal,O018-01,19.0,0,3,4.75,10,1,5,0,-1.0,19.8
1093,S0_normal,O018-02,19.0,0,3,4.75,10,2,5,0,-1.0,17.1
1093,S0_normal,O018-03,19.0,0,3,4.5,10,3,5,0,-1.0,18.6
1093,S0_normal,O019-01,22.0,0,0,5.0,10,1,3,0,-1.0,32.4
1093,S0_normal,O020-01,17.0,1,1,4.0,8,1,10,0,-1.0,14.8
1093,S0_normal,O021-01,18.0,1,1,4.5,8,1,6,0,-1.0,20.7
1093,S0_normal,O022-01,13.0,1,2,4.25,8,1,10,0,-1.0,13.5
1093,S0_normal,O022-02,13.0,1,2,4.25,8,2,10,0,-1.0,11.4
1093,S0_normal,O022-03,13.0,1,2,4.0,8,3,10,0,-1.0,11.2
1093,S0_normal,O023-01,16.0,0,0,5.5,7,1,9,0,-1.0,17.9
1093,S0_normal,O023-02,16.0,0,0,5.5,7,2,9,0,-1.0,16.6
1093,S0_normal,O023-03,16.0,0,0,5.25,7,3,9,0,-1.0,22.1
1093,S0_normal,O023-04,16.0,0,0,5.25,7,4,9,0,-1.0,14.0
1093,S0_normal,O024-01,17.0,1,2,5.25,10,1,2,0,-1.0,13.8
1093,S0_normal,O024-02,17.0,1,2,5.25,10,2,2,0,-1.0,20.7
1093,S0_normal,O024-03,17.0,1,2,5.0,10,3,2,0,-1.0,18.2
1093,S0_normal,O024-04,17.0,1,2,5.0,10,4,2,0,-1.0,18.1
1093,S0_normal,O025-01,18.0,0,3,4.75,10,1,3,0,-1.0,15.2
1093,S0_normal,O025-02,18.0,0,3,4.75,10,2,3,0,-1.0,28.3
1093,S0_normal,O025-03,18.0,0,3,4.5,10,3,3,0,-1.0,20.7
1093,S0_normal,O025-04,18.0,0,3,4.5,10,4,3,0,-1.0,16.0
1093,S0_normal,O026-01,19.0,0,0,5.5,11,1,4,0,-1.0,25.8
1093,S0_normal,O026-02,19.0,0,0,5.5,11,2,4,0,-1.0,21.9
1093,S0_normal,O027-01,16.0,0,0,3.75,11,1,4,0,-1.0,21.0
1093,S0_normal,O027-02,16.0,0,0,3.75,11,2,4,0,-1.0,15.8
1093,S0_normal,O028-01,14.0,1,0,5.5,9,1,7,0,-1.0,14.6
1093,S0_normal,O029-01,24.0,0,0,6.0,10,1,3,0,-1.0,27.3
1093,S0_normal,O030-01,17.0,1,3,4.0,7,1,8,0,-1.0,12.3
1094,S7_mixed_disruption,O001-01,18.0,1,0,5.0,10,1,2,0,-1.0,17.2
1094,S7_mixed_disruption,O002-01,17.0,0,2,4.5,7,1,9,0,-1.0,16.1
1094,S7_mixed_disruption,O002-02,17.0,0,2,4.5,7,2,9,0,-1.0,16.0
1094,S7_mixed_disruption,O003-01,18.0,0,3,3.75,6,1,1,0,-1.0,19.6
1094,S7_mixed_disruption,O003-02,18.0,0,3,3.75,6,2,1,0,-1.0,21.7
1094,S7_mixed_disruption,O004-01,20.0,0,2,5.0,6,1,1,0,-1.0,19.2
1094,S7_mixed_disruption,O004-02,20.0,0,2,4.75,6,2,1,0,-1.0,18.9
1094,S7_mixed_disruption,O004-03,20.0,0,2,4.75,6,3,1,0,-1.0,19.9
1094,S7_mixed_disruption,O005-01,16.0,1,0,4.5,10,1,2,0,-1.0,19.5
1094,S7_mixed_disruption,O005-02,16.0,1,0,4.5,10,2,2,0,-1.0,11.9
1094,S7_mixed_disruption,O005-03,16.0,1,0,4.5,10,3,2,0,-1.0,16.9
1094,S7_mixed_disruption,O006-01,17.0,0,2,5.0,7,1,9,0,-1.0,26.8
1094,S7_mixed_disruption,O006-02,17.0,0,2,5.0,7,2,9,0,-1.0,22.8
1094,S7_mixed_disruption,O007-01,16.0,1,2,4.75,8,1,6,0,-1.0,11.9
1094,S7_mixed_disruption,O007-02,16.0,1,2,4.75,8,2,6,0,-1.0,16.0
1094,S7_mixed_disruption,O008-01,23.0,0,1,5.5,11,1,4,0,-1.0,21.4
1094,S7_mixed_disruption,O009-01,14.0,1,0,5.25,8,1,6,0,-1.0,13.0
1094,S7_mixed_disruption,O009-02,14.0,1,0,5.25,8,2,6,0,-1.0,13.2
1094,S7_mixed_disruption,O010-01,22.0,0,2,5.0,10,1,5,0,-1.0,25.8
1094,S7_mixed_disruption,O011-01,18.0,0,2,5.75,7,1,9,0,-1.0,16.5
1094,S7_mixed_disruption,O011-02,18.0,0,2,5.75,7,2,9,0,-1.0,17.3
1094,S7_mixed_disruption,O011-03,18.0,0,2,5.5,7,3,9,0,-1.0,19.6
1094,S7_mixed_disruption,O011-04,18.0,0,2,5.5,7,4,9,0,-1.0,16.7
1094,S7_mixed_disruption,O011-05,18.0,0,2,5.5,7,5,9,0,-1.0,16.7
1094,S7_mixed_disruption,O011-06,18.0,0,2,5.5,7,6,9,0,-1.0,17.3
1094,S7_mixed_disruption,O012-01,18.0,1,0,3.5,8,1,10,0,-1.0,15.8
1094,S7_mixed_disruption,O012-02,18.0,1,0,3.5,8,2,10,0,-1.0,19.6
1094,S7_mixed_disruption,O013-01,12.0,1,3,5.75,7,1,8,0,-1.0,9.9
1094,S7_mixed_disruption,O013-02,12.0,1,3,5.75,7,2,8,0,-1.0,10.8
1094,S7_mixed_disruption,O013-03,12.0,1,3,5.75,7,3,8,0,-1.0,10.6
1094,S7_mixed_disruption,O013-04,12.0,1,3,5.75,7,4,8,0,-1.0,9.6
1094,S7_mixed_disruption,O013-05,12.0,1,3,5.75,7,5,8,0,-1.0,13.1
1094,S7_mixed_disruption,O013-06,12.0,1,3,5.75,7,6,8,0,-1.0,13.2
1094,S7_mixed_disruption,O013-07,12.0,1,3,5.5,7,7,8,0,-1.0,10.7
1094,S7_mixed_disruption,O014-01,16.0,1,3,5.25,9,1,7,0,-1.0,18.2
1094,S7_mixed_disruption,O014-02,16.0,1,3,5.25,9,2,7,0,-1.0,16.0
1094,S7_mixed_disruption,O014-03,16.0,1,3,5.0,9,3,7,0,-1.0,15.2
1094,S7_mixed_disruption,O014-04,16.0,1,3,5.0,9,4,7,0,-1.0,16.9
1094,S7_mixed_disruption,O015-01,18.0,1,0,4.0,9,1,7,0,-1.0,20.4
1094,S7_mixed_disruption,O016-01,15.0,0,2,4.25,7,1,9,0,-1.0,15.0
1094,S7_mixed_disruption,O016-02,15.0,0,2,4.25,7,2,9,0,-1.0,16.8
1094,S7_mixed_disruption,O017-01,23.0,0,1,4.0,11,1,4,0,-1.0,23.8
1094,S7_mixed_disruption,O017-02,23.0,0,1,4.0,11,2,4,0,-1.0,20.8
1094,S7_mixed_disruption,O018-01,23.0,0,2,3.5,10,1,3,0,-1.0,24.4
1094,S7_mixed_disruption,O018-02,23.0,0,2,3.5,10,2,3,0,-1.0,24.7
1094,S7_mixed_disruption,O019-01,15.0,1,1,5.0,9,1,7,0,-1.0,12.4
1094,S7_mixed_disruption,O019-02,15.0,1,1,5.0,9,2,7,0,-1.0,20.2
1094,S7_mixed_disruption,O019-03,15.0,1,1,5.0,9,3,7,0,-1.0,16.1
1094,S7_mixed_disruption,O019-04,15.0,1,1,5.0,9,4,7,0,-1.0,17.1
1094,S7_mixed_disruption,O019-05,15.0,1,1,5.0,9,5,7,0,-1.0,14.1
1094,S7_mixed_disruption,O020-01,17.0,1,1,4.0,8,1,10,0,-1.0,13.8
1094,S7_mixed_disruption,O021-01,15.0,1,0,3.5,8,1,6,0,-1.0,15.9
1094,S7_mixed_disruption,O021-02,15.0,1,0,3.5,8,2,6,0,-1.0,15.0
1094,S7_mixed_disruption,O022-01,14.0,1,1,5.25,8,1,10,0,-1.0,17.2
1094,S7_mixed_disruption,O022-02,14.0,1,1,5.25,8,2,10,0,-1.0,16.0
1094,S7_mixed_disruption,O022-03,14.0,1,1,5.0,8,3,10,0,-1.0,17.9
1094,S7_mixed_disruption,O022-04,14.0,1,1,5.0,8,4,10,0,-1.0,15.9
1094,S7_mixed_disruption,O023-01,19.0,0,3,5.0,6,1,1,0,-1.0,12.4
1094,S7_mixed_disruption,O023-02,19.0,0,3,4.75,6,2,1,0,-1.0,21.6
1094,S7_mixed_disruption,O023-03,19.0,0,3,4.75,6,3,1,0,-1.0,17.1
1094,S7_mixed_disruption,O024-01,14.0,1,1,4.0,7,1,8,0,-1.0,15.6
1094,S7_mixed_disruption,O024-02,14.0,1,1,4.0,7,2,8,0,-1.0,13.1
1094,S7_mixed_disruption,O025-01,24.0,0,0,3.5,7,1,9,0,-1.0,23.3
1094,S7_mixed_disruption,O025-02,24.0,0,0,3.5,7,2,9,0,-1.0,24.9
1094,S7_mixed_disruption,O026-01,18.0,1,0,4.0,9,1,7,0,-1.0,12.7
1094,S7_mixed_disruption,O027-01,17.0,1,2,4.0,8,1,6,0,-1.0,15.0
1094,S7_mixed_disruption,O028-01,23.0,0,2,4.5,7,1,9,0,-1.0,24.9
1094,S7_mixed_disruption,O029-01,14.0,1,1,5.25,8,1,10,0,-1.0,12.3
1094,S7_mixed_disruption,O029-02,14.0,1,1,5.25,8,2,10,0,-1.0,14.8
1094,S7_mixed_disruption,O030-01,13.0,1,3,5.5,7,1,8,0,-1.0,13.7
1095,S7_mixed_disruption,O001-01,15.0,0,3,5.5,10,1,5,0,-1.0,12.3
1095,S7_mixed_disruption,O002-01,13.0,1,2,3.25,8,1,6,0,-1.0,12.8
1095,S7_mixed_disruption,O002-02,13.0,1,2,3.25,8,2,6,0,-1.0,11.3
1095,S7_mixed_disruption,O003-01,13.0,1,0,4.5,7,1,8,0,-1.0,13.2
1095,S7_mixed_disruption,O003-02,13.0,1,0,4.5,7,2,8,0,-1.0,12.2
1095,S7_mixed_disruption,O004-01,23.0,0,0,4.5,6,1,1,0,-1.0,24.5
1095,S7_mixed_disruption,O004-02,23.0,0,0,4.25,6,2,1,0,-1.0,18.3
1095,S7_mixed_disruption,O004-03,23.0,0,0,4.25,6,3,1,0,-1.0,27.8
1095,S7_mixed_disruption,O005-01,23.0,0,3,3.25,6,1,1,0,-1.0,21.3
1095,S7_mixed_disruption,O005-02,23.0,0,3,3.25,6,2,1,0,-1.0,23.4
1095,S7_mixed_disruption,O006-01,17.0,1,0,5.25,9,1,7,0,-1.0,19.7
1095,S7_mixed_disruption,O006-02,17.0,1,0,5.25,9,2,7,0,-1.0,13.1
1095,S7_mixed_disruption,O006-03,17.0,1,0,5.0,9,3,7,0,-1.0,17.1
1095,S7_mixed_disruption,O007-01,14.0,1,3,4.25,10,1,2,0,-1.0,13.1
1095,S7_mixed_disruption,O007-02,14.0,1,3,4.25,10,2,2,0,-1.0,13.3
1095,S7_mixed_disruption,O008-01,15.0,1,0,4.5,8,1,10,0,-1.0,14.1
1095,S7_mixed_disruption,O008-02,15.0,1,0,4.5,8,2,10,0,-1.0,17.8
1095,S7_mixed_disruption,O008-03,15.0,1,0,4.5,8,3,10,0,-1.0,12.0
1095,S7_mixed_disruption,O009-01,18.0,1,2,3.75,7,1,8,0,-1.0,18.5
1095,S7_mixed_disruption,O009-02,18.0,1,2,3.75,7,2,8,0,-1.0,13.0
1095,S7_mixed_disruption,O010-01,20.0,0,0,5.0,10,1,5,0,-1.0,23.9
1095,S7_mixed_disruption,O011-01,21.0,0,3,5.5,10,1,3,0,-1.0,21.3
1095,S7_mixed_disruption,O012-01,14.0,1,2,6.0,8,1,10,0,-1.0,15.3
1095,S7_mixed_disruption,O012-02,14.0,1,2,6.0,8,2,10,0,-1.0,14.2
1095,S7_mixed_disruption,O013-01,14.0,1,3,4.75,10,1,2,0,-1.0,12.8
1095,S7_mixed_disruption,O013-02,14.0,1,3,4.75,10,2,2,0,-1.0,13.0
1095,S7_mixed_disruption,O013-03,14.0,1,3,4.5,10,3,2,0,-1.0,18.4
1095,S7_mixed_disruption,O013-04,14.0,1,3,4.5,10,4,2,0,-1.0,11.3
1095,S7_mixed_disruption,O014-01,22.0,0,2,5.0,11,1,4,0,-1.0,24.0
1095,S7_mixed_disruption,O014-02,22.0,0,2,4.75,11,2,4,0,-1.0,20.5
1095,S7_mixed_disruption,O014-03,22.0,0,2,4.75,11,3,4,0,-1.0,23.2
1095,S7_mixed_disruption,O015-01,20.0,0,3,4.0,11,1,4,0,-1.0,23.8
1095,S7_mixed_disruption,O015-02,20.0,0,3,4.0,11,2,4,0,-1.0,23.6
1095,S7_mixed_disruption,O016-01,25.0,0,2,5.25,11,1,4,0,-1.0,30.5
1095,S7_mixed_disruption,O016-02,25.0,0,2,5.25,11,2,4,0,-1.0,23.8
1095,S7_mixed_disruption,O016-03,25.0,0,2,5.0,11,3,4,0,-1.0,24.8
1095,S7_mixed_disruption,O017-01,16.0,0,3,5.5,10,1,3,0,-1.0,17.0
1095,S7_mixed_disruption,O017-02,16.0,0,3,5.25,10,2,3,0,-1.0,16.4
1095,S7_mixed_disruption,O017-03,16.0,0,3,5.25,10,3,3,0,-1.0,19.4
1095,S7_mixed_disruption,O017-04,16.0,0,3,5.25,10,4,3,0,-1.0,15.6
1095,S7_mixed_disruption,O017-05,16.0,0,3,5.25,10,5,3,0,-1.0,15.8
1095,S7_mixed_disruption,O018-01,16.0,1,1,5.0,7,1,8,0,-1.0,20.2
1095,S7_mixed_disruption,O019-01,23.0,0,1,4.5,7,1,9,0,-1.0,18.3
1095,S7_mixed_disruption,O019-02,23.0,0,1,4.5,7,2,9,0,-1.0,22.1
1095,S7_mixed_disruption,O019-03,23.0,0,1,4.5,7,3,9,0,-1.0,24.1
1095,S7_mixed_disruption,O020-01,16.0,0,3,4.5,11,1,4,0,-1.0,19.6
1095,S7_mixed_disruption,O020-02,16.0,0,3,4.5,11,2,4,0,-1.0,17.7
1095,S7_mixed_disruption,O021-01,23.0,0,0,5.25,7,1,9,0,-1.0,18.1
1095,S7_mixed_disruption,O021-02,23.0,0,0,5.25,7,2,9,0,-1.0,17.1
1095,S7_mixed_disruption,O022-01,24.0,0,1,4.5,6,1,1,0,-1.0,29.5
1095,S7_mixed_disruption,O022-02,24.0,0,1,4.5,6,2,1,0,-1.0,22.2
1095,S7_mixed_disruption,O023-01,25.0,0,0,6.0,7,1,9,0,-1.0,27.5
1095,S7_mixed_disruption,O024-01,21.0,0,0,3.75,6,1,1,0,-1.0,25.4
1095,S7_mixed_disruption,O024-02,21.0,0,0,3.75,6,2,1,0,-1.0,26.0
1095,S7_mixed_disruption,O025-01,12.0,1,3,5.75,9,1,7,0,-1.0,14.6
1095,S7_mixed_disruption,O025-02,12.0,1,3,5.75,9,2,7,0,-1.0,10.8
1095,S7_mixed_disruption,O026-01,17.0,1,0,4.0,10,1,2,0,-1.0,20.7
1095,S7_mixed_disruption,O027-01,21.0,0,3,3.25,7,1,9,0,-1.0,19.8
1095,S7_mixed_disruption,O027-02,21.0,0,3,3.25,7,2,9,0,-1.0,20.4
1095,S7_mixed_disruption,O028-01,17.0,1,2,5.5,9,1,7,0,-1.0,23.6
1095,S7_mixed_disruption,O029-01,19.0,0,2,5.0,6,1,1,0,-1.0,20.9
1095,S7_mixed_disruption,O029-02,19.0,0,2,5.0,6,2,1,0,-1.0,20.2
1095,S7_mixed_disruption,O029-03,19.0,0,2,5.0,6,3,1,0,-1.0,18.7
1095,S7_mixed_disruption,O029-04,19.0,0,2,4.75,6,4,1,0,-1.0,22.2
1095,S7_mixed_disruption,O029-05,19.0,0,2,4.75,6,5,1,0,-1.0,21.0
1095,S7_mixed_disruption,O030-01,14.0,1,3,4.75,8,1,10,0,-1.0,12.9
1095,S7_mixed_disruption,O030-02,14.0,1,3,4.75,8,2,10,0,-1.0,11.7
1096,S7_mixed_disruption,O001-01,16.0,0,1,4.0,11,1,4,0,-1.0,14.2
1096,S7_mixed_disruption,O002-01,20.0,0,1,3.75,11,1,4,0,-1.0,23.9
1096,S7_mixed_disruption,O002-02,20.0,0,1,3.75,11,2,4,0,-1.0,26.5
1096,S7_mixed_disruption,O003-01,18.0,1,1,4.5,8,1,10,0,-1.0,18.1
1096,S7_mixed_disruption,O003-02,18.0,1,1,4.5,8,2,10,0,-1.0,14.6
1096,S7_mixed_disruption,O004-01,13.0,1,2,3.25,8,1,6,0,-1.0,11.7
1096,S7_mixed_disruption,O004-02,13.0,1,2,3.25,8,2,6,0,-1.0,11.6
1096,S7_mixed_disruption,O005-01,17.0,1,0,3.75,8,1,6,0,-1.0,16.6
1096,S7_mixed_disruption,O005-02,17.0,1,0,3.75,8,2,6,0,-1.0,19.8
1096,S7_mixed_disruption,O006-01,24.0,0,2,3.75,6,1,1,0,-1.0,22.5
1096,S7_mixed_disruption,O006-02,24.0,0,2,3.75,6,2,1,0,-1.0,24.2
1096,S7_mixed_disruption,O007-01,19.0,0,2,4.75,10,1,3,0,-1.0,16.2
1096,S7_mixed_disruption,O007-02,19.0,0,2,4.75,10,2,3,0,-1.0,19.4
1096,S7_mixed_disruption,O007-03,19.0,0,2,4.5,10,3,3,0,-1.0,14.1
1096,S7_mixed_disruption,O007-04,19.0,0,2,4.5,10,4,3,0,-1.0,20.5
1096,S7_mixed_disruption,O008-01,18.0,1,0,5.0,8,1,10,0,-1.0,24.5
1096,S7_mixed_disruption,O008-02,18.0,1,0,5.0,8,2,10,0,-1.0,15.9
1096,S7_mixed_disruption,O008-03,18.0,1,0,5.0,8,3,10,0,-1.0,19.8
1096,S7_mixed_disruption,O008-04,18.0,1,0,5.0,8,4,10,0,-1.0,21.0
1096,S7_mixed_disruption,O009-01,18.0,1,3,5.0,8,1,6,0,-1.0,16.3
1096,S7_mixed_disruption,O009-02,18.0,1,3,5.0,8,2,6,0,-1.0,15.7
1096,S7_mixed_disruption,O010-01,17.0,1,1,5.5,7,1,8,0,-1.0,26.0
1096,S7_mixed_disruption,O010-02,17.0,1,1,5.5,7,2,8,0,-1.0,18.4
1096,S7_mixed_disruption,O011-01,19.0,0,3,5.0,11,1,4,0,-1.0,20.8
1096,S7_mixed_disruption,O011-02,19.0,0,3,4.75,11,2,4,0,-1.0,22.4
1096,S7_mixed_disruption,O011-03,19.0,0,3,4.75,11,3,4,0,-1.0,18.8
1096,S7_mixed_disruption,O012-01,22.0,0,1,4.25,11,1,4,0,-1.0,22.2
1096,S7_mixed_disruption,O012-02,22.0,0,1,4.25,11,2,4,0,-1.0,18.9
1096,S7_mixed_disruption,O012-03,22.0,0,1,4.0,11,3,4,0,-1.0,21.1
1096,S7_mixed_disruption,O013-01,15.0,1,3,4.75,9,1,7,0,-1.0,13.8
1096,S7_mixed_disruption,O013-02,15.0,1,3,4.75,9,2,7,0,-1.0,14.3
1096,S7_mixed_disruption,O014-01,22.0,0,0,5.5,10,1,3,0,-1.0,17.0
1096,S7_mixed_disruption,O014-02,22.0,0,0,5.5,10,2,3,0,-1.0,25.8
1096,S7_mixed_disruption,O015-01,12.0,1,1,4.0,9,1,7,0,-1.0,11.3
1096,S7_mixed_disruption,O016-01,15.0,1,0,4.75,7,1,8,0,-1.0,12.1
1096,S7_mixed_disruption,O016-02,15.0,1,0,4.75,7,2,8,0,-1.0,14.4
1096,S7_mixed_disruption,O016-03,15.0,1,0,4.5,7,3,8,0,-1.0,17.5
1096,S7_mixed_disruption,O016-04,15.0,1,0,4.5,7,4,8,0,-1.0,16.4
1096,S7_mixed_disruption,O017-01,13.0,1,2,4.0,9,1,7,0,-1.0,12.9
1096,S7_mixed_disruption,O018-01,22.0,0,3,4.5,7,1,9,0,-1.0,27.2
1096,S7_mixed_disruption,O018-02,22.0,0,3,4.5,7,2,9,0,-1.0,20.3
1096,S7_mixed_disruption,O018-03,22.0,0,3,4.5,7,3,9,0,-1.0,21.6
1096,S7_mixed_disruption,O019-01,21.0,0,0,3.5,11,1,4,0,-1.0,19.8
1096,S7_mixed_disruption,O019-02,21.0,0,0,3.5,11,2,4,0,-1.0,27.6
1096,S7_mixed_disruption,O020-01,15.0,0,1,5.0,10,1,3,0,-1.0,13.1
1096,S7_mixed_disruption,O021-01,12.0,1,0,3.5,8,1,10,0,-1.0,12.5
1096,S7_mixed_disruption,O021-02,12.0,1,0,3.5,8,2,10,0,-1.0,15.7
1096,S7_mixed_disruption,O022-01,22.0,0,1,4.0,6,1,1,0,-1.0,23.3
1096,S7_mixed_disruption,O022-02,22.0,0,1,4.0,6,2,1,0,-1.0,18.2
1096,S7_mixed_disruption,O023-01,23.0,0,2,5.5,6,1,1,0,-1.0,19.7
1096,S7_mixed_disruption,O023-02,23.0,0,2,5.5,6,2,1,0,-1.0,19.6
1096,S7_mixed_disruption,O024-01,22.0,0,2,5.0,10,1,5,0,-1.0,22.9
1096,S7_mixed_disruption,O025-01,18.0,0,1,5.5,10,1,5,0,-1.0,16.3
1096,S7_mixed_disruption,O025-02,18.0,0,1,5.5,10,2,5,0,-1.0,18.1
1096,S7_mixed_disruption,O026-01,15.0,0,0,5.5,7,1,9,0,-1.0,14.2
1096,S7_mixed_disruption,O026-02,15.0,0,0,5.25,7,2,9,0,-1.0,19.0
1096,S7_mixed_disruption,O026-03,15.0,0,0,5.25,7,3,9,0,-1.0,19.2
1096,S7_mixed_disruption,O027-01,15.0,1,0,5.0,10,1,2,0,-1.0,13.2
1096,S7_mixed_disruption,O027-02,15.0,1,0,5.0,10,2,2,0,-1.0,16.1
1096,S7_mixed_disruption,O027-03,15.0,1,0,5.0,10,3,2,0,-1.0,18.7
1096,S7_mixed_disruption,O028-01,20.0,0,1,5.5,6,1,1,0,-1.0,20.1
1096,S7_mixed_disruption,O029-01,17.0,0,0,5.0,6,1,1,0,-1.0,19.0
1096,S7_mixed_disruption,O030-01,23.0,0,1,5.0,7,1,9,0,-1.0,18.1
1096,S7_mixed_disruption,O030-02,23.0,0,1,5.0,7,2,9,0,-1.0,19.9
1096,S7_mixed_disruption,O030-03,23.0,0,1,5.0,7,3,9,0,-1.0,27.0
1096,S7_mixed_disruption,O030-04,23.0,0,1,4.75,7,4,9,0,-1.0,25.1
1096,S7_mixed_disruption,O030-05,23.0,0,1,4.75,7,5,9,0,-1.0,28.2
1097,S3_site_delay,O001-01,15.0,1,1,5.5,8,1,10,0,-1.0,15.4
1097,S3_site_delay,O001-02,15.0,1,1,5.5,8,2,10,0,-1.0,14.8
1097,S3_site_delay,O001-03,15.0,1,1,5.5,8,3,10,0,-1.0,15.6
1097,S3_site_delay,O001-04,15.0,1,1,5.5,8,4,10,0,-1.0,11.9
1097,S3_site_delay,O001-05,15.0,1,1,5.5,8,5,10,0,-1.0,15.2
1097,S3_site_delay,O002-01,23.0,0,3,6.0,6,1,1,0,-1.0,25.9
1097,S3_site_delay,O002-02,23.0,0,3,6.0,6,2,1,0,-1.0,29.3
1097,S3_site_delay,O002-03,23.0,0,3,6.0,6,3,1,0,-1.0,26.4
1097,S3_site_delay,O002-04,23.0,0,3,6.0,6,4,1,0,-1.0,28.0
1097,S3_site_delay,O003-01,14.0,1,3,5.75,8,1,6,0,-1.0,14.5
1097,S3_site_delay,O003-02,14.0,1,3,5.75,8,2,6,0,-1.0,13.9
1097,S3_site_delay,O004-01,18.0,0,1,5.5,6,1,1,0,-1.0,15.2
1097,S3_site_delay,O005-01,12.0,1,0,4.5,8,1,10,0,-1.0,9.4
1097,S3_site_delay,O005-02,12.0,1,0,4.5,8,2,10,0,-1.0,15.3
1097,S3_site_delay,O005-03,12.0,1,0,4.5,8,3,10,0,-1.0,11.8
1097,S3_site_delay,O006-01,17.0,0,3,6.0,7,1,9,0,-1.0,22.5
1097,S3_site_delay,O006-02,17.0,0,3,6.0,7,2,9,0,-1.0,18.3
1097,S3_site_delay,O006-03,17.0,0,3,6.0,7,3,9,0,-1.0,18.3
1097,S3_site_delay,O006-04,17.0,0,3,6.0,7,4,9,0,-1.0,19.4
1097,S3_site_delay,O007-01,24.0,0,0,3.25,6,1,1,0,-1.0,27.1
1097,S3_site_delay,O007-02,24.0,0,0,3.25,6,2,1,0,-1.0,28.1
1097,S3_site_delay,O008-01,23.0,0,1,5.0,10,1,3,0,-1.0,23.1
1097,S3_site_delay,O008-02,23.0,0,1,5.0,10,2,3,0,-1.0,21.0
1097,S3_site_delay,O008-03,23.0,0,1,5.0,10,3,3,0,-1.0,22.7
1097,S3_site_delay,O009-01,24.0,0,3,5.0,10,1,5,0,-1.0,24.4
1097,S3_site_delay,O010-01,17.0,1,1,5.0,8,1,6,0,-1.0,13.5
1097,S3_site_delay,O011-01,12.0,1,1,3.25,8,1,6,0,-1.0,9.7
1097,S3_site_delay,O011-02,12.0,1,1,3.25,8,2,6,0,-1.0,13.9
1097,S3_site_delay,O012-01,18.0,0,3,6.0,7,1,9,0,-1.0,23.3
1097,S3_site_delay,O013-01,13.0,1,2,4.0,7,1,8,0,-1.0,14.5
1097,S3_site_delay,O014-01,12.0,1,2,5.5,8,1,6,0,-1.0,10.4
1097,S3_site_delay,O015-01,17.0,1,3,5.5,8,1,6,0,-1.0,17.3
1097,S3_site_delay,O015-02,17.0,1,3,5.5,8,2,6,0,-1.0,21.4
1097,S3_site_delay,O016-01,14.0,1,3,4.5,10,1,2,0,-1.0,14.7
1097,S3_site_delay,O016-02,14.0,1,3,4.5,10,2,2,0,-1.0,11.5
1097,S3_site_delay,O016-03,14.0,1,3,4.5,10,3,2,0,-1.0,12.7
1097,S3_site_delay,O017-01,21.0,0,1,4.5,10,1,3,0,-1.0,22.4
1097,S3_site_delay,O018-01,13.0,1,3,5.0,8,1,6,0,-1.0,11.3
1097,S3_site_delay,O018-02,13.0,1,3,5.0,8,2,6,0,-1.0,9.1
1097,S3_site_delay,O018-03,13.0,1,3,5.0,8,3,6,0,-1.0,13.7
1097,S3_site_delay,O018-04,13.0,1,3,5.0,8,4,6,0,-1.0,12.7
1097,S3_site_delay,O019-01,22.0,0,1,4.0,6,1,1,0,-1.0,18.4
1097,S3_site_delay,O020-01,13.0,1,1,3.5,7,1,8,0,-1.0,12.9
1097,S3_site_delay,O020-02,13.0,1,1,3.5,7,2,8,0,-1.0,14.4
1097,S3_site_delay,O021-01,19.0,0,2,5.5,11,1,4,0,-1.0,21.0
1097,S3_site_delay,O021-02,19.0,0,2,5.5,11,2,4,0,-1.0,16.7
1097,S3_site_delay,O022-01,23.0,0,0,5.0,11,1,4,0,-1.0,26.7
1097,S3_site_delay,O023-01,20.0,0,1,5.5,11,1,4,0,-1.0,21.0
1097,S3_site_delay,O023-02,20.0,0,1,5.5,11,2,4,0,-1.0,25.4
1097,S3_site_delay,O023-03,20.0,0,1,5.5,11,3,4,0,-1.0,16.2
1097,S3_site_delay,O023-04,20.0,0,1,5.5,11,4,4,0,-1.0,22.3
1097,S3_site_delay,O023-05,20.0,0,1,5.5,11,5,4,0,-1.0,18.8
1097,S3_site_delay,O024-01,17.0,1,2,5.5,10,1,2,0,-1.0,17.1
1097,S3_site_delay,O024-02,17.0,1,2,5.5,10,2,2,0,-1.0,17.3
1097,S3_site_delay,O024-03,17.0,1,2,5.5,10,3,2,0,-1.0,20.8
1097,S3_site_delay,O025-01,19.0,0,2,3.75,10,1,5,0,-1.0,18.7
1097,S3_site_delay,O025-02,19.0,0,2,3.75,10,2,5,0,-1.0,19.6
1097,S3_site_delay,O026-01,17.0,1,2,3.25,7,1,8,0,-1.0,14.0
1097,S3_site_delay,O026-02,17.0,1,2,3.25,7,2,8,0,-1.0,16.9
1097,S3_site_delay,O027-01,23.0,0,1,3.75,10,1,3,0,-1.0,17.1
1097,S3_site_delay,O027-02,23.0,0,1,3.75,10,2,3,0,-1.0,25.1
1097,S3_site_delay,O028-01,16.0,1,1,5.5,8,1,10,0,-1.0,13.1
1097,S3_site_delay,O028-02,16.0,1,1,5.5,8,2,10,0,-1.0,16.4
1097,S3_site_delay,O029-01,12.0,1,0,5.75,9,1,7,0,-1.0,14.2
1097,S3_site_delay,O029-02,12.0,1,0,5.75,9,2,7,0,-1.0,11.6
1097,S3_site_delay,O030-01,15.0,1,1,5.0,8,1,6,0,-1.0,12.2
1097,S3_site_delay,O030-02,15.0,1,1,5.0,8,2,6,0,-1.0,13.9
1098,S1_light_traffic,O001-01,21.0,0,3,4.5,11,1,4,0,-1.0,18.5
1098,S1_light_traffic,O002-01,21.0,0,2,5.0,10,1,3,0,-1.0,20.5
1098,S1_light_traffic,O003-01,12.0,1,1,3.75,8,1,6,0,-1.0,10.0
1098,S1_light_traffic,O003-02,12.0,1,1,3.75,8,2,6,0,-1.0,10.9
1098,S1_light_traffic,O004-01,24.0,0,3,4.5,11,1,4,0,-1.0,23.6
1098,S1_light_traffic,O004-02,24.0,0,3,4.5,11,2,4,0,-1.0,26.2
1098,S1_light_traffic,O004-03,24.0,0,3,4.5,11,3,4,0,-1.0,23.4
1098,S1_light_traffic,O005-01,18.0,1,3,5.0,10,1,2,0,-1.0,15.8
1098,S1_light_traffic,O005-02,18.0,1,3,5.0,10,2,2,0,-1.0,15.3
1098,S1_light_traffic,O006-01,18.0,1,1,3.25,8,1,10,0,-1.0,17.9
1098,S1_light_traffic,O006-02,18.0,1,1,3.25,8,2,10,0,-1.0,19.4
1098,S1_light_traffic,O007-01,16.0,1,2,4.25,8,1,10,0,-1.0,24.2
1098,S1_light_traffic,O007-02,16.0,1,2,4.25,8,2,10,0,-1.0,18.7
1098,S1_light_traffic,O007-03,16.0,1,2,4.0,8,3,10,0,-1.0,15.8
1098,S1_light_traffic,O008-01,15.0,1,1,5.0,10,1,2,0,-1.0,14.8
1098,S1_light_traffic,O008-02,15.0,1,1,5.0,10,2,2,0,-1.0,18.2
1098,S1_light_traffic,O009-01,17.0,1,2,3.25,8,1,6,0,-1.0,17.5
1098,S1_light_traffic,O009-02,17.0,1,2,3.25,8,2,6,0,-1.0,22.5
1098,S1_light_traffic,O010-01,17.0,0,2,4.5,10,1,5,0,-1.0,18.8
1098,S1_light_traffic,O011-01,16.0,0,3,5.0,10,1,5,0,-1.0,16.7
1098,S1_light_traffic,O012-01,17.0,1,3,5.5,9,1,7,0,-1.0,14.5
1098,S1_light_traffic,O012-02,17.0,1,3,5.5,9,2,7,0,-1.0,15.6
1098,S1_light_traffic,O012-03,17.0,1,3,5.25,9,3,7,0,-1.0,16.3
1098,S1_light_traffic,O012-04,17.0,1,3,5.25,9,4,7,0,-1.0,17.9
1098,S1_light_traffic,O013-01,17.0,1,3,5.0,9,1,7,0,-1.0,16.2
1098,S1_light_traffic,O013-02,17.0,1,3,5.0,9,2,7,0,-1.0,15.1
1098,S1_light_traffic,O013-03,17.0,1,3,5.0,9,3,7,0,-1.0,13.3
1098,S1_light_traffic,O013-04,17.0,1,3,4.75,9,4,7,0,-1.0,17.7
1098,S1_light_traffic,O013-05,17.0,1,3,4.75,9,5,7,0,-1.0,21.0
1098,S1_light_traffic,O014-01,25.0,0,3,5.0,11,1,4,0,-1.0,23.0
1098,S1_light_traffic,O014-02,25.0,0,3,5.0,11,2,4,0,-1.0,20.9
1098,S1_light_traffic,O014-03,25.0,0,3,4.75,11,3,4,0,-1.0,24.3
1098,S1_light_traffic,O014-04,25.0,0,3,4.75,11,4,4,0,-1.0,24.5
1098,S1_light_traffic,O015-01,22.0,0,1,5.0,6,1,1,0,-1.0,18.2
1098,S1_light_traffic,O015-02,22.0,0,1,5.0,6,2,1,0,-1.0,17.7
1098,S1_light_traffic,O016-01,23.0,0,2,3.25,11,1,4,0,-1.0,22.1
1098,S1_light_traffic,O016-02,23.0,0,2,3.25,11,2,4,0,-1.0,19.8
1098,S1_light_traffic,O017-01,18.0,1,2,5.5,7,1,8,0,-1.0,24.1
1098,S1_light_traffic,O017-02,18.0,1,2,5.5,7,2,8,0,-1.0,15.1
1098,S1_light_traffic,O018-01,17.0,1,0,3.5,8,1,6,0,-1.0,13.9
1098,S1_light_traffic,O018-02,17.0,1,0,3.5,8,2,6,0,-1.0,17.1
1098,S1_light_traffic,O019-01,18.0,0,3,4.75,7,1,9,0,-1.0,17.4
1098,S1_light_traffic,O019-02,18.0,0,3,4.75,7,2,9,0,-1.0,17.2
1098,S1_light_traffic,O019-03,18.0,0,3,4.5,7,3,9,0,-1.0,16.5
1098,S1_light_traffic,O020-01,15.0,0,3,3.75,11,1,4,0,-1.0,18.1
1098,S1_light_traffic,O020-02,15.0,0,3,3.75,11,2,4,0,-1.0,21.6
1098,S1_light_traffic,O021-01,25.0,0,1,4.0,7,1,9,0,-1.0,23.4
1098,S1_light_traffic,O021-02,25.0,0,1,4.0,7,2,9,0,-1.0,21.8
1098,S1_light_traffic,O022-01,12.0,1,1,5.5,8,1,10,0,-1.0,10.4
1098,S1_light_traffic,O023-01,18.0,0,3,3.5,11,1,4,0,-1.0,17.9
1098,S1_light_traffic,O023-02,18.0,0,3,3.5,11,2,4,0,-1.0,19.7
1098,S1_light_traffic,O024-01,16.0,1,2,4.0,8,1,6,0,-1.0,19.6
1098,S1_light_traffic,O024-02,16.0,1,2,4.0,8,2,6,0,-1.0,12.0
1098,S1_light_traffic,O025-01,12.0,1,0,5.75,8,1,6,0,-1.0,15.3
1098,S1_light_traffic,O025-02,12.0,1,0,5.75,8,2,6,0,-1.0,10.6
1098,S1_light_traffic,O025-03,12.0,1,0,5.5,8,3,6,0,-1.0,9.3
1098,S1_light_traffic,O025-04,12.0,1,0,5.5,8,4,6,0,-1.0,14.5
1098,S1_light_traffic,O026-01,15.0,1,0,4.75,10,1,2,0,-1.0,15.0
1098,S1_light_traffic,O026-02,15.0,1,0,4.75,10,2,2,0,-1.0,20.4
1098,S1_light_traffic,O027-01,22.0,0,3,4.75,6,1,1,0,-1.0,22.3
1098,S1_light_traffic,O027-02,22.0,0,3,4.75,6,2,1,0,-1.0,25.7
1098,S1_light_traffic,O027-03,22.0,0,3,4.5,6,3,1,0,-1.0,20.5
1098,S1_light_traffic,O028-01,18.0,1,2,5.0,7,1,8,0,-1.0,16.9
1098,S1_light_traffic,O029-01,22.0,0,3,4.5,7,1,9,0,-1.0,18.1
1098,S1_light_traffic,O029-02,22.0,0,3,4.25,7,2,9,0,-1.0,16.8
1098,S1_light_traffic,O029-03,22.0,0,3,4.25,7,3,9,0,-1.0,21.8
1098,S1_light_traffic,O030-01,14.0,1,3,4.0,8,1,10,0,-1.0,15.4
1099,S1_light_traffic,O001-01,14.0,1,3,4.5,8,1,6,0,-1.0,12.1
1099,S1_light_traffic,O001-02,14.0,1,3,4.25,8,2,6,0,-1.0,15.1
1099,S1_light_traffic,O001-03,14.0,1,3,4.25,8,3,6,0,-1.0,12.4
1099,S1_light_traffic,O002-01,18.0,0,2,4.5,6,1,1,0,-1.0,15.5
1099,S1_light_traffic,O002-02,18.0,0,2,4.5,6,2,1,0,-1.0,16.2
1099,S1_light_traffic,O002-03,18.0,0,2,4.5,6,3,1,0,-1.0,18.3
1099,S1_light_traffic,O003-01,12.0,1,2,4.5,8,1,6,0,-1.0,10.8
1099,S1_light_traffic,O003-02,12.0,1,2,4.5,8,2,6,0,-1.0,14.5
1099,S1_light_traffic,O003-03,12.0,1,2,4.5,8,3,6,0,-1.0,14.3
1099,S1_light_traffic,O004-01,15.0,1,1,4.0,7,1,8,0,-1.0,14.4
1099,S1_light_traffic,O005-01,15.0,1,3,4.0,9,1,7,0,-1.0,15.7
1099,S1_light_traffic,O006-01,16.0,0,0,4.75,6,1,1,0,-1.0,14.4
1099,S1_light_traffic,O006-02,16.0,0,0,4.75,6,2,1,0,-1.0,18.0
1099,S1_light_traffic,O006-03,16.0,0,0,4.5,6,3,1,0,-1.0,21.5
1099,S1_light_traffic,O006-04,16.0,0,0,4.5,6,4,1,0,-1.0,13.5
1099,S1_light_traffic,O007-01,17.0,1,2,5.75,7,1,8,0,-1.0,19.1
1099,S1_light_traffic,O007-02,17.0,1,2,5.75,7,2,8,0,-1.0,14.5
1099,S1_light_traffic,O008-01,17.0,1,2,3.75,8,1,10,0,-1.0,21.0
1099,S1_light_traffic,O008-02,17.0,1,2,3.75,8,2,10,0,-1.0,17.8
1099,S1_light_traffic,O009-01,18.0,0,1,5.0,10,1,3,0,-1.0,20.8
1099,S1_light_traffic,O010-01,13.0,1,3,5.75,9,1,7,0,-1.0,13.4
1099,S1_light_traffic,O010-02,13.0,1,3,5.75,9,2,7,0,-1.0,13.4
1099,S1_light_traffic,O011-01,23.0,0,0,5.0,10,1,5,0,-1.0,20.6
1099,S1_light_traffic,O011-02,23.0,0,0,5.0,10,2,5,0,-1.0,29.3
1099,S1_light_traffic,O011-03,23.0,0,0,5.0,10,3,5,0,-1.0,24.3
1099,S1_light_traffic,O012-01,17.0,1,2,4.5,8,1,6,0,-1.0,15.9
1099,S1_light_traffic,O013-01,16.0,0,1,4.75,6,1,1,0,-1.0,15.8
1099,S1_light_traffic,O013-02,16.0,0,1,4.75,6,2,1,0,-1.0,14.9
1099,S1_light_traffic,O014-01,14.0,1,3,4.0,9,1,7,0,-1.0,13.6
1099,S1_light_traffic,O015-01,20.0,0,1,6.0,6,1,1,0,-1.0,20.8
1099,S1_light_traffic,O016-01,14.0,1,3,3.5,9,1,7,0,-1.0,20.1
1099,S1_light_traffic,O016-02,14.0,1,3,3.5,9,2,7,0,-1.0,13.4
1099,S1_light_traffic,O017-01,25.0,0,1,5.0,11,1,4,0,-1.0,25.8
1099,S1_light_traffic,O018-01,24.0,0,0,5.5,10,1,3,0,-1.0,24.6
1099,S1_light_traffic,O019-01,13.0,1,1,4.25,7,1,8,0,-1.0,9.3
1099,S1_light_traffic,O019-02,13.0,1,1,4.25,7,2,8,0,-1.0,14.0
1099,S1_light_traffic,O019-03,13.0,1,1,4.0,7,3,8,0,-1.0,13.9
1099,S1_light_traffic,O020-01,23.0,0,2,4.25,10,1,3,0,-1.0,21.4
1099,S1_light_traffic,O020-02,23.0,0,2,4.25,10,2,3,0,-1.0,25.7
1099,S1_light_traffic,O021-01,20.0,0,1,4.25,10,1,5,0,-1.0,22.0
1099,S1_light_traffic,O021-02,20.0,0,1,4.25,10,2,5,0,-1.0,20.4
1099,S1_light_traffic,O022-01,16.0,1,0,4.0,9,1,7,0,-1.0,20.6
1099,S1_light_traffic,O022-02,16.0,1,0,4.0,9,2,7,0,-1.0,14.8
1099,S1_light_traffic,O023-01,17.0,0,3,5.0,11,1,4,0,-1.0,18.5
1099,S1_light_traffic,O023-02,17.0,0,3,5.0,11,2,4,0,-1.0,21.3
1099,S1_light_traffic,O024-01,25.0,0,2,5.25,10,1,3,0,-1.0,22.9
1099,S1_light_traffic,O024-02,25.0,0,2,5.25,10,2,3,0,-1.0,26.8
1099,S1_light_traffic,O025-01,16.0,0,3,5.75,7,1,9,0,-1.0,16.2
1099,S1_light_traffic,O025-02,16.0,0,3,5.75,7,2,9,0,-1.0,14.2
1099,S1_light_traffic,O026-01,19.0,0,0,5.5,10,1,3,0,-1.0,23.0
1099,S1_light_traffic,O026-02,19.0,0,0,5.5,10,2,3,0,-1.0,15.4
1099,S1_light_traffic,O026-03,19.0,0,0,5.5,10,3,3,0,-1.0,15.3
1099,S1_light_traffic,O027-01,13.0,1,1,5.0,10,1,2,0,-1.0,12.3
1099,S1_light_traffic,O027-02,13.0,1,1,5.0,10,2,2,0,-1.0,13.1
1099,S1_light_traffic,O028-01,14.0,1,2,5.75,10,1,2,0,-1.0,14.9
1099,S1_light_traffic,O028-02,14.0,1,2,5.75,10,2,2,0,-1.0,14.8
1099,S1_light_traffic,O028-03,14.0,1,2,5.5,10,3,2,0,-1.0,12.7
1099,S1_light_traffic,O029-01,13.0,1,1,6.0,8,1,10,0,-1.0,12.5
1099,S1_light_traffic,O029-02,13.0,1,1,6.0,8,2,10,0,-1.0,13.6
1099,S1_light_traffic,O030-01,12.0,1,1,3.5,7,1,8,0,-1.0,9.7
1099,S1_light_traffic,O030-02,12.0,1,1,3.5,7,2,8,0,-1.0,12.2
1100,S5_pump_failure,O001-01,22.0,0,0,5.5,6,1,1,0,-1.0,25.7
1100,S5_pump_failure,O002-01,18.0,1,1,3.5,9,1,7,0,-1.0,17.8
1100,S5_pump_failure,O002-02,18.0,1,1,3.5,9,2,7,0,-1.0,19.4
1100,S5_pump_failure,O003-01,15.0,0,0,4.0,6,1,1,0,-1.0,17.7
1100,S5_pump_failure,O004-01,19.0,0,3,6.0,11,1,4,0,-1.0,21.3
1100,S5_pump_failure,O004-02,19.0,0,3,5.75,11,2,4,0,-1.0,21.4
1100,S5_pump_failure,O004-03,19.0,0,3,5.75,11,3,4,0,-1.0,21.0
1100,S5_pump_failure,O005-01,15.0,0,0,4.5,6,1,1,0,-1.0,14.3
1100,S5_pump_failure,O005-02,15.0,0,0,4.5,6,2,1,0,-1.0,17.9
1100,S5_pump_failure,O006-01,15.0,0,1,4.5,7,1,9,0,-1.0,14.9
1100,S5_pump_failure,O006-02,15.0,0,1,4.5,7,2,9,0,-1.0,13.2
1100,S5_pump_failure,O007-01,12.0,1,3,5.25,10,1,2,0,-1.0,10.6
1100,S5_pump_failure,O007-02,12.0,1,3,5.25,10,2,2,0,-1.0,8.7
1100,S5_pump_failure,O008-01,18.0,0,2,4.5,10,1,5,0,-1.0,20.4
1100,S5_pump_failure,O009-01,14.0,1,2,5.0,9,1,7,0,-1.0,15.3
1100,S5_pump_failure,O009-02,14.0,1,2,4.75,9,2,7,0,-1.0,12.2
1100,S5_pump_failure,O009-03,14.0,1,2,4.75,9,3,7,0,-1.0,11.9
1100,S5_pump_failure,O010-01,12.0,1,1,4.0,10,1,2,0,-1.0,12.1
1100,S5_pump_failure,O010-02,12.0,1,1,4.0,10,2,2,0,-1.0,10.5
1100,S5_pump_failure,O011-01,21.0,0,2,4.0,11,1,4,0,-1.0,20.3
1100,S5_pump_failure,O012-01,16.0,1,3,3.25,8,1,10,0,-1.0,17.1
1100,S5_pump_failure,O012-02,16.0,1,3,3.25,8,2,10,0,-1.0,14.8
1100,S5_pump_failure,O013-01,18.0,1,3,4.0,8,1,6,0,-1.0,15.1
1100,S5_pump_failure,O014-01,14.0,1,1,5.0,9,1,7,0,-1.0,15.8
1100,S5_pump_failure,O014-02,14.0,1,1,4.75,9,2,7,0,-1.0,11.0
1100,S5_pump_failure,O014-03,14.0,1,1,4.75,9,3,7,0,-1.0,12.2
1100,S5_pump_failure,O015-01,24.0,0,2,6.0,7,1,9,0,-1.0,23.4
1100,S5_pump_failure,O016-01,24.0,0,3,4.0,11,1,4,0,-1.0,21.9
1100,S5_pump_failure,O016-02,24.0,0,3,4.0,11,2,4,0,-1.0,31.8
1100,S5_pump_failure,O017-01,12.0,1,0,4.75,9,1,7,0,-1.0,11.2
1100,S5_pump_failure,O017-02,12.0,1,0,4.75,9,2,7,0,-1.0,10.7
1100,S5_pump_failure,O018-01,17.0,1,3,5.5,9,1,7,0,-1.0,13.6
1100,S5_pump_failure,O018-02,17.0,1,3,5.25,9,2,7,0,-1.0,17.2
1100,S5_pump_failure,O018-03,17.0,1,3,5.25,9,3,7,0,-1.0,14.5
1100,S5_pump_failure,O019-01,18.0,1,3,4.75,8,1,6,0,-1.0,18.8
1100,S5_pump_failure,O019-02,18.0,1,3,4.75,8,2,6,0,-1.0,18.3
1100,S5_pump_failure,O019-03,18.0,1,3,4.5,8,3,6,0,-1.0,17.6
1100,S5_pump_failure,O019-04,18.0,1,3,4.5,8,4,6,0,-1.0,18.8
1100,S5_pump_failure,O020-01,15.0,1,2,4.0,7,1,8,0,-1.0,11.2
1100,S5_pump_failure,O021-01,18.0,0,1,5.5,10,1,5,0,-1.0,20.3
1100,S5_pump_failure,O022-01,19.0,0,3,5.0,7,1,9,0,-1.0,26.1
1100,S5_pump_failure,O023-01,23.0,0,2,3.25,7,1,9,0,-1.0,28.0
1100,S5_pump_failure,O023-02,23.0,0,2,3.25,7,2,9,0,-1.0,18.2
1100,S5_pump_failure,O024-01,14.0,1,2,5.0,7,1,8,0,-1.0,16.5
1100,S5_pump_failure,O024-02,14.0,1,2,4.75,7,2,8,0,-1.0,14.0
1100,S5_pump_failure,O024-03,14.0,1,2,4.75,7,3,8,0,-1.0,13.2
1100,S5_pump_failure,O025-01,14.0,1,3,5.5,8,1,6,0,-1.0,12.8
1100,S5_pump_failure,O026-01,15.0,0,2,3.25,6,1,1,0,-1.0,15.9
1100,S5_pump_failure,O026-02,15.0,0,2,3.25,6,2,1,0,-1.0,13.7
1100,S5_pump_failure,O027-01,19.0,0,0,5.0,10,1,5,0,-1.0,17.1
1100,S5_pump_failure,O028-01,15.0,1,3,3.25,8,1,6,0,-1.0,14.0
1100,S5_pump_failure,O028-02,15.0,1,3,3.25,8,2,6,0,-1.0,15.9
1100,S5_pump_failure,O029-01,17.0,1,2,5.0,7,1,8,0,-1.0,19.1
1100,S5_pump_failure,O029-02,17.0,1,2,5.0,7,2,8,0,-1.0,14.7
1100,S5_pump_failure,O030-01,20.0,0,2,6.0,10,1,3,0,-1.0,16.2
