seed,scenario,policy,valid,predictor_failures,log_file,log_sha256,trips,delivered_trips,unserved_trips,delivered_volume_m3,unserved_volume_m3,total_distance_km,total_travel_min,total_waiting_min,average_waiting_min,site_idle_min,pour_gap_max_min,pour_gaps_over_30,late_arrivals,on_time_rate,release_delay_min,fleet_utilization,trucks_used,trips_per_vehicle,fuel_liters,co2_kg,last_truck_free,solver_runtime_ms,operational_score_min
9101,S0_normal,A_static_planned,True,0,logs/S0_normal_9101_A_static_planned.json,e46d4172bbe233e33cc2b25f90b06798eda59f864a4e1d7006206087484d5115,62,62,0,302.0,0.0,2145.3,4152,378,6.1,278,28,0,2,0.968,326,0.63,15,4.13,743.4,,16:10,4.8,656
9101,S0_normal,B_dynamic,True,0,logs/S0_normal_9101_B_dynamic.json,86cc364af61c272ab090c5837f9cb0d3ea002625e4c3079fd935c8d3df555599,62,62,0,302.0,0.0,2145.3,4172,194,3.1,441,28,0,5,0.919,0,0.632,15,4.13,735.6,,16:29,21.7,635
9101,S0_normal,C_ai_rolling,True,0,logs/S0_normal_9101_C_ai_rolling.json,8fcf2360e4b6e41ce837a46bf9673f4f57a03b0be52af5b48014d811dee0c118,62,62,0,302.0,0.0,2145.3,4168,123,2.0,613,30,0,20,0.677,0,0.632,15,4.13,731.5,,16:29,2317.9,736
9101,S0_normal,B_dynamic_buffered,True,0,logs/S0_normal_9101_B_dynamic_buffered.json,577a907c9039b23103fd7096731a41eafa3f87db51041804cf3bfd22c9835195,62,62,0,302.0,0.0,2145.3,4161,308,5.0,357,32,1,7,0.887,0,0.631,15,4.13,737.1,,16:10,18.8,665
9101,S0_normal,C_ai_rolling_buffered,True,0,logs/S0_normal_9101_C_ai_rolling_buffered.json,94254dccf44e83cddd50db07c4820e98edf6870ff6382f32e9c630acc9687c95,62,62,0,302.0,0.0,2145.3,4175,353,5.7,300,18,0,10,0.839,0,0.632,15,4.13,741.9,,16:09,1931.5,653
9101,S1_light_traffic,A_static_planned,True,0,logs/S1_light_traffic_9101_A_static_planned.json,76093965c82414c5b03effb2a77b8b39e47e5caa9f88fcd3c01bdff2975883ed,62,62,0,302.0,0.0,2145.3,3688,564,9.1,173,26,0,0,1.0,177,0.584,15,4.13,755.0,,16:06,1.0,737
9101,S1_light_traffic,B_dynamic,True,0,logs/S1_light_traffic_9101_B_dynamic.json,ed15226f61c1cb4da790ca71d7132d1ec5b41e9a30348b5750f844786e8cf175,62,62,0,302.0,0.0,2145.3,3693,237,3.8,378,28,0,3,0.952,0,0.584,15,4.13,736.2,,16:23,20.3,615
9101,S1_light_traffic,C_ai_rolling,True,0,logs/S1_light_traffic_9101_C_ai_rolling.json,99c5b538833b1487310d030daaae9de66a064f0b4156bbefafefe0144a2be30e,62,62,0,302.0,0.0,2145.3,3700,168,2.7,448,28,0,9,0.855,0,0.585,15,4.13,732.5,,16:23,2341.3,616
9101,S1_light_traffic,B_dynamic_buffered,True,0,logs/S1_light_traffic_9101_B_dynamic_buffered.json,f5d868696ce6ac041a1a90f2c6d9b613259db1927f579aefab6f5c23561e7d99,62,62,0,302.0,0.0,2145.3,3690,393,6.3,260,21,0,5,0.919,0,0.584,15,4.13,744.3,,16:05,17.5,653
9101,S1_light_traffic,C_ai_rolling_buffered,True,0,logs/S1_light_traffic_9101_C_ai_rolling_buffered.json,38265416e2a8ad0c0e62659a8d5b35ab37c7c8d4f49e17adb25e1cc45f4af906,62,62,0,302.0,0.0,2145.3,3739,401,6.5,214,22,0,5,0.919,0,0.589,15,4.13,747.2,,16:05,1860.3,615
9101,S2_peak_traffic,A_static_planned,True,0,logs/S2_peak_traffic_9101_A_static_planned.json,9ae60058f6f0d881a7f5c9886b8b657feb458c9f61d987b14001f3ccfbc158f9,62,62,0,302.0,0.0,2145.3,4908,153,2.5,702,27,0,21,0.661,924,0.705,15,4.13,734.2,,16:19,1.7,855
9101,S2_peak_traffic,B_dynamic,True,0,logs/S2_peak_traffic_9101_B_dynamic.json,2590c327729df7257157c85f98f0b297b8e02134c8ef272b2904ab1945bb61f2,62,62,0,302.0,0.0,2145.3,4937,128,2.1,955,59,6,28,0.548,0,0.708,15,4.13,731.2,,16:38,17.6,1083
9101,S2_peak_traffic,C_ai_rolling,True,0,logs/S2_peak_traffic_9101_C_ai_rolling.json,fed6d3dd0ac9c160ef56f0f0a5d75ac61bc15fbb26c7c0434e16ff5af459bf63,62,62,0,302.0,0.0,2145.3,4972,85,1.4,1117,59,8,37,0.403,0,0.712,15,4.13,730.7,,16:38,2228.6,1202
9101,S2_peak_traffic,B_dynamic_buffered,True,0,logs/S2_peak_traffic_9101_B_dynamic_buffered.json,55df3b5d88e89fecea644ce11a814b2820f48d947e6b7e99e8ed8c2d09bd897c,62,62,0,302.0,0.0,2145.3,4913,153,2.5,737,59,2,18,0.71,0,0.706,15,4.13,729.9,,16:15,18.5,890
9101,S2_peak_traffic,C_ai_rolling_buffered,True,0,logs/S2_peak_traffic_9101_C_ai_rolling_buffered.json,36a4221ef945e450e4dee2eaee0d3cc46bb45d0f2415447c0105f2aa26f5880f,62,62,0,302.0,0.0,2145.3,4958,143,2.3,756,49,3,21,0.661,0,0.71,15,4.13,732.6,,16:15,1910.0,899
9101,S3_site_delay,A_static_planned,True,0,logs/S3_site_delay_9101_A_static_planned.json,dac94eb9a08996e1f12a622060d102c82ef0d0a97f6e8bb92d6f46ca49544a3f,62,62,0,302.0,0.0,2145.3,4153,406,6.5,311,28,0,4,0.935,392,0.63,15,4.13,744.6,,16:10,1.5,717
9101,S3_site_delay,B_dynamic,True,0,logs/S3_site_delay_9101_B_dynamic.json,d418b93e3f1f1f4585cad828a6796dfc055fc5a24377e091edb441c24413ca41,62,62,0,302.0,0.0,2145.3,4171,178,2.9,454,28,0,5,0.919,0,0.632,15,4.13,732.6,,16:29,29.1,632
9101,S3_site_delay,C_ai_rolling,True,0,logs/S3_site_delay_9101_C_ai_rolling.json,a522f2bb577d22878d7cdcd2f68e09154b8897042425a6f55c7b3e110f232415,62,62,0,302.0,0.0,2145.3,4149,126,2.0,626,36,1,21,0.661,0,0.63,15,4.13,730.4,,16:29,2184.9,752
9101,S3_site_delay,B_dynamic_buffered,True,0,logs/S3_site_delay_9101_B_dynamic_buffered.json,665a727688513d124f07e0b7554f36224a9e253b58826b02aa647975dd56e118,62,62,0,302.0,0.0,2145.3,4170,293,4.7,350,28,0,8,0.871,0,0.632,15,4.13,739.9,,16:10,28.0,643
9101,S3_site_delay,C_ai_rolling_buffered,True,0,logs/S3_site_delay_9101_C_ai_rolling_buffered.json,25543e50940c21bede8dc3c26693f5221f28d524817b62af5d4d7a7cc9fc25fd,62,62,0,302.0,0.0,2145.3,4162,338,5.5,317,36,1,11,0.823,0,0.631,15,4.13,743.2,,16:09,2069.9,655
9101,S4_multi_site_delay,A_static_planned,True,0,logs/S4_multi_site_delay_9101_A_static_planned.json,93d178e087bb04e894df5d26169902b5879a980d768e7f651aa27aeffcfc67d8,62,62,0,302.0,0.0,2145.3,4153,453,7.3,261,28,0,3,0.952,404,0.63,15,4.13,746.5,,16:10,1.0,714
9101,S4_multi_site_delay,B_dynamic,True,0,logs/S4_multi_site_delay_9101_B_dynamic.json,68ff8362a6330b9e404165b7aae51780592adf3dd49a7695a81041c020dc75d8,62,62,0,302.0,0.0,2145.3,4169,213,3.4,396,30,0,4,0.935,0,0.632,15,4.13,738.2,,16:29,23.8,609
9101,S4_multi_site_delay,C_ai_rolling,True,0,logs/S4_multi_site_delay_9101_C_ai_rolling.json,084980d56c3ff63964531578ffd5a154581c501c752d93763726b6df5020db53,62,62,0,302.0,0.0,2145.3,4152,147,2.4,551,30,0,14,0.774,0,0.63,15,4.13,733.2,,16:29,2329.5,698
9101,S4_multi_site_delay,B_dynamic_buffered,True,0,logs/S4_multi_site_delay_9101_B_dynamic_buffered.json,d8b8418a92fba4c7c411abfb5b8437d9bb08c709d0798383db0b4082af420d59,62,62,0,302.0,0.0,2145.3,4169,275,4.4,273,18,0,3,0.952,0,0.632,15,4.13,738.2,,16:10,18.0,548
9101,S4_multi_site_delay,C_ai_rolling_buffered,True,0,logs/S4_multi_site_delay_9101_C_ai_rolling_buffered.json,15077aa10efa5dba7b8180cbf91db8f8d18b313d5d48baaefa700924c162fe9a,62,62,0,302.0,0.0,2145.3,4176,346,5.6,250,17,0,3,0.952,0,0.632,15,4.13,742.5,,16:09,2355.1,596
9101,S5_pump_failure,A_static_planned,True,0,logs/S5_pump_failure_9101_A_static_planned.json,3d108f89184112d34ea343b735b5313e4c674a353e12f05760718b7d98a2baa4,62,62,0,302.0,0.0,2145.3,4153,449,7.2,337,32,1,7,0.887,460,0.63,15,4.13,747.3,,16:10,0.9,786
9101,S5_pump_failure,B_dynamic,True,0,logs/S5_pump_failure_9101_B_dynamic.json,ad3d5bd03473806636505b59dd5370d0ee0de8c42bf976c7475b069040c9dc37,62,62,0,302.0,0.0,2145.3,4171,199,3.2,469,28,0,8,0.871,0,0.632,15,4.13,736.5,,16:29,17.5,668
9101,S5_pump_failure,C_ai_rolling,True,0,logs/S5_pump_failure_9101_C_ai_rolling.json,da8e047d38cb1abe53319a20ed5318fe76996f1aab7e86dfd2b11e6302a6bc39,62,62,0,302.0,0.0,2145.3,4167,122,2.0,624,41,1,22,0.645,0,0.632,15,4.13,730.9,,16:29,1923.0,746
9101,S5_pump_failure,B_dynamic_buffered,True,0,logs/S5_pump_failure_9101_B_dynamic_buffered.json,c39fad3e6d0111b1abd2e6a60c2feba466f8c34242134b41efe44c75ec5d1da2,62,62,0,302.0,0.0,2145.3,4153,312,5.0,348,22,0,7,0.887,0,0.63,15,4.13,739.4,,16:10,16.5,660
9101,S5_pump_failure,C_ai_rolling_buffered,True,0,logs/S5_pump_failure_9101_C_ai_rolling_buffered.json,744e1a762fec5bc7e3ffddba298f021d2a9fb78a34d7164470920561d801078a,62,62,0,302.0,0.0,2145.3,4175,376,6.1,333,28,0,13,0.79,0,0.632,15,4.13,741.2,,16:09,2189.1,709
9101,S6_high_demand,A_static_planned,True,0,logs/S6_high_demand_9101_A_static_planned.json,e6f98bf541a3b522d2dd075cc78cc6121156728f549def71e5abdee996802a16,96,96,0,479.5,0.0,3365.4,6773,167,1.7,3591,72,12,77,0.198,8773,1.012,15,6.4,1145.5,,19:35,1.6,3758
9101,S6_high_demand,B_dynamic,True,0,logs/S6_high_demand_9101_B_dynamic.json,997ac250fa1bb1fc342a6c377e61c615a351e283b56de15e5d23174e341ab589,96,94,2,469.5,10.0,3304.8,6644,79,0.8,4310,305,28,75,0.219,0,0.991,15,6.27,1121.6,,19:35,47.3,6389
9101,S6_high_demand,C_ai_rolling,True,0,logs/S6_high_demand_9101_C_ai_rolling.json,0bae4bbdaebed1fb9ead185896a3259c16e46ee58a3ca95cbe1ec4730ccf6b60,96,93,3,464.5,15.0,3289.2,6616,32,0.3,4241,203,28,78,0.188,0,0.984,15,6.2,1113.4,,19:53,3073.4,7273
9101,S6_high_demand,B_dynamic_buffered,True,0,logs/S6_high_demand_9101_B_dynamic_buffered.json,b32514847106f6dff4b97b2b6aa99d69a3e0baec2957d5d967484774df52dbf0,96,95,1,474.5,5.0,3335.1,6597,103,1.1,4110,138,16,69,0.281,0,0.991,15,6.33,1134.8,,19:37,43.1,5213
9101,S6_high_demand,C_ai_rolling_buffered,True,0,logs/S6_high_demand_9101_C_ai_rolling_buffered.json,675b740a380d1ccbcd8440d9dec1c77551332d3b6823a8c1ce8c5fc82b2c3dbd,96,95,1,474.5,5.0,3335.1,6689,85,0.9,4010,289,19,73,0.24,0,1.0,15,6.33,1129.7,,19:41,2776.5,5095
9101,S7_mixed_disruption,A_static_planned,True,0,logs/S7_mixed_disruption_9101_A_static_planned.json,ac2a9bd8d6f15308be78d95c2e122f473cb335f5b747b46eefc093258ec12a27,62,62,0,302.0,0.0,2145.3,4784,461,7.4,783,41,2,28,0.548,1711,0.695,15,4.13,751.2,,16:32,3.3,1244
9101,S7_mixed_disruption,B_dynamic,True,0,logs/S7_mixed_disruption_9101_B_dynamic.json,5daf16899a5a9deb80e24f18f49e28f7008d99ac6cd4bea4aa8abf6129f73328,62,62,0,302.0,0.0,2145.3,4811,263,4.2,1053,86,11,28,0.548,0,0.697,15,4.13,740.7,,17:18,18.7,1316
9101,S7_mixed_disruption,C_ai_rolling,True,0,logs/S7_mixed_disruption_9101_C_ai_rolling.json,f2b1d60aff61042b10329c2565a10ccf27b9993a85bae3d8c98ac6d6f95d814d,62,62,0,302.0,0.0,2145.3,4847,147,2.4,1050,57,7,33,0.468,0,0.701,15,4.13,733.2,,17:18,2447.4,1197
9101,S7_mixed_disruption,B_dynamic_buffered,True,0,logs/S7_mixed_disruption_9101_B_dynamic_buffered.json,89314929860c073e26c3408582d25c285a08f5c7a0a3ed3ab652658162f71367,62,62,0,302.0,0.0,2145.3,4770,358,5.8,650,42,3,18,0.71,0,0.693,15,4.13,741.1,,16:38,18.2,1008
9101,S7_mixed_disruption,C_ai_rolling_buffered,True,0,logs/S7_mixed_disruption_9101_C_ai_rolling_buffered.json,7e483e71652bb39de7b58bcd84e9557a5e51c81522e8c4debfe36267b581edf7,62,62,0,302.0,0.0,2145.3,4812,222,3.6,760,33,2,30,0.516,0,0.697,15,4.13,737.7,,17:07,2736.0,982
9101,S8_ai_prediction_error,A_static_planned,True,0,logs/S8_ai_prediction_error_9101_A_static_planned.json,211d31f4cf76905b1f2bbdb33605e838871b9f2b0568e576b96dd1144af6d0ca,62,62,0,302.0,0.0,2145.3,4139,440,7.1,331,28,0,6,0.903,420,0.629,15,4.13,745.6,,16:10,1.0,771
9101,S8_ai_prediction_error,B_dynamic,True,0,logs/S8_ai_prediction_error_9101_B_dynamic.json,f56b54143d7c6522a1fcf5c40491e715c7ff0f13b53d2b94967a8364b3abc101,62,62,0,302.0,0.0,2145.3,4155,137,2.2,542,33,3,9,0.855,0,0.63,15,4.13,732.9,,16:29,19.4,679
9101,S8_ai_prediction_error,C_ai_rolling,True,0,logs/S8_ai_prediction_error_9101_C_ai_rolling.json,6231aef7ec30daa898e7715aa4883b07e2dbcd2416e61c2dc8fb781d9f10e6b1,62,62,0,302.0,0.0,2145.3,4135,81,1.3,561,33,2,10,0.839,0,0.628,15,4.13,728.2,,16:29,1897.7,642
9101,S8_ai_prediction_error,B_dynamic_buffered,True,0,logs/S8_ai_prediction_error_9101_B_dynamic_buffered.json,95a6575d3db325b1c9c73022b4ff0dba28bacb4a413d09a9faf5807ab2ba5772,62,62,0,302.0,0.0,2145.3,4143,254,4.1,398,38,1,9,0.855,0,0.629,15,4.13,738.6,,16:10,26.7,652
9101,S8_ai_prediction_error,C_ai_rolling_buffered,True,0,logs/S8_ai_prediction_error_9101_C_ai_rolling_buffered.json,fd98948cd53b98985954d6063b7a32016e97607d1c29ead6a8b69d6b268595f0,62,62,0,302.0,0.0,2145.3,4130,307,5.0,292,38,2,7,0.887,0,0.628,15,4.13,740.5,,16:09,1806.3,599
9102,S0_normal,A_static_planned,True,0,logs/S0_normal_9102_A_static_planned.json,51232ee9f4b5cc9e04f4fc125c0eeef5e109a4d7edf397493134d8dbaa92f26a,73,73,0,347.5,0.0,2474.2,4868,305,4.2,908,51,10,22,0.699,1610,0.738,15,4.87,850.7,,19:12,5.5,1213
9102,S0_normal,B_dynamic,True,0,logs/S0_normal_9102_B_dynamic.json,3a1c912f602e7d6a622f378b7835fae5dcaa96cef8ebef508ef601f7efde223d,73,73,0,347.5,0.0,2474.2,4935,209,2.9,1063,90,11,23,0.685,0,0.745,15,4.87,846.3,,19:35,25.4,1272
9102,S0_normal,C_ai_rolling,True,0,logs/S0_normal_9102_C_ai_rolling.json,1fad8dc49cdf2893380c2e95aa08901be48fef3b0fcc58a7f9a39f49840430fe,73,73,0,347.5,0.0,2474.2,4944,70,1.0,1184,73,12,24,0.671,0,0.746,15,4.87,841.2,,19:51,2301.2,1254
9102,S0_normal,B_dynamic_buffered,True,0,logs/S0_normal_9102_B_dynamic_buffered.json,3e0736b338e9392c0b25add0828b1d202226e892939f89e234b4b43ef81b4af5,73,73,0,347.5,0.0,2474.2,4932,274,3.8,902,66,8,22,0.699,0,0.745,15,4.87,848.0,,19:31,21.5,1176
9102,S0_normal,C_ai_rolling_buffered,True,0,logs/S0_normal_9102_C_ai_rolling_buffered.json,fe16fd249cc9eee344dfeb27ed0c03b7a8530b3ce244ff2f6472caced5a2d773,73,73,0,347.5,0.0,2474.2,4871,298,4.1,882,81,9,22,0.699,0,0.739,15,4.87,851.0,,19:24,2033.9,1180
9102,S1_light_traffic,A_static_planned,True,0,logs/S1_light_traffic_9102_A_static_planned.json,18e81f907d4bf3e065c2e1831029f80d78b9ffc12f12d5bb86f8d293ed751bec,73,73,0,347.5,0.0,2474.2,4293,386,5.3,744,47,7,22,0.699,1443,0.681,15,4.87,857.9,,18:44,1.5,1130
9102,S1_light_traffic,B_dynamic,True,0,logs/S1_light_traffic_9102_B_dynamic.json,a5e26bb1fbbb990bc038e6e0dcdf70eff49036167729dd543cdb2523a7bbc16f,73,73,0,347.5,0.0,2474.2,4303,176,2.4,963,84,11,21,0.712,0,0.682,15,4.87,846.0,,18:56,22.1,1139
9102,S1_light_traffic,C_ai_rolling,True,0,logs/S1_light_traffic_9102_C_ai_rolling.json,836fc54b50ad4c88d38360818b5c9c2bf838da5e34fb57340dfa8bb2d328c0c0,73,73,0,347.5,0.0,2474.2,4311,82,1.1,1092,77,9,25,0.658,0,0.683,15,4.87,834.7,,19:03,2327.8,1174
9102,S1_light_traffic,B_dynamic_buffered,True,0,logs/S1_light_traffic_9102_B_dynamic_buffered.json,5823cc14a49152895e500d82ab021022553cd3d7a49d6a22a41cd3f01b2c5d84,73,73,0,347.5,0.0,2474.2,4312,301,4.1,851,65,7,21,0.712,0,0.683,15,4.87,850.3,,18:45,22.1,1152
9102,S1_light_traffic,C_ai_rolling_buffered,True,0,logs/S1_light_traffic_9102_C_ai_rolling_buffered.json,cb8734ef3197a2812460b253ddbba7df3106f16e05155690f7b5fd346ef551b7,73,73,0,347.5,0.0,2474.2,4300,319,4.4,725,69,5,21,0.712,0,0.682,15,4.87,852.7,,18:53,2009.6,1044
9102,S2_peak_traffic,A_static_planned,True,0,logs/S2_peak_traffic_9102_A_static_planned.json,e898b3108e2131bf21b70c643ddc418e628d5e8771c29841f4353af1296e79db,73,73,0,347.5,0.0,2474.2,6263,208,2.8,1368,89,11,27,0.63,2019,0.878,15,4.87,845.7,,20:11,1.5,1576
9102,S2_peak_traffic,B_dynamic,True,0,logs/S2_peak_traffic_9102_B_dynamic.json,1165f73d2eb26288b806631c7ed4949300218b77bf3f866d83bb0afaa55aca06,73,72,1,342.5,5.0,2428.3,6120,148,2.1,1428,110,12,29,0.603,0,0.86,15,4.8,826.6,,19:56,27.1,2576
9102,S2_peak_traffic,C_ai_rolling,True,0,logs/S2_peak_traffic_9102_C_ai_rolling.json,3c1c98b2e495791dd2df0dc14e61648efbe93263448da6b670a41348230a5bdf,73,73,0,347.5,0.0,2474.2,6200,63,0.9,1555,113,14,30,0.589,0,0.871,15,4.87,839.0,,20:13,2048.6,1618
9102,S2_peak_traffic,B_dynamic_buffered,True,0,logs/S2_peak_traffic_9102_B_dynamic_buffered.json,df89d48276344f5fac32a69fb078399bb8ef586566d4ca8be7a81f97be083ccf,73,72,1,342.25,5.25,2428.3,6197,251,3.5,1264,105,11,28,0.616,0,0.868,15,4.8,834.5,,20:09,21.2,2515
9102,S2_peak_traffic,C_ai_rolling_buffered,True,0,logs/S2_peak_traffic_9102_C_ai_rolling_buffered.json,5bc1b94d17ca5fd77261e9f81fd02dbe2e9ef7699999277fdb08d691e99cc5b6,73,73,0,347.5,0.0,2474.2,6238,294,4.0,1360,103,11,23,0.685,0,0.875,15,4.87,851.1,,20:18,1955.1,1654
9102,S3_site_delay,A_static_planned,True,0,logs/S3_site_delay_9102_A_static_planned.json,a3122079922ee1d49525362887c097aa68db312728cecd1ccafd815be1067f61,73,73,0,347.5,0.0,2474.2,4903,442,6.1,968,51,9,23,0.685,1848,0.742,15,4.87,858.5,,19:15,1.2,1410
9102,S3_site_delay,B_dynamic,True,0,logs/S3_site_delay_9102_B_dynamic.json,d4e0d21cf8278d1acdb1a5aa01af5f37a6d48ad4d4d85e554d8cd8f3e2e9c201,73,73,0,347.5,0.0,2474.2,4924,139,1.9,1117,90,11,26,0.644,0,0.744,15,4.87,845.6,,19:34,29.0,1256
9102,S3_site_delay,C_ai_rolling,True,0,logs/S3_site_delay_9102_C_ai_rolling.json,54bf8ba1fee1e580b15a49cbe98720a591b4711c4369d051aa3ddb4b9ca33b04,73,73,0,347.5,0.0,2474.2,4943,73,1.0,1233,68,12,28,0.616,0,0.746,15,4.87,842.3,,19:34,2290.8,1306
9102,S3_site_delay,B_dynamic_buffered,True,0,logs/S3_site_delay_9102_B_dynamic_buffered.json,84d5e988c2cbb03badc3d8e2a1f0b4e7b7f044b6eb5e69c91d8144c11b767698,73,73,0,347.5,0.0,2474.2,4935,197,2.7,1024,78,9,25,0.658,0,0.745,15,4.87,847.9,,19:29,23.8,1221
9102,S3_site_delay,C_ai_rolling_buffered,True,0,logs/S3_site_delay_9102_C_ai_rolling_buffered.json,49d57c54941ea2e4c640db4f34499b4f8a1b379731126f6ebba2c721d36160e1,73,73,0,347.5,0.0,2474.2,4941,296,4.1,956,78,7,25,0.658,0,0.746,15,4.87,850.6,,19:46,1968.8,1252
9102,S4_multi_site_delay,A_static_planned,True,0,logs/S4_multi_site_delay_9102_A_static_planned.json,65334022659f7a848c20eabdf9cf207709d0a33c71cde02f84202c74adfdef26,73,73,0,347.5,0.0,2474.2,4924,521,7.1,963,83,9,24,0.671,1839,0.744,15,4.87,865.5,,19:14,1.3,1484
9102,S4_multi_site_delay,B_dynamic,True,0,logs/S4_multi_site_delay_9102_B_dynamic.json,83f33d0c4d10fc9c7628c1db28748c64c4c15cfb0d3d3fd7f531380218088c67,73,73,0,347.5,0.0,2474.2,4969,186,2.5,1112,98,11,27,0.63,0,0.748,15,4.87,847.4,,19:36,25.3,1298
9102,S4_multi_site_delay,C_ai_rolling,True,0,logs/S4_multi_site_delay_9102_C_ai_rolling.json,42e1a4296427616ed948e7d6419194c9d92eb90381ec2431b13126d5481b3b2f,73,73,0,347.5,0.0,2474.2,4955,74,1.0,1289,73,12,30,0.589,0,0.747,15,4.87,840.8,,19:41,2204.8,1363
9102,S4_multi_site_delay,B_dynamic_buffered,True,0,logs/S4_multi_site_delay_9102_B_dynamic_buffered.json,d45f4d4444a1c4eddc29e7a4a04cd2b2bcaa1340157993233e026436a3ef03cf,73,73,0,347.5,0.0,2474.2,4958,208,2.8,1044,76,8,24,0.671,0,0.747,15,4.87,845.5,,19:31,22.3,1252
9102,S4_multi_site_delay,C_ai_rolling_buffered,True,0,logs/S4_multi_site_delay_9102_C_ai_rolling_buffered.json,6bfa770b8333f5347bbb19a13c3762b777f5c16ccb7d9b8e77ebe535b4d6e7bd,73,73,0,347.5,0.0,2474.2,4910,294,4.0,1043,93,7,24,0.671,0,0.743,15,4.87,849.0,,19:36,2025.7,1337
9102,S5_pump_failure,A_static_planned,True,0,logs/S5_pump_failure_9102_A_static_planned.json,7013b34c426663ca0623ba7a24dff535c6aa772fd369b98066c6bf4d950d20ab,73,73,0,347.5,0.0,2474.2,4906,356,4.9,946,51,9,22,0.699,1735,0.742,15,4.87,855.0,,19:15,1.4,1302
9102,S5_pump_failure,B_dynamic,True,0,logs/S5_pump_failure_9102_B_dynamic.json,33f2a72c987bf924f05f2bfc876af9cabb70ffb146eee733478c62f9e56fa065,73,73,0,347.5,0.0,2474.2,4936,176,2.4,1102,90,11,26,0.644,0,0.745,15,4.87,845.9,,19:29,28.3,1278
9102,S5_pump_failure,C_ai_rolling,True,0,logs/S5_pump_failure_9102_C_ai_rolling.json,2a9aaeb789a94a41cc35446e93a423fd724241d8b952f143e0accbede0507d12,73,73,0,347.5,0.0,2474.2,4951,66,0.9,1192,73,12,24,0.671,0,0.747,15,4.87,842.8,,19:51,2056.1,1258
9102,S5_pump_failure,B_dynamic_buffered,True,0,logs/S5_pump_failure_9102_B_dynamic_buffered.json,28881174c77574da7ef7ca0fc117aa031e1814f4d6a54890e9aa8b02631b6b49,73,73,0,347.5,0.0,2474.2,4929,207,2.8,936,68,7,23,0.685,0,0.744,15,4.87,848.6,,19:36,35.2,1143
9102,S5_pump_failure,C_ai_rolling_buffered,True,0,logs/S5_pump_failure_9102_C_ai_rolling_buffered.json,a337b8277838c11e102bc35dbcdad67e052e2cb809ebb8d9e8325ac2b5b19055,73,73,0,347.5,0.0,2474.2,4901,264,3.6,959,83,9,22,0.699,0,0.742,15,4.87,849.6,,19:34,2003.6,1223
9102,S6_high_demand,A_static_planned,True,0,logs/S6_high_demand_9102_A_static_planned.json,277fa3aec1d22b9f240b2e3f1db60ddc23b99239eb12b84606d3b4c9210575e9,114,102,12,521.75,62.25,3420.3,6769,265,2.6,2523,99,16,74,0.351,4889,1.032,15,6.8,1173.2,,19:58,1.7,14788
9102,S6_high_demand,B_dynamic,True,0,logs/S6_high_demand_9102_B_dynamic.json,85bf2632ead786284f52ed1e5c0cb0c7b92b5e2769d839e73e989c782d90ce5e,114,98,16,499.25,84.75,3280.6,6572,164,1.7,3163,262,26,76,0.333,0,0.999,15,6.53,1121.4,,19:59,32.4,19327
9102,S6_high_demand,C_ai_rolling,True,0,logs/S6_high_demand_9102_C_ai_rolling.json,1b3fa921c805929ce16c9d08f0b10c7212effff8252f1ca8572c2a9a53c2d513,114,99,15,504.25,79.75,3304.6,6593,95,1.0,2805,277,22,75,0.342,0,1.004,15,6.6,1123.0,,20:00,2655.6,17900
9102,S6_high_demand,B_dynamic_buffered,True,0,logs/S6_high_demand_9102_B_dynamic_buffered.json,c5f9a319467bc624852f84d1391f14f20b3c36d5d81b8baf78d2de79d6342adb,114,101,13,514.25,69.75,3407.8,6821,188,1.9,2346,152,14,68,0.404,0,1.034,15,6.73,1160.5,,19:59,55.1,15534
9102,S6_high_demand,C_ai_rolling_buffered,True,0,logs/S6_high_demand_9102_C_ai_rolling_buffered.json,d2e0e0d91172870da111432ad1979efdb29306c1d3256df21ff55137b239dbed,114,100,14,508.5,75.5,3361.9,6705,223,2.2,2153,174,15,60,0.474,0,1.02,15,6.67,1142.6,,19:51,2502.1,16376
9102,S7_mixed_disruption,A_static_planned,True,0,logs/S7_mixed_disruption_9102_A_static_planned.json,23cc68198f058e93dc5b5301bb2d9ca2a7ffdb3e9bb1437f11e38182ab8e682f,73,69,4,325.5,22.0,2311.4,5630,623,9.0,1829,98,8,43,0.411,3556,0.801,15,4.6,810.5,,20:10,1.7,6452
9102,S7_mixed_disruption,B_dynamic,True,0,logs/S7_mixed_disruption_9102_B_dynamic.json,ccca51a9504ffae80e2c09d08c29c7a0d35ac8b2fc388d3b2919b477a23516d6,73,68,5,321.5,26.0,2245.0,5522,299,4.4,1948,208,19,38,0.479,0,0.789,15,4.53,772.2,,20:14,26.9,7247
9102,S7_mixed_disruption,C_ai_rolling,True,0,logs/S7_mixed_disruption_9102_C_ai_rolling.json,9c0ffd7430d05e528797470ea3483db2c08e5496e2b575a2291e90867f4e6611,73,66,7,310.0,37.5,2195.8,5415,91,1.4,1962,107,15,45,0.384,0,0.77,15,4.4,743.7,,20:17,2444.9,9053
9102,S7_mixed_disruption,B_dynamic_buffered,True,0,logs/S7_mixed_disruption_9102_B_dynamic_buffered.json,df1245e50bad77cab9d5354ed1428b86ca8d0786c5d944002e0846472d5fcd64,73,67,6,316.5,31.0,2231.3,5566,382,5.7,1681,198,13,38,0.479,0,0.789,15,4.47,774.2,,20:00,23.8,8063
9102,S7_mixed_disruption,C_ai_rolling_buffered,True,0,logs/S7_mixed_disruption_9102_C_ai_rolling_buffered.json,05480b973e8c38cb507a1c6cc41ebe00dcf6ff601a09e9a0fc395607e531eb53,73,67,6,317.75,29.75,2275.0,5609,277,4.1,1574,122,10,42,0.425,0,0.793,15,4.47,780.7,,20:12,2322.7,7851
9102,S8_ai_prediction_error,A_static_planned,True,0,logs/S8_ai_prediction_error_9102_A_static_planned.json,d4880c8001cc7ed6249baf29b8b377b0fffe401b8703d189d6eba7e5c685b582,73,73,0,347.5,0.0,2474.2,4860,486,6.7,944,51,9,23,0.685,1580,0.738,15,4.87,857.7,,19:12,1.4,1430
9102,S8_ai_prediction_error,B_dynamic,True,0,logs/S8_ai_prediction_error_9102_B_dynamic.json,9ebeac1d6615243510385a8ede68d1c2a50164d33e1789ff1561530be423ee91,73,73,0,347.5,0.0,2474.2,4960,131,1.8,1128,90,10,25,0.658,0,0.748,15,4.87,844.8,,19:35,22.9,1259
9102,S8_ai_prediction_error,C_ai_rolling,True,0,logs/S8_ai_prediction_error_9102_C_ai_rolling.json,3316f9acfcd9158ece6d3841b49ac6a3166f477dcce200226ae4517584a29d5d,73,73,0,347.5,0.0,2474.2,4939,50,0.7,1227,68,11,24,0.671,0,0.745,15,4.87,833.5,,19:36,2043.2,1277
9102,S8_ai_prediction_error,B_dynamic_buffered,True,0,logs/S8_ai_prediction_error_9102_B_dynamic_buffered.json,29a31e65341482c00b9944d0d7bd97cbb95b2db5149324e81cec83cac7a73eec,73,73,0,347.5,0.0,2474.2,4935,192,2.6,932,66,5,22,0.699,0,0.745,15,4.87,845.9,,19:31,22.6,1124
9102,S8_ai_prediction_error,C_ai_rolling_buffered,True,0,logs/S8_ai_prediction_error_9102_C_ai_rolling_buffered.json,9187213a0ae906463aeb94e4d03ef3ef9323565e30c42c1834427ac57d873ca4,73,73,0,347.5,0.0,2474.2,4915,268,3.7,888,91,4,22,0.699,0,0.743,15,4.87,853.2,,19:24,1873.7,1156
9103,S0_normal,A_static_planned,True,0,logs/S0_normal_9103_A_static_planned.json,703378b49e4605f7e28cdc84bf961d426ef925cf96af61b2a6e0cebd6b4bd3d7,60,60,0,281.0,0.0,2030.8,3887,206,3.4,611,30,0,21,0.65,848,0.599,15,4.0,698.4,,16:32,0.9,817
9103,S0_normal,B_dynamic,True,0,logs/S0_normal_9103_B_dynamic.json,4f3ccce1983610e88086cda14dcb5459d2df5a28d8051fb9709759e756f5338e,60,60,0,281.0,0.0,2030.8,3898,185,3.1,833,93,5,18,0.7,0,0.6,15,4.0,695.5,,17:03,19.3,1018
9103,S0_normal,C_ai_rolling,True,0,logs/S0_normal_9103_C_ai_rolling.json,2decc7ae6902d3422773ee048d9daa2e3c17ba42a8bd0a5eaf35aebc8b75ed65,60,60,0,281.0,0.0,2030.8,3895,45,0.8,796,45,6,22,0.633,0,0.6,15,4.0,688.6,,16:53,2188.0,841
9103,S0_normal,B_dynamic_buffered,True,0,logs/S0_normal_9103_B_dynamic_buffered.json,5c38a66a3a41c32e2b68f05fadd3c62f39ffcdcd0c5c6aa167ad57b33996b742,60,60,0,281.0,0.0,2030.8,3916,284,4.7,589,45,3,16,0.733,0,0.602,15,4.0,701.1,,16:32,19.3,873
9103,S0_normal,C_ai_rolling_buffered,True,0,logs/S0_normal_9103_C_ai_rolling_buffered.json,4beab675a79a8d5e2058166c46f4616489eeb010f71fe103af4defd36eb7ef33,60,60,0,281.0,0.0,2030.8,3904,241,4.0,504,78,2,13,0.783,0,0.601,15,4.0,700.5,,16:32,1987.1,745
9103,S1_light_traffic,A_static_planned,True,0,logs/S1_light_traffic_9103_A_static_planned.json,e7d3af05aa02e773353e5d72815bde36f3e3f77457a2f0b119150d73127a70d7,60,60,0,281.0,0.0,2030.8,3498,312,5.2,482,26,0,17,0.717,704,0.56,15,4.0,703.8,,16:28,0.9,794
9103,S1_light_traffic,B_dynamic,True,0,logs/S1_light_traffic_9103_B_dynamic.json,b9cbaf6c30ace93ca30482f63f1ee5bb7a6ad40a91a0372001aae95f3c631508,60,60,0,281.0,0.0,2030.8,3503,168,2.8,727,38,3,18,0.7,0,0.561,15,4.0,697.0,,16:43,20.2,895
9103,S1_light_traffic,C_ai_rolling,True,0,logs/S1_light_traffic_9103_C_ai_rolling.json,40a845163c75fc09cd75310053274c1e7dd0b36ccf8da09b6e4939d79bf9e161,60,60,0,281.0,0.0,2030.8,3485,56,0.9,689,41,2,19,0.683,0,0.559,15,4.0,688.8,,16:28,2348.5,745
9103,S1_light_traffic,B_dynamic_buffered,True,0,logs/S1_light_traffic_9103_B_dynamic_buffered.json,85d7cd3b6bc38ab5ebbfd10c08f62e85ac49daed123c516477c4e81d2e3d9335,60,60,0,281.0,0.0,2030.8,3510,294,4.9,569,40,4,16,0.733,0,0.561,15,4.0,701.4,,16:28,20.0,863
9103,S1_light_traffic,C_ai_rolling_buffered,True,0,logs/S1_light_traffic_9103_C_ai_rolling_buffered.json,a7d93392eb41746e138e79ca91b3b11b7b2132908847d5a51f781a577b770eb3,60,60,0,281.0,0.0,2030.8,3511,254,4.2,417,42,2,16,0.733,0,0.561,15,4.0,698.3,,16:28,2048.0,671
9103,S2_peak_traffic,A_static_planned,True,0,logs/S2_peak_traffic_9103_A_static_planned.json,e043d8b10a17100036ee89bb976436c50647a48979d209d7e155692d14442b5a,60,60,0,281.0,0.0,2030.8,4703,96,1.6,940,31,1,33,0.45,1129,0.68,15,4.0,694.5,,16:56,3.0,1036
9103,S2_peak_traffic,B_dynamic,True,0,logs/S2_peak_traffic_9103_B_dynamic.json,9e44a109e403094d197ca3156b0365e99c249bddb2e09ae602b7520055d1700a,60,60,0,281.0,0.0,2030.8,4805,145,2.4,1086,51,4,30,0.5,0,0.691,15,4.0,692.5,,17:23,20.8,1231
9103,S2_peak_traffic,C_ai_rolling,True,0,logs/S2_peak_traffic_9103_C_ai_rolling.json,9b7a9f582bde0b4588b972284e8bd65c73218caa8ff11efd53bb6b7d8ab0a83e,60,60,0,281.0,0.0,2030.8,4805,38,0.6,1098,57,5,34,0.433,0,0.691,15,4.0,687.5,,17:18,1980.7,1136
9103,S2_peak_traffic,B_dynamic_buffered,True,0,logs/S2_peak_traffic_9103_B_dynamic_buffered.json,245df103e8a23d5ee72b5abbd46f050920db087a52f6af32b9c59825f55ac4d8,60,60,0,281.0,0.0,2030.8,4868,205,3.4,879,55,3,27,0.55,0,0.697,15,4.0,697.1,,17:03,29.1,1084
9103,S2_peak_traffic,C_ai_rolling_buffered,True,0,logs/S2_peak_traffic_9103_C_ai_rolling_buffered.json,b5137d57abac90f433beea588b37f093e15eef1915bf7c64c863a42e675ab10d,60,60,0,281.0,0.0,2030.8,4844,174,2.9,823,72,2,24,0.6,0,0.695,15,4.0,693.3,,16:42,1994.0,997
9103,S3_site_delay,A_static_planned,True,0,logs/S3_site_delay_9103_A_static_planned.json,40871a3c80324af47990cac2959ac04763afafb9c54ca757d12ee1e96ea4c848,60,60,0,281.0,0.0,2030.8,3874,318,5.3,609,30,0,21,0.65,848,0.598,15,4.0,702.7,,16:32,1.9,927
9103,S3_site_delay,B_dynamic,True,0,logs/S3_site_delay_9103_B_dynamic.json,2cdae6272d8c0bee82958bda077f99d4183eead8fdcdcbd6f0d200ae29451846,60,60,0,281.0,0.0,2030.8,3873,174,2.9,826,93,5,18,0.7,0,0.598,15,4.0,695.0,,17:03,20.2,1000
9103,S3_site_delay,C_ai_rolling,True,0,logs/S3_site_delay_9103_C_ai_rolling.json,ff594fdb89f67ed2f10f16ffe29b4de1856e515672f6bea54f8b1f780da2104b,60,60,0,281.0,0.0,2030.8,3876,82,1.4,794,45,6,21,0.65,0,0.598,15,4.0,691.2,,16:53,2161.6,876
9103,S3_site_delay,B_dynamic_buffered,True,0,logs/S3_site_delay_9103_B_dynamic_buffered.json,36f50844cf30fc39e9d2d619ea09b09013d6a9c12af847e9a681da4d8b58f754,60,60,0,281.0,0.0,2030.8,3893,276,4.6,587,45,3,16,0.733,0,0.6,15,4.0,702.7,,16:32,31.6,863
9103,S3_site_delay,C_ai_rolling_buffered,True,0,logs/S3_site_delay_9103_C_ai_rolling_buffered.json,ad6c7843ee89d737039bcc706d7e09a68777d0d2fe55d76674fe9da32279c13c,60,60,0,281.0,0.0,2030.8,3881,277,4.6,504,78,2,13,0.783,0,0.598,15,4.0,699.9,,16:32,2007.1,781
9103,S4_multi_site_delay,A_static_planned,True,0,logs/S4_multi_site_delay_9103_A_static_planned.json,da713e890f5afcd57f410b5283c298e670b3b3fbda923fafa969f35fd53b8aee,60,60,0,281.0,0.0,2030.8,3868,403,6.7,592,32,1,18,0.7,893,0.597,15,4.0,708.2,,16:32,1.2,995
9103,S4_multi_site_delay,B_dynamic,True,0,logs/S4_multi_site_delay_9103_B_dynamic.json,1609d129399136a39cb15729074790a26f488352e7daa779520137bec49317bf,60,60,0,281.0,0.0,2030.8,3873,185,3.1,819,88,5,19,0.683,0,0.598,15,4.0,697.4,,17:03,27.0,1004
9103,S4_multi_site_delay,C_ai_rolling,True,0,logs/S4_multi_site_delay_9103_C_ai_rolling.json,3be2eb150f455c80f3873d9eb0eef1d7431f422d10b93eb1c8193090bf930b2c,60,60,0,281.0,0.0,2030.8,3862,45,0.8,838,83,3,22,0.633,0,0.597,15,4.0,690.0,,17:03,2178.6,883
9103,S4_multi_site_delay,B_dynamic_buffered,True,0,logs/S4_multi_site_delay_9103_B_dynamic_buffered.json,44bfd8e5ae07e6fa449f95cf31dbb255711c31cdbb32bf5d9344aa57780e582d,60,60,0,281.0,0.0,2030.8,3875,281,4.7,589,45,4,17,0.717,0,0.598,15,4.0,700.2,,16:32,19.7,870
9103,S4_multi_site_delay,C_ai_rolling_buffered,True,0,logs/S4_multi_site_delay_9103_C_ai_rolling_buffered.json,c09fef5c8d6ec5b6a1b7cdf5384889bc557274752e4cd50fb43ee26a4a3badaf,60,60,0,281.0,0.0,2030.8,3853,218,3.6,520,70,2,14,0.767,0,0.596,15,4.0,695.5,,16:32,2466.0,738
9103,S5_pump_failure,A_static_planned,True,0,logs/S5_pump_failure_9103_A_static_planned.json,09310c71f2e0e98ffdee235b4f6705765fc6363c8c96c5ed3e4f144ed4cfef4f,60,60,0,281.0,0.0,2030.8,3889,284,4.7,731,44,3,22,0.633,1067,0.599,15,4.0,697.8,,16:41,0.9,1015
9103,S5_pump_failure,B_dynamic,True,0,logs/S5_pump_failure_9103_B_dynamic.json,ccc3e3399fc67642f54bba44c0d66dca3f1684e4d74962dad67b693a770ca6cd,60,60,0,281.0,0.0,2030.8,3919,186,3.1,940,59,4,24,0.6,0,0.602,15,4.0,696.2,,17:08,19.3,1126
9103,S5_pump_failure,C_ai_rolling,True,0,logs/S5_pump_failure_9103_C_ai_rolling.json,f728e2ebefc9082712a88247f24bfe0eade84b16a5993f1f91f71ab71d83c523,60,60,0,281.0,0.0,2030.8,3903,44,0.7,941,49,6,25,0.583,0,0.601,15,4.0,686.2,,17:03,2520.1,985
9103,S5_pump_failure,B_dynamic_buffered,True,0,logs/S5_pump_failure_9103_B_dynamic_buffered.json,285b8f3f40861ff04592b6d0d95b3c100186acca4bcdfa7848c93d8213bfcb6d,60,60,0,281.0,0.0,2030.8,3919,278,4.6,711,70,4,18,0.7,0,0.602,15,4.0,701.6,,16:48,26.0,989
9103,S5_pump_failure,C_ai_rolling_buffered,True,0,logs/S5_pump_failure_9103_C_ai_rolling_buffered.json,ec5d983e9d58d97b6d0c116a392801b040d232872e70bd0060f3101de2a4b4c1,60,60,0,281.0,0.0,2030.8,3918,249,4.2,618,37,2,18,0.7,0,0.602,15,4.0,697.2,,16:32,2099.4,867
9103,S6_high_demand,A_static_planned,True,0,logs/S6_high_demand_9103_A_static_planned.json,47d17e24ddcb1851a3b4873bf4cd11f33ab64c651681285e0bfb812d15333c63,93,93,0,455.5,0.0,3114.4,6294,131,1.4,2861,60,7,72,0.226,6186,0.955,15,6.2,1057.5,,19:08,7.3,2992
9103,S6_high_demand,B_dynamic,True,0,logs/S6_high_demand_9103_B_dynamic.json,20d625d6b77b8357ceb067159a3f4d47ca3f56438c6d54e62a3e2b362c161a70,93,92,1,450.5,5.0,3083.5,6181,72,0.8,3308,102,17,68,0.269,0,0.94,15,6.13,1045.5,,19:40,50.3,4380
9103,S6_high_demand,C_ai_rolling,True,0,logs/S6_high_demand_9103_C_ai_rolling.json,1c6d3bcd6b7b094b11520f1bc9ce975c32794659e69caa8f4fe1553388442419,93,91,2,445.25,10.25,3052.6,6175,29,0.3,3243,85,17,75,0.194,0,0.937,15,6.07,1031.1,,19:29,2864.7,5272
9103,S6_high_demand,B_dynamic_buffered,True,0,logs/S6_high_demand_9103_B_dynamic_buffered.json,fc76fba9e8b6396ec3072a141faf4495962976238d70a52e2363d16875fa07b0,93,93,0,455.5,0.0,3114.4,6295,63,0.7,3038,94,13,66,0.29,0,0.955,15,6.2,1053.8,,19:27,25.9,3101
9103,S6_high_demand,C_ai_rolling_buffered,True,0,logs/S6_high_demand_9103_C_ai_rolling_buffered.json,be4e07de5b0b9bb039150974afb8dea8b1de7edc364562b5635c69e8f6b4d536,93,93,0,455.5,0.0,3114.4,6310,64,0.7,2795,80,11,68,0.269,0,0.956,15,6.2,1053.4,,19:26,2623.7,2859
9103,S7_mixed_disruption,A_static_planned,True,0,logs/S7_mixed_disruption_9103_A_static_planned.json,98a705fbf2fc27f39ef867ace2bcf0b9e7c220eefd17aa1ade526fc9afacc25f,60,60,0,281.0,0.0,2030.8,4632,329,5.5,970,59,6,24,0.6,1780,0.674,15,4.0,705.2,,17:51,1.2,1299
9103,S7_mixed_disruption,B_dynamic,True,0,logs/S7_mixed_disruption_9103_B_dynamic.json,b76cd6995b901ccff8af37dacbf19b999f045c098d1e52713cc59c0f0ae8b64f,60,60,0,281.0,0.0,2030.8,4709,344,5.7,1153,202,6,21,0.65,0,0.682,15,4.0,701.1,,18:18,23.4,1497
9103,S7_mixed_disruption,C_ai_rolling,True,0,logs/S7_mixed_disruption_9103_C_ai_rolling.json,847bf1e002011cddfaa8911a74f85ee5f9630166ccc5fad858d2c62c5ac78660,60,60,0,281.0,0.0,2030.8,4696,46,0.8,1313,62,6,31,0.483,0,0.68,15,4.0,690.4,,18:18,2693.9,1359
9103,S7_mixed_disruption,B_dynamic_buffered,True,0,logs/S7_mixed_disruption_9103_B_dynamic_buffered.json,9628495838dcb529e51f27716c5d7f45e4331aae6b9eb949bf4d4a6397115a34,60,60,0,281.0,0.0,2030.8,4710,466,7.8,866,35,3,23,0.617,0,0.682,15,4.0,710.7,,17:31,21.5,1332
9103,S7_mixed_disruption,C_ai_rolling_buffered,True,0,logs/S7_mixed_disruption_9103_C_ai_rolling_buffered.json,ec06bc65b6023f166956879bb7a401e3a69c3a269d837f000c468209f64014e5,60,60,0,281.0,0.0,2030.8,4740,203,3.4,872,57,4,23,0.617,0,0.685,15,4.0,700.1,,17:32,2586.8,1075
9103,S8_ai_prediction_error,A_static_planned,True,0,logs/S8_ai_prediction_error_9103_A_static_planned.json,90ffce215885b91bb003f42eb379beca21d69e337e7818ecc1e7dd5c1bb2a085,60,60,0,281.0,0.0,2030.8,3861,610,10.2,871,44,3,24,0.6,1200,0.596,15,4.0,713.3,,16:41,5.8,1481
9103,S8_ai_prediction_error,B_dynamic,True,0,logs/S8_ai_prediction_error_9103_B_dynamic.json,823a2f6ce0de87d6a6fa99bc16a775386f4a4fb1a399c7b942aac312517dca87,60,60,0,281.0,0.0,2030.8,3882,143,2.4,1078,93,5,22,0.633,0,0.599,15,4.0,692.3,,17:08,33.5,1221
9103,S8_ai_prediction_error,C_ai_rolling,True,0,logs/S8_ai_prediction_error_9103_C_ai_rolling.json,785da447842efd2a3963ed2d657129e25daaf3199f3f318db82c7968a772a26d,60,60,0,281.0,0.0,2030.8,3881,33,0.6,1119,103,5,26,0.567,0,0.598,15,4.0,688.6,,17:08,2153.4,1152
9103,S8_ai_prediction_error,B_dynamic_buffered,True,0,logs/S8_ai_prediction_error_9103_B_dynamic_buffered.json,ee8a7ea68dd3f517c2a4408cd964604926298d48603b1bc0c946b1af5c66235c,60,60,0,281.0,0.0,2030.8,3874,240,4.0,981,174,3,22,0.633,0,0.598,15,4.0,697.2,,16:35,22.1,1221
9103,S8_ai_prediction_error,C_ai_rolling_buffered,True,0,logs/S8_ai_prediction_error_9103_C_ai_rolling_buffered.json,a63bb0ad3a9b30da15cc70244e9e4c1badc5884606250b0f458236f141f7bb53,60,60,0,281.0,0.0,2030.8,3871,172,2.9,833,103,4,20,0.667,0,0.597,15,4.0,695.6,,16:32,2070.4,1005
9104,S0_normal,A_static_planned,True,0,logs/S0_normal_9104_A_static_planned.json,79342f134590a64073a1fec5f3acd2411050280028745be5c2f408399eba4fe5,52,52,0,250.0,0.0,1847.1,3524,513,9.9,266,33,1,6,0.885,306,0.532,15,3.47,648.2,,16:11,3.5,779
9104,S0_normal,B_dynamic,True,0,logs/S0_normal_9104_B_dynamic.json,0ae20d8a88e9c229baea08b029b3a795703cfd0c3e56d189d1f6908a01af6520,52,52,0,250.0,0.0,1847.1,3533,420,8.1,356,27,0,5,0.904,0,0.533,15,3.47,647.7,,16:13,17.7,776
9104,S0_normal,C_ai_rolling,True,0,logs/S0_normal_9104_C_ai_rolling.json,ca7b04822c0065a0137194f57818357bfc50db24d5e80e74d8100edc31293827,52,52,0,250.0,0.0,1847.1,3527,169,3.2,418,32,1,7,0.865,0,0.532,15,3.47,634.9,,16:17,2107.1,587
9104,S0_normal,B_dynamic_buffered,True,0,logs/S0_normal_9104_B_dynamic_buffered.json,a2303f871eb767a2edaae84935b0f56b4e99e45b2151ecbca319475fbbec918c,52,52,0,250.0,0.0,1847.1,3521,460,8.8,261,22,0,4,0.923,0,0.532,15,3.47,646.4,,16:13,16.8,721
9104,S0_normal,C_ai_rolling_buffered,True,0,logs/S0_normal_9104_C_ai_rolling_buffered.json,08566cdf8ce1d43af5dcc54c4f4a9a2d00863d7f5c64136c3dc3e7a196a4f822,52,52,0,250.0,0.0,1847.1,3520,337,6.5,241,33,1,2,0.962,0,0.532,15,3.47,641.6,,16:13,2137.8,578
9104,S1_light_traffic,A_static_planned,True,0,logs/S1_light_traffic_9104_A_static_planned.json,4cb97c560be386bafbc6214cbc7baf1fb5b7c557424152aa774cf105e76a5c61,52,52,0,250.0,0.0,1847.1,3138,641,12.3,175,30,0,0,1.0,241,0.494,15,3.47,652.4,,16:01,0.9,816
9104,S1_light_traffic,B_dynamic,True,0,logs/S1_light_traffic_9104_B_dynamic.json,2e11c15e6f6b6717b23325a3c99d1eb5a857c40b0b09b1bc2488bfe6dab4a6a2,52,52,0,250.0,0.0,1847.1,3143,418,8.0,312,28,0,5,0.904,0,0.494,15,3.47,643.0,,16:06,29.4,730
9104,S1_light_traffic,C_ai_rolling,True,0,logs/S1_light_traffic_9104_C_ai_rolling.json,42906218d1d5838d605fbab0630bd71562dc5805cee8302aee24ad760b603896,52,52,0,250.0,0.0,1847.1,3155,169,3.2,420,35,1,8,0.846,0,0.495,15,3.47,634.2,,16:17,2052.0,589
9104,S1_light_traffic,B_dynamic_buffered,True,0,logs/S1_light_traffic_9104_B_dynamic_buffered.json,d8be0fd33d474f0aeb80ae88f2fe854f0e25ddbe023b8add1965fd8075752db5,52,52,0,250.0,0.0,1847.1,3137,465,8.9,180,21,0,3,0.942,0,0.493,15,3.47,645.8,,15:59,17.8,645
9104,S1_light_traffic,C_ai_rolling_buffered,True,0,logs/S1_light_traffic_9104_C_ai_rolling_buffered.json,73125aa7c1719d74af797ae83f5fb34d2e638277626f8a985397baeb26ce876e,52,52,0,250.0,0.0,1847.1,3131,311,6.0,184,30,0,2,0.962,0,0.493,15,3.47,639.6,,15:59,1992.7,495
9104,S2_peak_traffic,A_static_planned,True,0,logs/S2_peak_traffic_9104_A_static_planned.json,b380ca58d217211776651115e2dd8152e1b0a0eee729011ee19a1d584bd654e8,52,52,0,250.0,0.0,1847.1,4308,408,7.8,563,51,3,14,0.731,418,0.61,15,3.47,642.6,,16:35,1.3,971
9104,S2_peak_traffic,B_dynamic,True,0,logs/S2_peak_traffic_9104_B_dynamic.json,36d5add78f3f709070caaae674be5d6a9abc5ff52c85ef849af47957da59111b,52,52,0,250.0,0.0,1847.1,4303,363,7.0,670,52,6,14,0.731,0,0.61,15,3.47,642.4,,16:32,20.3,1033
9104,S2_peak_traffic,C_ai_rolling,True,0,logs/S2_peak_traffic_9104_C_ai_rolling.json,549241275ed69eac8dbb0a328c29c2db58fab29a13c1e8fd42a0d2443051ce87,52,52,0,250.0,0.0,1847.1,4287,188,3.6,665,50,5,15,0.712,0,0.608,15,3.47,632.1,,16:32,1964.2,853
9104,S2_peak_traffic,B_dynamic_buffered,True,0,logs/S2_peak_traffic_9104_B_dynamic_buffered.json,df25555175782699289259dfb140608615fb4bc2038450311c81275a71908d0b,52,52,0,250.0,0.0,1847.1,4309,401,7.7,529,59,4,10,0.808,0,0.61,15,3.47,644.6,,16:42,17.8,930
9104,S2_peak_traffic,C_ai_rolling_buffered,True,0,logs/S2_peak_traffic_9104_C_ai_rolling_buffered.json,ee372cc5327ca5bd30512c438855e5b0224ed1763f50ada911ad368092e2bf68,52,52,0,250.0,0.0,1847.1,4309,298,5.7,422,54,3,8,0.846,0,0.61,15,3.47,639.1,,16:42,1758.9,720
9104,S3_site_delay,A_static_planned,True,0,logs/S3_site_delay_9104_A_static_planned.json,2622468dfa38313165c842752ac124d6e42b80935568a35430dda4011f363bde,52,52,0,250.0,0.0,1847.1,3514,561,10.8,266,33,1,6,0.885,306,0.531,15,3.47,651.2,,16:11,0.8,827
9104,S3_site_delay,B_dynamic,True,0,logs/S3_site_delay_9104_B_dynamic.json,b4478348331955d244d155c3a61c72feb7218e3a2ea2c021b45f787187f6e11b,52,52,0,250.0,0.0,1847.1,3539,420,8.1,359,27,0,5,0.904,0,0.534,15,3.47,650.5,,16:13,19.0,779
9104,S3_site_delay,C_ai_rolling,True,0,logs/S3_site_delay_9104_C_ai_rolling.json,6e5f59d9caccf2ba6e9b405b7f00e896ebca49cbc1f38f0070834a98af15f010,52,52,0,250.0,0.0,1847.1,3533,169,3.2,426,32,1,7,0.865,0,0.533,15,3.47,634.3,,16:17,1927.4,595
9104,S3_site_delay,B_dynamic_buffered,True,0,logs/S3_site_delay_9104_B_dynamic_buffered.json,11bc6c0e742e1f411e27593876c221472c7d8660a2dd3a9611419d43ffac118f,52,52,0,250.0,0.0,1847.1,3527,455,8.8,264,22,0,4,0.923,0,0.532,15,3.47,647.1,,16:13,17.2,719
9104,S3_site_delay,C_ai_rolling_buffered,True,0,logs/S3_site_delay_9104_C_ai_rolling_buffered.json,f48113fa2ce7634a5e75a888f6ac5b2bd7ec3cc2760734c49ee54e22617515be,52,52,0,250.0,0.0,1847.1,3526,334,6.4,251,33,1,2,0.962,0,0.532,15,3.47,638.6,,16:13,2010.9,585
9104,S4_multi_site_delay,A_static_planned,True,0,logs/S4_multi_site_delay_9104_A_static_planned.json,d703df15fda9d6fe4629a4147e3b395bf8fe85ec7809fc8782ff6ecfb1a68d7c,52,52,0,250.0,0.0,1847.1,3517,756,14.5,342,33,1,8,0.846,426,0.531,15,3.47,659.7,,16:15,1.6,1098
9104,S4_multi_site_delay,B_dynamic,True,0,logs/S4_multi_site_delay_9104_B_dynamic.json,48192b9d7e5f342433214e350faf35190d3d9061c4848d64fc5b4a9a2f901f6c,52,52,0,250.0,0.0,1847.1,3499,460,8.8,485,38,3,11,0.788,0,0.53,15,3.47,647.0,,16:17,25.7,945
9104,S4_multi_site_delay,C_ai_rolling,True,0,logs/S4_multi_site_delay_9104_C_ai_rolling.json,5cd9f865a1cbbb119decf8d21ad40ffa2101a97210781ab20006c91cb17b4ad6,52,52,0,250.0,0.0,1847.1,3522,188,3.6,539,43,2,13,0.75,0,0.532,15,3.47,636.3,,16:22,2370.1,727
9104,S4_multi_site_delay,B_dynamic_buffered,True,0,logs/S4_multi_site_delay_9104_B_dynamic_buffered.json,2b0278396d6153832b2a5165b3c2e63781876bd9be43539d465e0d62dbe7f928,52,52,0,250.0,0.0,1847.1,3490,489,9.4,368,32,1,8,0.846,0,0.529,15,3.47,648.9,,16:13,20.4,857
9104,S4_multi_site_delay,C_ai_rolling_buffered,True,0,logs/S4_multi_site_delay_9104_C_ai_rolling_buffered.json,ee90bf0f02e9abdaee698e313eecd3be5a776ac9707f29f87672725401761dae,52,52,0,250.0,0.0,1847.1,3520,392,7.5,290,27,0,6,0.885,0,0.532,15,3.47,644.9,,16:13,2074.6,682
9104,S5_pump_failure,A_static_planned,True,0,logs/S5_pump_failure_9104_A_static_planned.json,5f17f89d10ad41210ab597c8b75558e2c5a995cdec411b5b4fddc8c2eee49388,52,52,0,250.0,0.0,1847.1,3518,691,13.3,351,33,1,11,0.788,417,0.531,15,3.47,655.0,,16:34,2.4,1042
9104,S5_pump_failure,B_dynamic,True,0,logs/S5_pump_failure_9104_B_dynamic.json,f31c1e0fd857c8d1570f13f081ed6f99306982cfdc36b7b609a62c98559a887e,52,52,0,250.0,0.0,1847.1,3533,456,8.8,372,29,0,6,0.885,0,0.533,15,3.47,650.5,,16:32,19.0,828
9104,S5_pump_failure,C_ai_rolling,True,0,logs/S5_pump_failure_9104_C_ai_rolling.json,6194b0e5dc589f4fd302148c3af1f7a4cdaa00859b8527013dfd7bb31824ec07,52,52,0,250.0,0.0,1847.1,3519,221,4.2,449,28,0,10,0.808,0,0.532,15,3.47,637.3,,16:32,2039.9,670
9104,S5_pump_failure,B_dynamic_buffered,True,0,logs/S5_pump_failure_9104_B_dynamic_buffered.json,aa529a9a4626c9609921bb5b2c52801710b5a0f7634d1bc61f79d510bde58041,52,52,0,250.0,0.0,1847.1,3522,505,9.7,253,22,0,3,0.942,0,0.532,15,3.47,649.3,,16:31,16.1,758
9104,S5_pump_failure,C_ai_rolling_buffered,True,0,logs/S5_pump_failure_9104_C_ai_rolling_buffered.json,9f772b021650c381fc839d76b367b747c155af48e036b65d5e76b314dd0ee817,52,52,0,250.0,0.0,1847.1,3522,417,8.0,266,33,1,5,0.904,0,0.532,15,3.47,644.3,,16:31,2124.4,683
9104,S6_high_demand,A_static_planned,True,0,logs/S6_high_demand_9104_A_static_planned.json,4eb6cd9b0196e78c4a074faca2b5a8fa34275f47b0697b404a63aaeb53fbc487,84,84,0,406.5,0.0,2937.0,5704,468,5.6,1744,59,7,50,0.405,3605,0.863,15,5.6,1016.1,,18:25,1.3,2212
9104,S6_high_demand,B_dynamic,True,0,logs/S6_high_demand_9104_B_dynamic.json,c601388bf0ed225d5ab23ab18531dc22385fc5f7e48332ce55c405d94087128a,84,84,0,406.5,0.0,2937.0,5744,250,3.0,2030,80,16,53,0.369,0,0.867,15,5.6,1005.1,,18:31,24.0,2280
9104,S6_high_demand,C_ai_rolling,True,0,logs/S6_high_demand_9104_C_ai_rolling.json,d5bfdeef7d47b1090eed8e58d2b2346f2777d5f1b152c0d25b02588605ff132a,84,84,0,406.5,0.0,2937.0,5711,85,1.0,2060,95,12,53,0.369,0,0.864,15,5.6,997.7,,18:21,2796.2,2145
9104,S6_high_demand,B_dynamic_buffered,True,0,logs/S6_high_demand_9104_B_dynamic_buffered.json,4fce86dcd1152db3ee17f495433c710ff10d4aced8b46cd547823a1bb522ccdb,84,84,0,406.5,0.0,2937.0,5705,274,3.3,1982,71,15,53,0.369,0,0.863,15,5.6,1007.9,,18:23,21.8,2256
9104,S6_high_demand,C_ai_rolling_buffered,True,0,logs/S6_high_demand_9104_C_ai_rolling_buffered.json,a06252da332556e61bbe6e4ae8dc88b28a15b326b78b0148cf4fd242f173ce06,84,84,0,406.5,0.0,2937.0,5734,183,2.2,2034,100,15,48,0.429,0,0.866,15,5.6,1000.9,,18:38,2459.6,2217
9104,S7_mixed_disruption,A_static_planned,True,0,logs/S7_mixed_disruption_9104_A_static_planned.json,74fbef10784b8d87a18d017629aabc8caa21a5f98e0cb17858d22582664583e2,52,52,0,250.0,0.0,1847.1,4235,960,18.5,603,59,1,14,0.731,837,0.604,15,3.47,672.0,,17:30,2.6,1563
9104,S7_mixed_disruption,B_dynamic,True,0,logs/S7_mixed_disruption_9104_B_dynamic.json,c12940f4377d52757b1c567190cc59b1cd18829eca8c34fc287685337d7e9267,52,52,0,250.0,0.0,1847.1,4229,675,13.0,594,83,5,13,0.75,0,0.603,15,3.47,656.8,,17:23,18.8,1269
9104,S7_mixed_disruption,C_ai_rolling,True,0,logs/S7_mixed_disruption_9104_C_ai_rolling.json,f2826e284d19d95c98e79190eb3db9dbb183d09d7fc167f09fa631f5f6e1c9dd,52,52,0,250.0,0.0,1847.1,4186,205,3.9,783,84,4,19,0.635,0,0.599,15,3.47,634.6,,17:33,2382.4,988
9104,S7_mixed_disruption,B_dynamic_buffered,True,0,logs/S7_mixed_disruption_9104_B_dynamic_buffered.json,431a2b0096b94e08be7242cd45759f8dab9896d0823f9da815e88469eb8176b4,52,52,0,250.0,0.0,1847.1,4198,806,15.5,445,116,2,9,0.827,0,0.6,15,3.47,663.2,,17:13,19.1,1251
9104,S7_mixed_disruption,C_ai_rolling_buffered,True,0,logs/S7_mixed_disruption_9104_C_ai_rolling_buffered.json,6da52d6e21e3ac139013143941e6425a872846413de035919c9e6c18921101c9,52,52,0,250.0,0.0,1847.1,4214,326,6.3,459,42,2,14,0.731,0,0.601,15,3.47,640.8,,17:18,2178.0,785
9104,S8_ai_prediction_error,A_static_planned,True,0,logs/S8_ai_prediction_error_9104_A_static_planned.json,696cefda4dabe377ea9cb59b3937d1cb70ebaed27e91da418f3356add57ecbfe,52,52,0,250.0,0.0,1847.1,3525,573,11.0,311,33,1,6,0.885,306,0.532,15,3.47,655.9,,16:11,1.5,884
9104,S8_ai_prediction_error,B_dynamic,True,0,logs/S8_ai_prediction_error_9104_B_dynamic.json,129d060166d67b281bb666414f70d2f95611374cf4efef95651046409bc5fcea,52,52,0,250.0,0.0,1847.1,3513,297,5.7,392,30,0,5,0.904,0,0.531,15,3.47,639.9,,16:13,21.8,689
9104,S8_ai_prediction_error,C_ai_rolling,True,0,logs/S8_ai_prediction_error_9104_C_ai_rolling.json,887138d2f36afb9948b1555dc69a3ff32085852e612ee13f5423cec9b3dcef80,52,52,0,250.0,0.0,1847.1,3504,121,2.3,431,32,1,6,0.885,0,0.53,15,3.47,632.3,,16:17,1844.9,552
9104,S8_ai_prediction_error,B_dynamic_buffered,True,0,logs/S8_ai_prediction_error_9104_B_dynamic_buffered.json,b8720190d1662ae7418f76f3b0a8b402cbe2461e1f79e3bf0e9169f79f4c93da,52,52,0,250.0,0.0,1847.1,3500,340,6.5,287,22,0,6,0.885,0,0.53,15,3.47,639.5,,16:13,22.5,627
9104,S8_ai_prediction_error,C_ai_rolling_buffered,True,0,logs/S8_ai_prediction_error_9104_C_ai_rolling_buffered.json,e1a994bcf83abf12a20af3416ac81514fa4b51da6d6e859ff2837001b06e5156,52,52,0,250.0,0.0,1847.1,3493,230,4.4,249,33,1,2,0.962,0,0.529,15,3.47,637.7,,16:13,1895.0,479
9105,S0_normal,A_static_planned,True,0,logs/S0_normal_9105_A_static_planned.json,4a02559d86d0804233489b2a100716a4e63ac14d237d788413ad841df2ba4b5b,66,66,0,309.5,0.0,2112.9,3958,458,6.9,655,50,4,18,0.727,862,0.627,15,4.4,736.6,,17:08,0.9,1113
9105,S0_normal,B_dynamic,True,0,logs/S0_normal_9105_B_dynamic.json,f6722ab27d08e8d1eaf14c2943adc64ca8f39425550ae141651d77320e748f5a,66,66,0,309.5,0.0,2112.9,3964,313,4.7,892,146,6,20,0.697,0,0.627,15,4.4,729.2,,17:34,21.1,1205
9105,S0_normal,C_ai_rolling,True,0,logs/S0_normal_9105_C_ai_rolling.json,497b7f7357b6ae135a016efe8ff157d46486050b5e634011fa887855aff7c319,66,66,0,309.5,0.0,2112.9,3993,92,1.4,1007,160,5,22,0.667,0,0.63,15,4.4,719.9,,17:34,2204.0,1099
9105,S0_normal,B_dynamic_buffered,True,0,logs/S0_normal_9105_B_dynamic_buffered.json,eb909ee0dc160258eb5ba381313d8c0359f45308453156a90fdbe5ac6b66d978,66,66,0,309.5,0.0,2112.9,3946,491,7.4,681,136,3,17,0.742,0,0.625,15,4.4,737.0,,17:18,21.2,1172
9105,S0_normal,C_ai_rolling_buffered,True,0,logs/S0_normal_9105_C_ai_rolling_buffered.json,c6444ffb233008471f489e3e3085f3c2e627f6a4ca6d05470c728a7032b0cfe4,66,66,0,309.5,0.0,2112.9,3979,327,5.0,640,126,4,16,0.758,0,0.629,15,4.4,728.0,,17:29,1939.5,967
9105,S1_light_traffic,A_static_planned,True,0,logs/S1_light_traffic_9105_A_static_planned.json,ec1f6ebc76a828f99179a591ceba9a76c690226db95e5284df4941f32f7e625c,66,66,0,309.5,0.0,2112.9,3539,575,8.7,556,47,3,16,0.758,774,0.585,15,4.4,740.0,,16:55,3.5,1131
9105,S1_light_traffic,B_dynamic,True,0,logs/S1_light_traffic_9105_B_dynamic.json,8773c16f3b14e717614e9e768b48e5b418e179789c8bdf48bd9a838af5c152e1,66,66,0,309.5,0.0,2112.9,3542,381,5.8,864,151,4,17,0.742,0,0.585,15,4.4,732.7,,17:27,33.6,1245
9105,S1_light_traffic,C_ai_rolling,True,0,logs/S1_light_traffic_9105_C_ai_rolling.json,54acb657bdfeb5d8023258bfead817fd1bbbc4ec05bf011cb37197fe703cca1f,66,66,0,309.5,0.0,2112.9,3557,122,1.8,940,119,6,21,0.682,0,0.587,15,4.4,719.9,,17:15,2406.5,1062
9105,S1_light_traffic,B_dynamic_buffered,True,0,logs/S1_light_traffic_9105_B_dynamic_buffered.json,e0a5dc398dca4ee38580179d2baf51e95dd9718bc843e3d857158965c2904f67,66,66,0,309.5,0.0,2112.9,3531,513,7.8,633,104,2,13,0.803,0,0.584,15,4.4,738.0,,17:03,22.2,1146
9105,S1_light_traffic,C_ai_rolling_buffered,True,0,logs/S1_light_traffic_9105_C_ai_rolling_buffered.json,d19897221bfcaa66ff4f135387cf1b1e8300c849b32f7069b744406c06083e7e,66,66,0,309.5,0.0,2112.9,3541,308,4.7,587,124,3,11,0.833,0,0.585,15,4.4,726.0,,17:15,2071.6,895
9105,S2_peak_traffic,A_static_planned,True,0,logs/S2_peak_traffic_9105_A_static_planned.json,294fdae90606e936e880f9a9afabc5b533b97506d691def083d6cabeb7a7cf6d,66,66,0,309.5,0.0,2112.9,4706,317,4.8,913,48,6,19,0.712,1103,0.701,15,4.4,727.4,,18:02,1.5,1230
9105,S2_peak_traffic,B_dynamic,True,0,logs/S2_peak_traffic_9105_B_dynamic.json,278da1c32eda713ddb889723bd3504b94b541be637ca81926995cba6667154ee,66,66,0,309.5,0.0,2112.9,4713,288,4.4,1043,155,9,21,0.682,0,0.702,15,4.4,727.7,,17:54,21.7,1331
9105,S2_peak_traffic,C_ai_rolling,True,0,logs/S2_peak_traffic_9105_C_ai_rolling.json,c71a0d1817c0e69d564dad0535ba7948d6fa6d4d19df31de0ff82126deaccbc4,66,66,0,309.5,0.0,2112.9,4756,82,1.2,1202,175,8,26,0.606,0,0.706,15,4.4,718.5,,17:54,2174.2,1284
9105,S2_peak_traffic,B_dynamic_buffered,True,0,logs/S2_peak_traffic_9105_B_dynamic_buffered.json,6970144e854b2be449506a33d9ae04d9ac1df3b9eff2a0ae801d631cd2e02878,66,66,0,309.5,0.0,2112.9,4708,410,6.2,811,137,3,16,0.758,0,0.701,15,4.4,732.4,,17:31,32.0,1221
9105,S2_peak_traffic,C_ai_rolling_buffered,True,0,logs/S2_peak_traffic_9105_C_ai_rolling_buffered.json,35168f0c36d18b158fecd5eb5fba24b06209a33856d2cbbb46607dae62fe4b82,66,66,0,309.5,0.0,2112.9,4739,273,4.1,861,135,4,17,0.742,0,0.705,15,4.4,728.1,,18:08,2030.1,1134
9105,S3_site_delay,A_static_planned,True,0,logs/S3_site_delay_9105_A_static_planned.json,20e31ac5b92a0de1949dda83b43ef6a58735d75b3d587e66535c38929e403984,66,66,0,309.5,0.0,2112.9,3958,537,8.1,640,50,4,18,0.727,867,0.627,15,4.4,740.8,,17:08,1.0,1177
9105,S3_site_delay,B_dynamic,True,0,logs/S3_site_delay_9105_B_dynamic.json,3707e3c29ef3746bba557dc8ea3978093f164ca290cf9acf8d863f57c7c664da,66,66,0,309.5,0.0,2112.9,3960,296,4.5,912,146,6,19,0.712,0,0.627,15,4.4,729.0,,17:34,28.8,1208
9105,S3_site_delay,C_ai_rolling,True,0,logs/S3_site_delay_9105_C_ai_rolling.json,38b0e5a6895c05ecadcf6b89e6fe0eb114fb6ea9c0191876d5510e68b970b5c8,66,66,0,309.5,0.0,2112.9,3980,77,1.2,1045,160,5,24,0.636,0,0.629,15,4.4,717.7,,17:34,2126.3,1122
9105,S3_site_delay,B_dynamic_buffered,True,0,logs/S3_site_delay_9105_B_dynamic_buffered.json,64938f749d612af0be2f0aa99676f36a2203a8542d8820923035cce1402a76bf,66,66,0,309.5,0.0,2112.9,3942,485,7.3,690,136,3,16,0.758,0,0.625,15,4.4,738.6,,17:18,25.8,1175
9105,S3_site_delay,C_ai_rolling_buffered,True,0,logs/S3_site_delay_9105_C_ai_rolling_buffered.json,7b7f5ec52c449a1404561f077e586bb35f8d59abd20d40a56bca1b090f4267f5,66,66,0,309.5,0.0,2112.9,3974,289,4.4,690,126,4,18,0.727,0,0.628,15,4.4,727.3,,17:29,2041.9,979
9105,S4_multi_site_delay,A_static_planned,True,0,logs/S4_multi_site_delay_9105_A_static_planned.json,0256d739c6a59a870788760ae79da528bada52ae12d5aa5a7752cd30b3ec548d,66,66,0,309.5,0.0,2112.9,3979,625,9.5,654,53,5,17,0.742,1059,0.629,15,4.4,746.3,,17:19,0.9,1279
9105,S4_multi_site_delay,B_dynamic,True,0,logs/S4_multi_site_delay_9105_B_dynamic.json,b51f7185b1512219b3217a9b7e12399868cfe55ff128856dc41692bba82e58d0,66,66,0,309.5,0.0,2112.9,3982,339,5.1,1005,151,10,20,0.697,0,0.629,15,4.4,731.5,,17:39,19.9,1344
9105,S4_multi_site_delay,C_ai_rolling,True,0,logs/S4_multi_site_delay_9105_C_ai_rolling.json,ba4b33f7b73422bd22c1e629c62a63390dc5e432421bea9bdfd8e39fd4b3afd8,66,66,0,309.5,0.0,2112.9,4003,84,1.3,1099,144,8,22,0.667,0,0.631,15,4.4,718.2,,17:49,2164.4,1183
9105,S4_multi_site_delay,B_dynamic_buffered,True,0,logs/S4_multi_site_delay_9105_B_dynamic_buffered.json,a4c868c9f4d2e79350f159457251a150740ea83be96776229936fdf3e57256f1,66,66,0,309.5,0.0,2112.9,3957,444,6.7,853,144,5,17,0.742,0,0.627,15,4.4,735.7,,17:39,21.5,1297
9105,S4_multi_site_delay,C_ai_rolling_buffered,True,0,logs/S4_multi_site_delay_9105_C_ai_rolling_buffered.json,42f1295b3e6441c9f6900b1e75f37d40d321ce743a58ba52976f714dc9a6b337,66,66,0,309.5,0.0,2112.9,3961,301,4.6,780,139,4,18,0.727,0,0.627,15,4.4,729.3,,17:45,2082.9,1081
9105,S5_pump_failure,A_static_planned,True,0,logs/S5_pump_failure_9105_A_static_planned.json,8ec9b2f23bcbd4edbc29ef39e354b1382c64ec682de52544876ef0fc48512cad,66,66,0,309.5,0.0,2112.9,3962,513,7.8,577,50,4,15,0.773,862,0.627,15,4.4,739.6,,17:09,1.2,1090
9105,S5_pump_failure,B_dynamic,True,0,logs/S5_pump_failure_9105_B_dynamic.json,d3e70b919c6f74110680ef802c146237d110766dbe811c7836f796a18f7200fa,66,66,0,309.5,0.0,2112.9,3981,313,4.7,773,101,4,20,0.697,0,0.629,15,4.4,728.8,,18:00,19.3,1086
9105,S5_pump_failure,C_ai_rolling,True,0,logs/S5_pump_failure_9105_C_ai_rolling.json,9a4cca8f40c5159946878bd65052587f31d77c60c25758fc7ff648b61e790324,66,66,0,309.5,0.0,2112.9,4002,92,1.4,870,115,4,21,0.682,0,0.631,15,4.4,719.1,,17:45,2407.5,962
9105,S5_pump_failure,B_dynamic_buffered,True,0,logs/S5_pump_failure_9105_B_dynamic_buffered.json,b10692d5012ba83d79232579a685f7e0561d128a08547ca76b6496be6f79198f,66,66,0,309.5,0.0,2112.9,3953,489,7.4,570,96,2,15,0.773,0,0.626,15,4.4,736.2,,17:34,24.5,1059
9105,S5_pump_failure,C_ai_rolling_buffered,True,0,logs/S5_pump_failure_9105_C_ai_rolling_buffered.json,bf37ea54c5d13f43b912fe15547bb910a07e60a273b9339da73cb9a22afac0d9,66,66,0,309.5,0.0,2112.9,3980,330,5.0,506,96,3,11,0.833,0,0.629,15,4.4,729.1,,17:29,2111.7,836
9105,S6_high_demand,A_static_planned,True,0,logs/S6_high_demand_9105_A_static_planned.json,a9473f8bc667d28b216b655537d0e2e0b97c9dcc73e9c6c9e522ea82924e2212,96,96,0,496.0,0.0,3067.9,5997,299,3.1,2258,58,18,53,0.448,4667,0.935,15,6.4,1050.2,,19:24,5.4,2557
9105,S6_high_demand,B_dynamic,True,0,logs/S6_high_demand_9105_B_dynamic.json,9f50cf193cfcdacfffa3c6b91ad101959e2907ffb9f8da5835317a881616a49c,96,93,3,479.5,16.5,3012.8,5940,224,2.4,2963,269,18,58,0.396,0,0.918,15,6.2,1030.5,,19:24,28.0,6187
9105,S6_high_demand,C_ai_rolling,True,0,logs/S6_high_demand_9105_C_ai_rolling.json,c4671fb9340f0f28d1159b64ee21def8d74f5b5f0ddaebe287669f3d22d26d8a,96,92,4,474.5,21.5,2988.8,5913,37,0.4,3214,284,22,65,0.323,0,0.912,15,6.13,1012.4,,19:29,2965.6,7251
9105,S6_high_demand,B_dynamic_buffered,True,0,logs/S6_high_demand_9105_B_dynamic_buffered.json,e4c682ec29ecd4ece7843ee13c0cffdbb4920d4a39b05b6d765f8e7fea56916a,96,95,1,490.5,5.5,3052.3,5942,219,2.3,2435,157,8,51,0.469,0,0.926,15,6.33,1042.4,,19:23,35.6,3654
9105,S6_high_demand,C_ai_rolling_buffered,True,0,logs/S6_high_demand_9105_C_ai_rolling_buffered.json,eeb50be1f3a0912a7c2a0e1f44bf143a243752919e59f076f6950a58f78a783c,96,95,1,490.5,5.5,3052.3,6013,183,1.9,2728,289,8,53,0.448,0,0.933,15,6.33,1040.9,,19:23,2719.3,3911
9105,S7_mixed_disruption,A_static_planned,True,0,logs/S7_mixed_disruption_9105_A_static_planned.json,9e8533605426c56f9ee2216d79bda40a9124a4593de87ee0d9c186b3d5bbe0aa,66,66,0,309.5,0.0,2112.9,4772,597,9.0,816,52,10,20,0.697,1638,0.709,15,4.4,746.1,,18:25,1.0,1413
9105,S7_mixed_disruption,B_dynamic,True,0,logs/S7_mixed_disruption_9105_B_dynamic.json,7b14d56a31c579b01a05abd519b55d6d20eb423dbfba18ac53ba6ec854cde4eb,66,66,0,309.5,0.0,2112.9,4745,561,8.5,950,53,5,20,0.697,0,0.706,15,4.4,741.9,,18:35,21.6,1511
9105,S7_mixed_disruption,C_ai_rolling,True,0,logs/S7_mixed_disruption_9105_C_ai_rolling.json,3c51b3e8576e96c17c91e93cb90c29f33a78629a8d5b3faec532a6dd1895eb15,66,66,0,309.5,0.0,2112.9,4749,62,0.9,1143,173,4,25,0.621,0,0.707,15,4.4,718.7,,18:36,2603.0,1205
9105,S7_mixed_disruption,B_dynamic_buffered,True,0,logs/S7_mixed_disruption_9105_B_dynamic_buffered.json,6791b8647cfcd5e8304953dceca8f087ed65672afa8064cb8c9e878da9eeddc6,66,66,0,309.5,0.0,2112.9,4689,718,10.9,788,31,1,17,0.742,0,0.701,15,4.4,748.4,,18:31,21.4,1506
9105,S7_mixed_disruption,C_ai_rolling_buffered,True,0,logs/S7_mixed_disruption_9105_C_ai_rolling_buffered.json,c1396cac62f2696a3274e256d2e941d8314e464e83d2519b048158c21217c69e,66,66,0,309.5,0.0,2112.9,4741,257,3.9,861,46,4,22,0.667,0,0.706,15,4.4,729.4,,18:21,2162.0,1118
9105,S8_ai_prediction_error,A_static_planned,True,0,logs/S8_ai_prediction_error_9105_A_static_planned.json,9b690aa18ae170156131dc8c2cfdd8edfdadf5f8b1aed719b0fc1ac5fb8d0dca,66,66,0,309.5,0.0,2112.9,3963,560,8.5,672,50,4,18,0.727,876,0.627,15,4.4,741.2,,17:08,1.0,1232
9105,S8_ai_prediction_error,B_dynamic,True,0,logs/S8_ai_prediction_error_9105_B_dynamic.json,cbd1a7a923db38fa9370392fb477042a376938450d02365b33430b1e21c02e7f,66,66,0,309.5,0.0,2112.9,3987,286,4.3,860,76,9,18,0.727,0,0.63,15,4.4,727.5,,17:29,20.9,1146
9105,S8_ai_prediction_error,C_ai_rolling,True,0,logs/S8_ai_prediction_error_9105_C_ai_rolling.json,c8cc0a3d3e6c005bda2731e7ea5866be5b88226090c4102bebef836f02d36759,66,66,0,309.5,0.0,2112.9,4000,146,2.2,978,64,10,23,0.652,0,0.631,15,4.4,723.7,,17:34,1886.4,1124
9105,S8_ai_prediction_error,B_dynamic_buffered,True,0,logs/S8_ai_prediction_error_9105_B_dynamic_buffered.json,2130e4e0e557fb96d3534dcdf36479d4172958ca59b86a7d187589458f597fb6,66,66,0,309.5,0.0,2112.9,3962,465,7.0,694,101,4,17,0.742,0,0.627,15,4.4,738.4,,17:08,20.6,1159
9105,S8_ai_prediction_error,C_ai_rolling_buffered,True,0,logs/S8_ai_prediction_error_9105_C_ai_rolling_buffered.json,9f59ffbbb54eb433ce0d6fba7061802f8bd94798da7f95868c04c0ecbfc08767,66,66,0,309.5,0.0,2112.9,3979,425,6.4,606,86,4,12,0.818,0,0.629,15,4.4,734.1,,17:44,1913.4,1031
9106,S0_normal,A_static_planned,True,0,logs/S0_normal_9106_A_static_planned.json,0c35da78112cf9dc2937e9bdb04d199aa11d42d31f6037b52ab1939ff511ec86,62,62,0,284.5,0.0,1974.0,3754,433,7.0,354,38,1,10,0.839,425,0.599,15,4.13,687.2,,16:40,0.9,787
9106,S0_normal,B_dynamic,True,0,logs/S0_normal_9106_B_dynamic.json,dc050c3f210b79af8d10c968fab416d28fbf81533dab09231ff8a3d40d977d71,62,62,0,284.5,0.0,1974.0,3784,267,4.3,502,44,2,12,0.806,0,0.602,15,4.13,682.2,,16:51,23.0,769
9106,S0_normal,C_ai_rolling,True,0,logs/S0_normal_9106_C_ai_rolling.json,ddcde198f2b634c9d8d7d9d4e1ad33fe97a809dd921541fbdfb622002d72a24c,62,62,0,284.5,0.0,1974.0,3794,67,1.1,580,50,3,14,0.774,0,0.603,15,4.13,671.5,,16:51,2309.5,647
9106,S0_normal,B_dynamic_buffered,True,0,logs/S0_normal_9106_B_dynamic_buffered.json,4879235eb5d1b4379626ba5af52ad7d3a2da633c30f84aed156f1099eae81b9f,62,62,0,284.5,0.0,1974.0,3777,400,6.5,387,35,2,12,0.806,0,0.601,15,4.13,688.1,,16:40,19.9,787
9106,S0_normal,C_ai_rolling_buffered,True,0,logs/S0_normal_9106_C_ai_rolling_buffered.json,3a46def61b313ebbd43545c8f31b9d7c2ba3c42a6011fd1ff7dfea30909e4df5,62,62,0,284.5,0.0,1974.0,3783,347,5.6,333,40,1,8,0.871,0,0.601,15,4.13,686.6,,16:40,2159.2,680
9106,S1_light_traffic,A_static_planned,True,0,logs/S1_light_traffic_9106_A_static_planned.json,513e907e7e579660f9e1060de4f3292483eb213487be2d72c39e8746ca167c7d,62,62,0,284.5,0.0,1974.0,3380,528,8.5,266,35,1,7,0.887,370,0.561,15,4.13,694.5,,16:35,1.0,794
9106,S1_light_traffic,B_dynamic,True,0,logs/S1_light_traffic_9106_B_dynamic.json,e16b954410a18a495d2a48f53cd2306499e8546a236f1eac06b33bf4236f95fa,62,62,0,284.5,0.0,1974.0,3398,273,4.4,428,34,1,12,0.806,0,0.563,15,4.13,683.8,,16:42,18.5,701
9106,S1_light_traffic,C_ai_rolling,True,0,logs/S1_light_traffic_9106_C_ai_rolling.json,f797e94fc7c6ccf86f643a710444db38597604b7957c7ce22f396ba0682dcfcc,62,62,0,284.5,0.0,1974.0,3416,109,1.8,501,35,1,12,0.806,0,0.565,15,4.13,674.1,,16:42,2170.0,610
9106,S1_light_traffic,B_dynamic_buffered,True,0,logs/S1_light_traffic_9106_B_dynamic_buffered.json,378947fa174715d1f0afb29cab4e8eb69e22ebfc8f46f03c51e6f99150ee3e13,62,62,0,284.5,0.0,1974.0,3389,457,7.4,325,44,1,9,0.855,0,0.562,15,4.13,689.2,,16:35,24.1,782
9106,S1_light_traffic,C_ai_rolling_buffered,True,0,logs/S1_light_traffic_9106_C_ai_rolling_buffered.json,87cc3a71b1c221e6b5b54c68517f2c15281d5b62cf5c9f28e1131e8fdeb91b0b,62,62,0,284.5,0.0,1974.0,3395,359,5.8,275,50,1,4,0.935,0,0.563,15,4.13,684.6,,16:35,2034.7,634
9106,S2_peak_traffic,A_static_planned,True,0,logs/S2_peak_traffic_9106_A_static_planned.json,eca205c5dd791939c153edc372b9efb382d59122bf87bf528be7b539258e8086,62,62,0,284.5,0.0,1974.0,4527,287,4.6,710,49,6,23,0.629,826,0.676,15,4.13,682.3,,17:08,1.6,997
9106,S2_peak_traffic,B_dynamic,True,0,logs/S2_peak_traffic_9106_B_dynamic.json,7b796dd38b3def9e595a320fdee66a206e96b747d4517005b518aaa889baf723,62,62,0,284.5,0.0,1974.0,4609,205,3.3,800,58,7,28,0.548,0,0.684,15,4.13,676.3,,17:11,22.3,1005
9106,S2_peak_traffic,C_ai_rolling,True,0,logs/S2_peak_traffic_9106_C_ai_rolling.json,06d10f8bc6eac423f204db6e96ce7b633774949adb9d09de05a7f6df04f2bbd4,62,62,0,284.5,0.0,1974.0,4597,105,1.7,895,51,7,31,0.5,0,0.683,15,4.13,673.6,,17:16,2168.0,1000
9106,S2_peak_traffic,B_dynamic_buffered,True,0,logs/S2_peak_traffic_9106_B_dynamic_buffered.json,52e88dae20e22c4cafd69405fb90135121d248983901f1d3bccaaa65798d2522,62,62,0,284.5,0.0,1974.0,4583,281,4.5,698,68,3,18,0.71,0,0.681,15,4.13,680.4,,17:11,18.3,979
9106,S2_peak_traffic,C_ai_rolling_buffered,True,0,logs/S2_peak_traffic_9106_C_ai_rolling_buffered.json,d8e087607b308037ab7924a0ed583c9e05c4c555e9cd1ef3e2cea35484892142,62,62,0,284.5,0.0,1974.0,4552,283,4.6,628,59,2,24,0.613,0,0.678,15,4.13,684.2,,16:49,1983.6,911
9106,S3_site_delay,A_static_planned,True,0,logs/S3_site_delay_9106_A_static_planned.json,89a1ccc827ca54e6b719445f29ea1821c05f306fb84460cd0a0fd1ebb5044fc2,62,62,0,284.5,0.0,1974.0,3761,490,7.9,354,38,1,10,0.839,425,0.599,15,4.13,690.3,,16:58,1.8,844
9106,S3_site_delay,B_dynamic,True,0,logs/S3_site_delay_9106_B_dynamic.json,50e5fd7148c7b32089785cdfd7dd5bdcd6007b532d01704c017bbba2d4a63e19,62,62,0,284.5,0.0,1974.0,3791,264,4.3,502,44,2,12,0.806,0,0.602,15,4.13,681.4,,16:58,22.3,766
9106,S3_site_delay,C_ai_rolling,True,0,logs/S3_site_delay_9106_C_ai_rolling.json,a5813be2f7c517b2415d45cafa5cbe7e451e9ae1ae77286e647b899782b71bbc,62,62,0,284.5,0.0,1974.0,3801,66,1.1,587,50,3,14,0.774,0,0.603,15,4.13,671.4,,17:05,2351.0,653
9106,S3_site_delay,B_dynamic_buffered,True,0,logs/S3_site_delay_9106_B_dynamic_buffered.json,9f3792337e0a508aa32aff7dcee408866a2810457c7eb125c0e8d1d2323cb1ef,62,62,0,284.5,0.0,1974.0,3784,397,6.4,387,35,2,12,0.806,0,0.602,15,4.13,688.3,,16:58,19.2,784
9106,S3_site_delay,C_ai_rolling_buffered,True,0,logs/S3_site_delay_9106_C_ai_rolling_buffered.json,d780883decb03f2c4480c304c8b82422f15d534a3cb4cbb34d5a5e916be3d0d8,62,62,0,284.5,0.0,1974.0,3790,351,5.7,335,40,1,8,0.871,0,0.602,15,4.13,686.6,,17:00,2204.9,686
9106,S4_multi_site_delay,A_static_planned,True,0,logs/S4_multi_site_delay_9106_A_static_planned.json,0c9216816ead2d4fb9aefa02abb80f7703afd562cdb2db1a9c69b95abc0fd545,62,62,0,284.5,0.0,1974.0,3755,565,9.1,358,42,1,12,0.806,477,0.599,15,4.13,694.5,,16:40,3.5,923
9106,S4_multi_site_delay,B_dynamic,True,0,logs/S4_multi_site_delay_9106_B_dynamic.json,7ea85f39dd6722d084e49efc9eb8af0576f91336de7f66efbe3a8e0d25cfb3b1,62,62,0,284.5,0.0,1974.0,3787,248,4.0,492,48,2,12,0.806,0,0.602,15,4.13,679.6,,16:46,24.1,740
9106,S4_multi_site_delay,C_ai_rolling,True,0,logs/S4_multi_site_delay_9106_C_ai_rolling.json,7446b9ed4b922fe30d349d9a61a2e6ccc5da5730cf9b872b75f6741704503c03,62,62,0,284.5,0.0,1974.0,3777,59,1.0,623,50,4,15,0.758,0,0.601,15,4.13,672.3,,16:51,2204.4,682
9106,S4_multi_site_delay,B_dynamic_buffered,True,0,logs/S4_multi_site_delay_9106_B_dynamic_buffered.json,054dbca07ee650ef06aac8a18c1b34ba670ab9c2afdf33cfa72423ef9b9a12a7,62,62,0,284.5,0.0,1974.0,3791,370,6.0,376,38,2,10,0.839,0,0.602,15,4.13,686.2,,16:40,16.8,746
9106,S4_multi_site_delay,C_ai_rolling_buffered,True,0,logs/S4_multi_site_delay_9106_C_ai_rolling_buffered.json,b26a761866c604acb62e751f560933c6b41ff40cdb8dc8c882ca10a8c61ecd55,62,62,0,284.5,0.0,1974.0,3785,363,5.9,309,44,1,11,0.823,0,0.602,15,4.13,684.3,,16:40,1980.3,672
9106,S5_pump_failure,A_static_planned,True,0,logs/S5_pump_failure_9106_A_static_planned.json,e1bcd1a3de93a80f27d953f420629a464adb31ae240e30cb4d47ea979afcfeab,62,62,0,284.5,0.0,1974.0,3761,514,8.3,354,38,1,10,0.839,425,0.599,15,4.13,691.6,,17:22,0.9,868
9106,S5_pump_failure,B_dynamic,True,0,logs/S5_pump_failure_9106_B_dynamic.json,ac9e1b4803fb342dac50da3e9099c89b9b9e1ac5fc14c6221910e38a1d76b817,62,62,0,284.5,0.0,1974.0,3791,268,4.3,502,44,2,12,0.806,0,0.602,15,4.13,681.5,,17:22,17.4,770
9106,S5_pump_failure,C_ai_rolling,True,0,logs/S5_pump_failure_9106_C_ai_rolling.json,1972c79af7fd02a145026f0b1d20074db85a8a7a25feb84f5883a405a34791e8,62,62,0,284.5,0.0,1974.0,3801,66,1.1,583,50,3,14,0.774,0,0.603,15,4.13,671.4,,17:25,2251.5,649
9106,S5_pump_failure,B_dynamic_buffered,True,0,logs/S5_pump_failure_9106_B_dynamic_buffered.json,210dd6364abd4dc0982bf44d5ac034a1443389f34779fd164cf9ffa459e12087,62,62,0,284.5,0.0,1974.0,3784,401,6.5,387,35,2,12,0.806,0,0.602,15,4.13,688.5,,17:22,21.2,788
9106,S5_pump_failure,C_ai_rolling_buffered,True,0,logs/S5_pump_failure_9106_C_ai_rolling_buffered.json,0ce2dbedf96812b74932d2d5cdc1ce2fcef42ab071e5235b710ba4ae7c80bcf5,62,62,0,284.5,0.0,1974.0,3790,351,5.7,336,40,1,8,0.871,0,0.602,15,4.13,686.6,,17:25,1951.1,687
9106,S6_high_demand,A_static_planned,True,0,logs/S6_high_demand_9106_A_static_planned.json,75b741f630035eb285b4b4c00c7b89a074817beae1fd1d136f6d1eaac3328d8d,99,99,0,505.5,0.0,3365.9,6623,229,2.3,2734,67,11,70,0.293,6368,1.012,15,6.6,1151.2,,20:04,2.1,2963
9106,S6_high_demand,B_dynamic,True,0,logs/S6_high_demand_9106_B_dynamic.json,bd3d278b6b1728120867d4661e87766b01edc57e831f2592e93b3443f6f5046e,99,97,2,494.75,10.75,3284.6,6503,105,1.1,3231,138,30,71,0.283,0,0.994,15,6.47,1118.9,,20:05,31.1,5336
9106,S6_high_demand,C_ai_rolling,True,0,logs/S6_high_demand_9106_C_ai_rolling.json,77fc9802e3eca888b51ec0e76b7bd366efa80e41a205e7045fa7b8db73f52171,99,97,2,494.75,10.75,3284.6,6538,40,0.4,3235,94,28,76,0.232,0,0.997,15,6.47,1113.3,,20:02,2762.9,5275
9106,S6_high_demand,B_dynamic_buffered,True,0,logs/S6_high_demand_9106_B_dynamic_buffered.json,b3b2e9c8be69c6e5f9a42413bd05c030f9297b6d9fb9c030640e0d4be440bae3,99,97,2,494.75,10.75,3284.6,6557,184,1.9,3157,106,22,67,0.323,0,0.999,15,6.47,1118.1,,20:05,30.2,5341
9106,S6_high_demand,C_ai_rolling_buffered,True,0,logs/S6_high_demand_9106_C_ai_rolling_buffered.json,3db317432b92e053ce73562a10be6cecece5281120b55af2108742dea9b88f71,99,99,0,505.5,0.0,3365.9,6731,138,1.4,2931,126,16,70,0.293,0,1.023,15,6.6,1145.1,,20:09,2713.6,3069
9106,S7_mixed_disruption,A_static_planned,True,0,logs/S7_mixed_disruption_9106_A_static_planned.json,a4cfbec314bc0181bd502a6558ecff11e6d8cab7ebd46520308f4a469d78dfa0,62,62,0,284.5,0.0,1974.0,4428,650,10.5,574,46,4,18,0.71,1082,0.667,15,4.13,701.3,,18:28,1.1,1224
9106,S7_mixed_disruption,B_dynamic,True,0,logs/S7_mixed_disruption_9106_B_dynamic.json,bcf1b845d3981a5daf6fe1ffc76209ab127158a5866b62babdc934f16c3cefe9,62,62,0,284.5,0.0,1974.0,4470,373,6.0,734,63,6,20,0.677,0,0.671,15,4.13,684.1,,18:28,20.3,1107
9106,S7_mixed_disruption,C_ai_rolling,True,0,logs/S7_mixed_disruption_9106_C_ai_rolling.json,82b64eb9f524675fcbbb8e492dc46d2e902734505f78324ab29e14a0e3ffb789,62,62,0,284.5,0.0,1974.0,4473,134,2.2,874,68,3,31,0.5,0,0.671,15,4.13,675.0,,18:36,2610.6,1008
9106,S7_mixed_disruption,B_dynamic_buffered,True,0,logs/S7_mixed_disruption_9106_B_dynamic_buffered.json,552ce3ddb49b59b46bfee8027986a0149b0dd247c37d9797c61aa3e822e6acb6,62,62,0,284.5,0.0,1974.0,4451,496,8.0,695,86,5,15,0.758,0,0.669,15,4.13,695.4,,18:28,24.9,1191
9106,S7_mixed_disruption,C_ai_rolling_buffered,True,0,logs/S7_mixed_disruption_9106_C_ai_rolling_buffered.json,1657b6a2afe22e0ad30ab3645819b06ebcfbe052723b5d34a01fd8a16260033b,62,62,0,284.5,0.0,1974.0,4458,279,4.5,725,66,3,23,0.629,0,0.67,15,4.13,680.4,,18:31,2356.1,1004
9106,S8_ai_prediction_error,A_static_planned,True,0,logs/S8_ai_prediction_error_9106_A_static_planned.json,88f4256691ba49ba5c16b3d184a71e89943780b031d5c0e675d4bc6ec89b5b10,62,62,0,284.5,0.0,1974.0,3767,405,6.5,389,32,1,7,0.887,361,0.6,15,4.13,686.4,,16:40,1.2,794
9106,S8_ai_prediction_error,B_dynamic,True,0,logs/S8_ai_prediction_error_9106_B_dynamic.json,a9dde97495385dcb870623c514be6089f59b6f7d2e8c0b28af880b586349cf70,62,62,0,284.5,0.0,1974.0,3779,203,3.3,489,31,1,12,0.806,0,0.601,15,4.13,678.6,,16:40,19.6,692
9106,S8_ai_prediction_error,C_ai_rolling,True,0,logs/S8_ai_prediction_error_9106_C_ai_rolling.json,8f69d0000756fdfab1e7129de62ac32518087f0f6d17ffcffd85fd2afc636eff,62,62,0,284.5,0.0,1974.0,3788,45,0.7,597,32,1,14,0.774,0,0.602,15,4.13,668.8,,16:51,2164.0,642
9106,S8_ai_prediction_error,B_dynamic_buffered,True,0,logs/S8_ai_prediction_error_9106_B_dynamic_buffered.json,f0d8b5e9084ab5218b71d6c32fc2b1fcb8ad2586c93c79e690f32dc224d744fd,62,62,0,284.5,0.0,1974.0,3785,309,5.0,384,32,1,11,0.823,0,0.602,15,4.13,683.6,,16:40,18.7,693
9106,S8_ai_prediction_error,C_ai_rolling_buffered,True,0,logs/S8_ai_prediction_error_9106_C_ai_rolling_buffered.json,3cea434394a856d553f1e9f3d6e0543de130dba9056756c9a761f4d7e84d60c4,62,62,0,284.5,0.0,1974.0,3794,329,5.3,361,37,1,7,0.887,0,0.603,15,4.13,681.8,,16:40,1825.1,690
9107,S0_normal,A_static_planned,True,0,logs/S0_normal_9107_A_static_planned.json,f5c82859de51e0ec2e48fa5b6ae027edf48f6fafdb284f8cbb0847cc14428d26,65,65,0,313.5,0.0,2323.1,4445,403,6.2,306,29,0,5,0.923,529,0.674,15,4.33,803.2,,17:42,2.7,709
9107,S0_normal,B_dynamic,True,0,logs/S0_normal_9107_B_dynamic.json,efbb47e8f6a2f95d8ef9d36c99e9b2750ddfedb0005b3fb74715cc35fc2d8076,65,65,0,313.5,0.0,2323.1,4464,316,4.9,487,31,2,12,0.815,0,0.676,15,4.33,803.0,,17:42,29.4,803
9107,S0_normal,C_ai_rolling,True,0,logs/S0_normal_9107_C_ai_rolling.json,628b2b8b27349eec35bbccabbc99af97807229ab850d3faf20c4b0ba810441f6,65,65,0,313.5,0.0,2323.1,4452,155,2.4,432,28,0,12,0.815,0,0.675,15,4.33,794.1,,17:42,1992.2,587
9107,S0_normal,B_dynamic_buffered,True,0,logs/S0_normal_9107_B_dynamic_buffered.json,62846aff571359c3770ab5928cf48ce4ab8b31ba2763d06096e036847c431245,65,65,0,313.5,0.0,2323.1,4467,372,5.7,363,31,1,9,0.862,0,0.676,15,4.33,804.1,,17:42,17.0,735
9107,S0_normal,C_ai_rolling_buffered,True,0,logs/S0_normal_9107_C_ai_rolling_buffered.json,83d1ffe5d53d1ba3d4444259087f3d29b63556a75f456688c7487bd4f81759c9,65,65,0,313.5,0.0,2323.1,4470,354,5.4,213,20,0,6,0.908,0,0.677,15,4.33,799.7,,17:42,1779.1,567
9107,S1_light_traffic,A_static_planned,True,0,logs/S1_light_traffic_9107_A_static_planned.json,2e85144434e95e17ffc27f2849d1541be6a1745e127d2dfc730bfcf0156e1683,65,65,0,313.5,0.0,2323.1,3974,500,7.7,206,21,0,1,0.985,443,0.627,15,4.33,809.9,,17:33,1.2,706
9107,S1_light_traffic,B_dynamic,True,0,logs/S1_light_traffic_9107_B_dynamic.json,0b686721c18701fbba4c1ff2ae625cd2f8a4fd36ff20c5ec727a87f9320592d0,65,65,0,313.5,0.0,2323.1,3976,371,5.7,402,27,0,6,0.908,0,0.627,15,4.33,801.7,,17:33,17.7,773
9107,S1_light_traffic,C_ai_rolling,True,0,logs/S1_light_traffic_9107_C_ai_rolling.json,0fa5134e6f4d3191d7fd86ca9f5c083b70976ef866d8589579e10a7d339be213,65,65,0,313.5,0.0,2323.1,4000,138,2.1,431,28,0,6,0.908,0,0.63,15,4.33,790.3,,17:57,1973.5,569
9107,S1_light_traffic,B_dynamic_buffered,True,0,logs/S1_light_traffic_9107_B_dynamic_buffered.json,36a947949106010323d235cb62b0f5d4f51b8bc1fdb041e26f1fa38749d57ccc,65,65,0,313.5,0.0,2323.1,3988,452,7.0,284,27,0,5,0.923,0,0.629,15,4.33,807.5,,17:33,33.0,736
9107,S1_light_traffic,C_ai_rolling_buffered,True,0,logs/S1_light_traffic_9107_C_ai_rolling_buffered.json,df3af0c2b17a1b0f7a2093d3130979a02ded8a9d0c9ebffd5fd366923e93749b,65,65,0,313.5,0.0,2323.1,3992,399,6.1,166,33,1,2,0.969,0,0.629,15,4.33,803.7,,17:33,1873.3,565
9107,S2_peak_traffic,A_static_planned,True,0,logs/S2_peak_traffic_9107_A_static_planned.json,423ef22fc9b80e8c3e3295cb10e02428b8469d056944a6b7dc6c4a3fc75017b8,65,65,0,313.5,0.0,2323.1,5378,306,4.7,702,41,2,25,0.615,983,0.767,15,4.33,797.8,,17:57,1.0,1008
9107,S2_peak_traffic,B_dynamic,True,0,logs/S2_peak_traffic_9107_B_dynamic.json,d9f1f0170916df969b43f4b77d415a0226ae45ab64e5da49005efb8a65606a12,65,65,0,313.5,0.0,2323.1,5347,319,4.9,876,71,7,30,0.538,0,0.764,15,4.33,801.1,,18:18,16.9,1195
9107,S2_peak_traffic,C_ai_rolling,True,0,logs/S2_peak_traffic_9107_C_ai_rolling.json,8470696a746de9636128d668e78eaff8e869ada3ed2531bf74966ad337e7abf4,65,65,0,313.5,0.0,2323.1,5414,136,2.1,763,43,3,23,0.646,0,0.771,15,4.33,790.7,,18:06,2011.8,899
9107,S2_peak_traffic,B_dynamic_buffered,True,0,logs/S2_peak_traffic_9107_B_dynamic_buffered.json,5ceb083bba9eabdd22570ac1c26a9416f8b6f4680fbd3662277deda61883dfeb,65,65,0,313.5,0.0,2323.1,5347,324,5.0,802,61,5,26,0.6,0,0.764,15,4.33,799.6,,17:57,18.6,1126
9107,S2_peak_traffic,C_ai_rolling_buffered,True,0,logs/S2_peak_traffic_9107_C_ai_rolling_buffered.json,1748dec693fd8b77684f905c6d76b882d304b4fb13097fd3dd6fc8800d89fe5c,65,65,0,313.5,0.0,2323.1,5360,280,4.3,564,36,2,23,0.646,0,0.765,15,4.33,797.9,,18:00,2144.1,844
9107,S3_site_delay,A_static_planned,True,0,logs/S3_site_delay_9107_A_static_planned.json,197465291343070bff869c8da3edeb12433c394fba103b859e8554a3fc02de0b,65,65,0,313.5,0.0,2323.1,4451,436,6.7,315,29,0,5,0.923,544,0.675,15,4.33,805.6,,17:42,1.0,751
9107,S3_site_delay,B_dynamic,True,0,logs/S3_site_delay_9107_B_dynamic.json,16b1a1e452ff488afec100b5bc817a3331e26c81d6c78668d033b2817c350e3e,65,65,0,313.5,0.0,2323.1,4482,301,4.6,507,36,1,11,0.831,0,0.678,15,4.33,798.5,,17:42,20.0,808
9107,S3_site_delay,C_ai_rolling,True,0,logs/S3_site_delay_9107_C_ai_rolling.json,2e702a8c2c20bd46f2329c68d6ff5c7724871472397447c87adfa03e23328c6b,65,65,0,313.5,0.0,2323.1,4481,126,1.9,434,23,0,11,0.831,0,0.678,15,4.33,791.2,,17:42,1863.6,560
9107,S3_site_delay,B_dynamic_buffered,True,0,logs/S3_site_delay_9107_B_dynamic_buffered.json,2f6f810b4c801ccf5e12492b5dd01f857f528b43c594d134de18c2a5782bdef7,65,65,0,313.5,0.0,2323.1,4483,361,5.6,383,31,1,9,0.862,0,0.678,15,4.33,803.7,,17:42,17.8,744
9107,S3_site_delay,C_ai_rolling_buffered,True,0,logs/S3_site_delay_9107_C_ai_rolling_buffered.json,433e5b8930e9b760ff051ac17ba56a5a98233633b4004752f04e9769c143dbf4,65,65,0,313.5,0.0,2323.1,4495,361,5.6,242,24,0,7,0.892,0,0.679,15,4.33,801.4,,17:42,2042.2,603
9107,S4_multi_site_delay,A_static_planned,True,0,logs/S4_multi_site_delay_9107_A_static_planned.json,219845e77f6abf08a6b2d0036c84730fde66b35e97c519dc7c577b91452176b2,65,65,0,313.5,0.0,2323.1,4453,508,7.8,305,29,0,6,0.908,582,0.675,15,4.33,812.1,,17:42,1.0,813
9107,S4_multi_site_delay,B_dynamic,True,0,logs/S4_multi_site_delay_9107_B_dynamic.json,3cc2e72cd4d517f0f1623522c24f36ec0bb36138324206824648573264ca1757,65,65,0,313.5,0.0,2323.1,4468,323,5.0,476,31,3,11,0.831,0,0.676,15,4.33,801.7,,17:42,21.9,799
9107,S4_multi_site_delay,C_ai_rolling,True,0,logs/S4_multi_site_delay_9107_C_ai_rolling.json,7b3c8e8a604c41fc540dc972e75b309ed9b37107dfd68e51c1c53b4849464fc3,65,65,0,313.5,0.0,2323.1,4474,163,2.5,419,28,0,13,0.8,0,0.677,15,4.33,794.4,,17:42,2126.2,582
9107,S4_multi_site_delay,B_dynamic_buffered,True,0,logs/S4_multi_site_delay_9107_B_dynamic_buffered.json,3eda97f15ceb1524ecee33126329d74e833633fd8530b7b40e40fa714b4f0817,65,65,0,313.5,0.0,2323.1,4477,397,6.1,314,31,1,10,0.846,0,0.677,15,4.33,805.6,,17:42,19.8,711
9107,S4_multi_site_delay,C_ai_rolling_buffered,True,0,logs/S4_multi_site_delay_9107_C_ai_rolling_buffered.json,213cc22a8b613ead9efc7022296a99a1f702cbb8e0445c6ea7a5c0db65982c65,65,65,0,313.5,0.0,2323.1,4489,442,6.8,177,16,0,7,0.892,0,0.679,15,4.33,806.0,,17:42,2034.2,619
9107,S5_pump_failure,A_static_planned,True,0,logs/S5_pump_failure_9107_A_static_planned.json,a45368f851297c0dc2223f8693c6d3ab6fe5420885737a81c5c59350291e0dc3,65,65,0,313.5,0.0,2323.1,4451,534,8.2,373,29,0,10,0.846,624,0.675,15,4.33,809.8,,17:42,0.9,907
9107,S5_pump_failure,B_dynamic,True,0,logs/S5_pump_failure_9107_B_dynamic.json,8ec23b340347f01aee2adf145503be6c9c271a9b0b9a0cbd8af2fe4ac609f49c,65,65,0,313.5,0.0,2323.1,4455,314,4.8,466,31,2,9,0.862,0,0.675,15,4.33,800.5,,17:42,17.4,780
9107,S5_pump_failure,C_ai_rolling,True,0,logs/S5_pump_failure_9107_C_ai_rolling.json,95f4e283d757edca089f7ff3de2b88921ab2a09529fca4dea850c91cc5c04a69,65,65,0,313.5,0.0,2323.1,4469,188,2.9,417,26,0,9,0.862,0,0.677,15,4.33,792.2,,17:42,2220.6,605
9107,S5_pump_failure,B_dynamic_buffered,True,0,logs/S5_pump_failure_9107_B_dynamic_buffered.json,4ab9c928a94647e9fbda6e2dde00a8af4508bd9ef02fa14ff152ea4dd64bb044,65,65,0,313.5,0.0,2323.1,4454,388,6.0,380,31,2,10,0.846,0,0.675,15,4.33,804.9,,17:42,16.5,768
9107,S5_pump_failure,C_ai_rolling_buffered,True,0,logs/S5_pump_failure_9107_C_ai_rolling_buffered.json,e5c5866fa167c17d15fd764862289f1fb498c8c31e960cfa547a81895d65b7c6,65,65,0,313.5,0.0,2323.1,4483,440,6.8,230,20,0,8,0.877,0,0.678,15,4.33,805.4,,17:42,1835.1,670
9107,S6_high_demand,A_static_planned,True,0,logs/S6_high_demand_9107_A_static_planned.json,1a39e8b43bc9d114af47d10278c781a7029ae92efbbb8ac482e040d7e27c4216,105,100,5,511.5,25.5,3424.5,6840,241,2.4,3960,79,17,90,0.143,9559,1.037,15,6.67,1173.9,,19:44,1.8,9201
9107,S6_high_demand,B_dynamic,True,0,logs/S6_high_demand_9107_B_dynamic.json,474fd3b9a5c923e06d537fde812dfea14b76eca6d0a7a356434d9e05713cc928,105,97,8,494.75,42.25,3384.6,6724,227,2.3,4925,280,47,87,0.171,0,1.015,15,6.47,1153.6,,19:46,29.5,13152
9107,S6_high_demand,C_ai_rolling,True,0,logs/S6_high_demand_9107_C_ai_rolling.json,b399f5b4b85c76ac1a223f00f63a1fe4280d306ae71dbab080c1da8f8baa9ebe,105,99,6,505.5,31.5,3442.6,6814,40,0.4,4460,195,32,86,0.181,0,1.031,15,6.6,1164.3,,19:56,2532.1,10500
9107,S6_high_demand,B_dynamic_buffered,True,0,logs/S6_high_demand_9107_B_dynamic_buffered.json,a024c95cc1d91e138e3bf59757f5ab39924320423c7546c2d317fea1398fd254,105,96,9,489.25,47.75,3354.3,6667,271,2.8,4824,229,30,86,0.181,0,1.006,15,6.4,1150.1,,19:57,26.3,14095
9107,S6_high_demand,C_ai_rolling_buffered,True,0,logs/S6_high_demand_9107_C_ai_rolling_buffered.json,99881fc2592c7deb09d253300bab44c482154a18fde4882e768839abc9edd3ea,105,97,8,494.75,42.25,3384.6,6702,63,0.6,4494,327,23,84,0.2,0,1.013,15,6.47,1149.4,,19:41,2555.4,12557
9107,S7_mixed_disruption,A_static_planned,True,0,logs/S7_mixed_disruption_9107_A_static_planned.json,662a0c971c69ed9fe44b6ffdca40dfd6ff737c15d5927d11316873902b5692d3,65,65,0,313.5,0.0,2323.1,5325,788,12.1,722,53,5,24,0.631,1388,0.763,15,4.33,825.6,,18:35,1.0,1510
9107,S7_mixed_disruption,B_dynamic,True,0,logs/S7_mixed_disruption_9107_B_dynamic.json,5b123781ace625a971b7ee9174080fc9a2d0ee717c617e96ace6102c2cc79084,65,65,0,313.5,0.0,2323.1,5344,459,7.1,787,60,6,21,0.677,0,0.765,15,4.33,809.2,,18:28,17.8,1246
9107,S7_mixed_disruption,C_ai_rolling,True,0,logs/S7_mixed_disruption_9107_C_ai_rolling.json,e94e2181d80a9e2481c3c3c526d34870c6a9f32a2bf1d029cc066b87ecaab01c,65,65,0,313.5,0.0,2323.1,5356,125,1.9,764,52,4,24,0.631,0,0.766,15,4.33,791.7,,18:38,2317.5,889
9107,S7_mixed_disruption,B_dynamic_buffered,True,0,logs/S7_mixed_disruption_9107_B_dynamic_buffered.json,39362e27945a5ea84d00d8b517c6d90669d3e06971b154e0eeeee1407fc5e5e6,65,65,0,313.5,0.0,2323.1,5349,581,8.9,535,50,5,17,0.738,0,0.766,15,4.33,815.2,,18:10,18.1,1116
9107,S7_mixed_disruption,C_ai_rolling_buffered,True,0,logs/S7_mixed_disruption_9107_C_ai_rolling_buffered.json,8f6c35b66c3b21e37e192cedc5a401b7e05fa07a709c35aef8130d5cacd6283d,65,65,0,313.5,0.0,2323.1,5341,421,6.5,542,60,3,17,0.738,0,0.765,15,4.33,803.8,,18:15,2177.6,963
9107,S8_ai_prediction_error,A_static_planned,True,0,logs/S8_ai_prediction_error_9107_A_static_planned.json,4d2fc2effbd7e841708b33342f67261b3b58998d2ab5cb351f7b3c1c9d729f60,65,65,0,313.5,0.0,2323.1,4481,478,7.4,440,29,0,9,0.862,661,0.678,15,4.33,809.2,,17:42,1.1,918
9107,S8_ai_prediction_error,B_dynamic,True,0,logs/S8_ai_prediction_error_9107_B_dynamic.json,8d810757ac5a63cbbe938931fbefaeae7e0a1e2cf1163e025c362ac29b6b9c5c,65,65,0,313.5,0.0,2323.1,4483,193,3.0,584,58,2,12,0.815,0,0.678,15,4.33,793.4,,17:42,19.6,777
9107,S8_ai_prediction_error,C_ai_rolling,True,0,logs/S8_ai_prediction_error_9107_C_ai_rolling.json,43aad5d68fedb670e63bb93a7780e336cb191eeed6c7402313997ce7d870c1a0,65,65,0,313.5,0.0,2323.1,4477,111,1.7,630,53,1,15,0.769,0,0.677,15,4.33,790.7,,17:42,1881.5,741
9107,S8_ai_prediction_error,B_dynamic_buffered,True,0,logs/S8_ai_prediction_error_9107_B_dynamic_buffered.json,c1cdc92a7bfb83930cd36ab48469d03bc3b9ec3564ef690cefc572a69c1b2d1e,65,65,0,313.5,0.0,2323.1,4480,265,4.1,458,48,2,12,0.815,0,0.678,15,4.33,801.2,,17:42,29.4,723
9107,S8_ai_prediction_error,C_ai_rolling_buffered,True,0,logs/S8_ai_prediction_error_9107_C_ai_rolling_buffered.json,62f64f2ee5b48415eb5d509ee70493871c5afa6ca9e6ed3724e7eff504da4462,65,65,0,313.5,0.0,2323.1,4493,367,5.6,408,56,1,11,0.831,0,0.679,15,4.33,803.2,,17:42,1826.6,775
9108,S0_normal,A_static_planned,True,0,logs/S0_normal_9108_A_static_planned.json,7dbd37b69bb9f37541f42c63ae00f4975fcc325bed6a821ad912ff8d62d50d0d,62,62,0,289.0,0.0,2210.6,4173,352,5.7,549,57,3,10,0.839,1020,0.628,15,4.13,762.6,,17:48,1.1,901
9108,S0_normal,B_dynamic,True,0,logs/S0_normal_9108_B_dynamic.json,acb05396f3377d2c0334bb3ebc35b702342c5729afdc81e037800738c2e06fa3,62,62,0,289.0,0.0,2210.6,4201,244,3.9,663,62,6,14,0.774,0,0.63,15,4.13,758.6,,18:03,16.3,907
9108,S0_normal,C_ai_rolling,True,0,logs/S0_normal_9108_C_ai_rolling.json,178843cd8fb9b8083e7d10875eb14a0b86dfa561cd685ad1ff404921c2cf16b8,62,62,0,289.0,0.0,2210.6,4219,174,2.8,644,37,5,15,0.758,0,0.632,15,4.13,755.9,,18:03,1910.5,818
9108,S0_normal,B_dynamic_buffered,True,0,logs/S0_normal_9108_B_dynamic_buffered.json,775d7c447294f7dfdb292933150747aca4cc93aae84e868b77c98badf6b29f7a,62,62,0,289.0,0.0,2210.6,4183,284,4.6,558,67,6,12,0.806,0,0.629,15,4.13,762.1,,17:06,15.9,842
9108,S0_normal,C_ai_rolling_buffered,True,0,logs/S0_normal_9108_C_ai_rolling_buffered.json,ec04d7709f4419d848252498100687147f451140067a1ec1c7290956797715b1,62,62,0,289.0,0.0,2210.6,4209,351,5.7,441,90,2,12,0.806,0,0.631,15,4.13,764.8,,16:51,1911.1,792
9108,S1_light_traffic,A_static_planned,True,0,logs/S1_light_traffic_9108_A_static_planned.json,b5c029d7510d79cbd313ce5d83be758a78b75e92a7d6aa053266aa1e2bfc9b5d,62,62,0,289.0,0.0,2210.6,3738,555,9.0,370,52,3,7,0.887,786,0.584,15,4.13,772.2,,17:37,0.9,925
9108,S1_light_traffic,B_dynamic,True,0,logs/S1_light_traffic_9108_B_dynamic.json,64422070c85aef1ecdfbbdf501865cec93a900aa8f71522850fa379e01730378,62,62,0,289.0,0.0,2210.6,3751,333,5.4,615,66,6,9,0.855,0,0.585,15,4.13,760.6,,17:52,18.4,948
9108,S1_light_traffic,C_ai_rolling,True,0,logs/S1_light_traffic_9108_C_ai_rolling.json,b1f282e88761bd3783ba1362cc062618a5552b610bdfc0e7d858450de88cd995,62,62,0,289.0,0.0,2210.6,3729,168,2.7,584,44,2,11,0.823,0,0.583,15,4.13,755.5,,17:52,2283.7,752
9108,S1_light_traffic,B_dynamic_buffered,True,0,logs/S1_light_traffic_9108_B_dynamic_buffered.json,e7fe96c8cc27f5c9dd22eb47afc0e27001e7d8766d44c512d605cd10630e973e,62,62,0,289.0,0.0,2210.6,3737,396,6.4,405,49,2,8,0.871,0,0.584,15,4.13,767.2,,17:04,16.5,801
9108,S1_light_traffic,C_ai_rolling_buffered,True,0,logs/S1_light_traffic_9108_C_ai_rolling_buffered.json,cd88cb561a5c8556142b31107d10699ee4eb5829dcadc0f10ca9619d90044a02,62,62,0,289.0,0.0,2210.6,3741,386,6.2,376,44,2,8,0.871,0,0.584,15,4.13,766.5,,16:44,2060.0,762
9108,S2_peak_traffic,A_static_planned,True,0,logs/S2_peak_traffic_9108_A_static_planned.json,c5318868b0aa5d9a46a14e424d913ee8fd04c0fb2fb542191721f26c387117d2,62,62,0,289.0,0.0,2210.6,4951,157,2.5,965,66,4,23,0.629,1545,0.705,15,4.13,754.8,,18:06,1.1,1122
9108,S2_peak_traffic,B_dynamic,True,0,logs/S2_peak_traffic_9108_B_dynamic.json,6c06adcac86663bcb5001fe4ab603ed749b77264fb512064f65d67183c86876e,62,62,0,289.0,0.0,2210.6,5041,183,3.0,1107,92,11,24,0.613,0,0.714,15,4.13,756.6,,18:21,18.8,1290
9108,S2_peak_traffic,C_ai_rolling,True,0,logs/S2_peak_traffic_9108_C_ai_rolling.json,2f32adfe83c4ecfe20fe7f84548628bf5f1e53f35c7b484655ae3351dcea8895,62,62,0,289.0,0.0,2210.6,5061,125,2.0,1134,97,10,25,0.597,0,0.716,15,4.13,753.0,,18:21,2275.0,1259
9108,S2_peak_traffic,B_dynamic_buffered,True,0,logs/S2_peak_traffic_9108_B_dynamic_buffered.json,346d82031b11b31ab9124955af724aea70dccec6ddbf1c12b599f6b312b3943a,62,62,0,289.0,0.0,2210.6,5006,194,3.1,824,73,5,20,0.677,0,0.711,15,4.13,758.4,,17:16,20.2,1018
9108,S2_peak_traffic,C_ai_rolling_buffered,True,0,logs/S2_peak_traffic_9108_C_ai_rolling_buffered.json,7d447e67f509957ccb6a2849c193bdf343af0543d61be09d0dc538756f28eeeb,62,62,0,289.0,0.0,2210.6,4989,260,4.2,818,64,7,18,0.71,0,0.709,15,4.13,757.9,,17:01,2131.6,1078
9108,S3_site_delay,A_static_planned,True,0,logs/S3_site_delay_9108_A_static_planned.json,686949293864d477c87a89e19a6a14cfdfa3e66810828254ea2e7af078d52a02,62,62,0,289.0,0.0,2210.6,4164,408,6.6,552,57,3,10,0.839,1108,0.627,15,4.13,766.2,,17:48,1.5,960
9108,S3_site_delay,B_dynamic,True,0,logs/S3_site_delay_9108_B_dynamic.json,e1b4f8a05dc5b912925738401871449a8846833df39f5b85fd2e62c1b16ce16b,62,62,0,289.0,0.0,2210.6,4210,264,4.3,660,69,6,12,0.806,0,0.631,15,4.13,759.1,,18:03,28.0,924
9108,S3_site_delay,C_ai_rolling,True,0,logs/S3_site_delay_9108_C_ai_rolling.json,075b7557201ab9a0ba6dbd9cab8d02288a7408ced219030ca0e53c4945f81849,62,62,0,289.0,0.0,2210.6,4218,227,3.7,651,67,6,16,0.742,0,0.632,15,4.13,760.0,,18:03,2294.5,878
9108,S3_site_delay,B_dynamic_buffered,True,0,logs/S3_site_delay_9108_B_dynamic_buffered.json,80358792476181335e3024a7a1294c67f22755c64691f8d95d0c6340f9ffe7e1,62,62,0,289.0,0.0,2210.6,4163,341,5.5,524,57,5,13,0.79,0,0.627,15,4.13,763.4,,17:06,18.1,865
9108,S3_site_delay,C_ai_rolling_buffered,True,0,logs/S3_site_delay_9108_C_ai_rolling_buffered.json,0ce8a9d2cae5ff8ee1c4fa442299080cac3bb98cceda0d86fdcce765c36ce22b,62,62,0,289.0,0.0,2210.6,4189,425,6.9,504,75,2,11,0.823,0,0.629,15,4.13,766.5,,16:51,2273.1,929
9108,S4_multi_site_delay,A_static_planned,True,0,logs/S4_multi_site_delay_9108_A_static_planned.json,f30c25e8ff28d641ee41fa2f65a993d60c46dc514c91a973941c7cf45e7c1786,62,62,0,289.0,0.0,2210.6,4151,477,7.7,590,51,3,12,0.806,1254,0.625,15,4.13,770.3,,17:48,0.9,1067
9108,S4_multi_site_delay,B_dynamic,True,0,logs/S4_multi_site_delay_9108_B_dynamic.json,2e44879ffda0e7fde57d67db4b4e70551e4eb90fa918450329b44547004a4591,62,62,0,289.0,0.0,2210.6,4218,269,4.3,664,69,5,14,0.774,0,0.632,15,4.13,760.1,,18:03,20.1,933
9108,S4_multi_site_delay,C_ai_rolling,True,0,logs/S4_multi_site_delay_9108_C_ai_rolling.json,fd5b83c171c1586b221411bda340567cee7c0969e070d1eb29959660a5bdc946,62,62,0,289.0,0.0,2210.6,4201,221,3.6,607,52,4,13,0.79,0,0.63,15,4.13,757.1,,18:03,2427.0,828
9108,S4_multi_site_delay,B_dynamic_buffered,True,0,logs/S4_multi_site_delay_9108_B_dynamic_buffered.json,638d23061bedcd2f3d8d98d133707a05d2c5c1810a118536921c7850559c9ab9,62,62,0,289.0,0.0,2210.6,4187,317,5.1,546,79,4,13,0.79,0,0.629,15,4.13,763.0,,17:06,18.4,863
9108,S4_multi_site_delay,C_ai_rolling_buffered,True,0,logs/S4_multi_site_delay_9108_C_ai_rolling_buffered.json,5597d940873ea7fda32368f52efb4a77627ab3b28bc86351673aa71fadff24f8,62,62,0,289.0,0.0,2210.6,4207,403,6.5,400,39,2,10,0.839,0,0.631,15,4.13,765.5,,16:51,2265.6,803
9108,S5_pump_failure,A_static_planned,True,0,logs/S5_pump_failure_9108_A_static_planned.json,fc7bd5dbb92fa54957ac362fd9997cd66f429e98274f6ffedc6afcc7fff978bb,62,62,0,289.0,0.0,2210.6,4163,429,6.9,548,57,3,10,0.839,1135,0.627,15,4.13,767.8,,17:48,1.1,977
9108,S5_pump_failure,B_dynamic,True,0,logs/S5_pump_failure_9108_B_dynamic.json,687297f597fa8e56d24eff330e2d58bab4fca96d41d92dbb4769be82f1182795,62,62,0,289.0,0.0,2210.6,4223,235,3.8,630,69,4,12,0.806,0,0.633,15,4.13,758.5,,18:03,19.1,865
9108,S5_pump_failure,C_ai_rolling,True,0,logs/S5_pump_failure_9108_C_ai_rolling.json,e3aea884879807d056e3f3f49afbc792f3f068cd4a505f5451c6a110b9d50a4f,62,62,0,289.0,0.0,2210.6,4210,198,3.2,574,44,4,11,0.823,0,0.631,15,4.13,756.3,,18:03,2397.2,772
9108,S5_pump_failure,B_dynamic_buffered,True,0,logs/S5_pump_failure_9108_B_dynamic_buffered.json,66af04b870609053db8b7765fded3096aabf13b36f8de46fcc0354cbaf832267,62,62,0,289.0,0.0,2210.6,4181,312,5.0,513,102,3,13,0.79,0,0.628,15,4.13,762.5,,17:06,19.5,825
9108,S5_pump_failure,C_ai_rolling_buffered,True,0,logs/S5_pump_failure_9108_C_ai_rolling_buffered.json,33e2d57758103ffac28391805e77626f9854be1dcfa0cfbed242c8ed67e472a4,62,62,0,289.0,0.0,2210.6,4205,352,5.7,413,75,3,10,0.839,0,0.631,15,4.13,762.6,,16:51,2130.8,765
9108,S6_high_demand,A_static_planned,True,0,logs/S6_high_demand_9108_A_static_planned.json,33ea9a3ffca07765c25d5fd9a1a05786ecf2331b60e98cf4504816380419534d,100,96,4,488.75,20.75,3491.8,6928,265,2.8,4672,59,12,83,0.17,11408,1.013,15,6.4,1193.3,,19:18,3.0,8937
9108,S6_high_demand,B_dynamic,True,0,logs/S6_high_demand_9108_B_dynamic.json,83b91e7fc6f4beda095a6866b21a9fba647d9698ef10bec0f46855d3b9c3c097,100,94,6,477.0,32.5,3388.0,6748,165,1.8,4475,463,32,77,0.23,0,0.988,15,6.27,1153.3,,19:50,48.4,10640
9108,S6_high_demand,C_ai_rolling,True,0,logs/S6_high_demand_9108_C_ai_rolling.json,9254d87555e7a1e4e3514634fcc1f4d606b54937269a157bf8fa1f72df2c8b73,100,94,6,477.0,32.5,3388.0,6737,98,1.0,4223,471,30,78,0.22,0,0.987,15,6.27,1148.8,,19:45,2661.9,10321
9108,S6_high_demand,B_dynamic_buffered,True,0,logs/S6_high_demand_9108_B_dynamic_buffered.json,dd5a6b7e2eab6ef611cdb7861616f505dafdcb825d45637765910532e1667157,100,95,5,482.75,26.75,3412.0,6788,202,2.1,4387,399,25,74,0.26,0,0.995,15,6.33,1163.9,,19:50,41.2,9589
9108,S6_high_demand,C_ai_rolling_buffered,True,0,logs/S6_high_demand_9108_C_ai_rolling_buffered.json,64c58c1c3849259f446aec3be24a6c5c0cb9ce84466f120f2eafe0cee6d0d1d0,100,96,4,488.25,21.25,3450.8,6844,213,2.2,3860,424,26,72,0.28,0,1.004,15,6.4,1175.7,,19:50,2877.0,8073
9108,S7_mixed_disruption,A_static_planned,True,0,logs/S7_mixed_disruption_9108_A_static_planned.json,5a1832a8cb19711e15bbdf49014be4846a2ab72fb6746523a20694275562f46f,62,62,0,289.0,0.0,2210.6,4829,618,10.0,999,62,4,24,0.613,2223,0.695,15,4.13,780.7,,18:02,1.0,1617
9108,S7_mixed_disruption,B_dynamic,True,0,logs/S7_mixed_disruption_9108_B_dynamic.json,65b1b2d7416899cc916e7624448d04162b35c88cb9d1cc32a7438e7bb03dc24f,62,62,0,289.0,0.0,2210.6,4882,476,7.7,803,84,9,18,0.71,0,0.7,15,4.13,770.4,,18:17,20.4,1279
9108,S7_mixed_disruption,C_ai_rolling,True,0,logs/S7_mixed_disruption_9108_C_ai_rolling.json,ad9124e5ece84762a3cca9703def4ac5fdb3f85e5be8939848e1e7bb74b66a71,62,62,0,289.0,0.0,2210.6,4898,162,2.6,807,87,7,17,0.726,0,0.702,15,4.13,756.9,,18:17,2392.0,969
9108,S7_mixed_disruption,B_dynamic_buffered,True,0,logs/S7_mixed_disruption_9108_B_dynamic_buffered.json,8e3490096feb4d0237552830cf691b90a97fc282f827f567d9d10aee9e417e56,62,62,0,289.0,0.0,2210.6,4856,548,8.8,684,79,5,16,0.742,0,0.698,15,4.13,773.6,,17:19,26.0,1232
9108,S7_mixed_disruption,C_ai_rolling_buffered,True,0,logs/S7_mixed_disruption_9108_C_ai_rolling_buffered.json,b268036bb55974f731b626e72398463a8e7eda4f5a156948979dd3490b8059cc,62,62,0,289.0,0.0,2210.6,4858,370,6.0,579,52,3,17,0.726,0,0.698,15,4.13,765.9,,17:04,2209.0,949
9108,S8_ai_prediction_error,A_static_planned,True,0,logs/S8_ai_prediction_error_9108_A_static_planned.json,1117efd09506b9b89ba305e894d22e5091d94ffbd8ae649b71bf4e1dac8e788f,62,62,0,289.0,0.0,2210.6,4170,578,9.3,568,57,3,14,0.774,1149,0.627,15,4.13,774.7,,17:48,1.0,1146
9108,S8_ai_prediction_error,B_dynamic,True,0,logs/S8_ai_prediction_error_9108_B_dynamic.json,d8b2c9b205e27a0e9b9a42bf6c0b05c6ac87d3daeca92202b8f0d4153002c35d,62,62,0,289.0,0.0,2210.6,4248,297,4.8,659,49,6,13,0.79,0,0.635,15,4.13,761.7,,18:36,17.3,956
9108,S8_ai_prediction_error,C_ai_rolling,True,0,logs/S8_ai_prediction_error_9108_C_ai_rolling.json,817c21bcf2c639dada4e900dc514fd03c705b78d6b8499cea9d7dce9385fc168,62,62,0,289.0,0.0,2210.6,4239,248,4.0,631,62,3,14,0.774,0,0.634,15,4.13,759.5,,18:36,1809.6,879
9108,S8_ai_prediction_error,B_dynamic_buffered,True,0,logs/S8_ai_prediction_error_9108_B_dynamic_buffered.json,f5e0f8f713195a4c062ea797bb7fc465c8c6de24cf32c5ddbc1fb926711d131b,62,62,0,289.0,0.0,2210.6,4220,347,5.6,525,59,4,15,0.758,0,0.632,15,4.13,762.0,,18:13,16.6,872
9108,S8_ai_prediction_error,C_ai_rolling_buffered,True,0,logs/S8_ai_prediction_error_9108_C_ai_rolling_buffered.json,c9ec17d7fba518cada82daad0221ae7d903ffc4960e26364c90c625edfda5d3b,62,62,0,289.0,0.0,2210.6,4254,400,6.5,507,85,4,13,0.79,0,0.636,15,4.13,767.0,,17:58,1862.8,907
9109,S0_normal,A_static_planned,True,0,logs/S0_normal_9109_A_static_planned.json,d5bcf1865426d53f7e639287bdf1bbcdd75c2c2f6f55ea47cc5db2fcc642be0e,65,65,0,314.5,0.0,2281.1,4269,337,5.2,843,42,2,27,0.585,1608,0.654,15,4.33,789.9,,17:06,1.2,1180
9109,S0_normal,B_dynamic,True,0,logs/S0_normal_9109_B_dynamic.json,4c8988676a3a400e1fae0998cceb4c8b87fe4f03b584cbec7f001ba02913eaa6,65,65,0,314.5,0.0,2281.1,4295,248,3.8,1305,88,14,28,0.569,0,0.657,15,4.33,783.2,,17:02,24.3,1553
9109,S0_normal,C_ai_rolling,True,0,logs/S0_normal_9109_C_ai_rolling.json,f11a1462ab5c61cb1656676b99516e942daeef5113b5d883bf0e35844e3369e2,65,65,0,314.5,0.0,2281.1,4290,75,1.2,1163,76,12,32,0.508,0,0.656,15,4.33,774.0,,16:51,2473.2,1238
9109,S0_normal,B_dynamic_buffered,True,0,logs/S0_normal_9109_B_dynamic_buffered.json,7add9346de28f0451fe3435e53ddf22c487d660c55124f1e2c18244ab09d261f,65,65,0,314.5,0.0,2281.1,4293,352,5.4,1197,115,6,27,0.585,0,0.657,15,4.33,791.1,,17:07,22.7,1549
9109,S0_normal,C_ai_rolling_buffered,True,0,logs/S0_normal_9109_C_ai_rolling_buffered.json,8b5d729399407f0f8d630d0c490d481fab4a3efd2c01a2dd60282885a8fef0cd,65,65,0,314.5,0.0,2281.1,4329,179,2.8,764,71,2,23,0.646,0,0.66,15,4.33,777.2,,16:51,2298.2,943
9109,S1_light_traffic,A_static_planned,True,0,logs/S1_light_traffic_9109_A_static_planned.json,24e02e280b7292dbf342f550077a17d011adb80182ae9a8d21ee6dbc039f0a5f,65,65,0,314.5,0.0,2281.1,3880,476,7.3,679,42,2,25,0.615,1352,0.616,15,4.33,792.0,,16:36,1.2,1155
9109,S1_light_traffic,B_dynamic,True,0,logs/S1_light_traffic_9109_B_dynamic.json,bd76b4e9daff98d8cdc4d816038f11496ec9aca9ec8dfb40b1dd791895cdcb27,65,65,0,314.5,0.0,2281.1,3872,263,4.0,984,57,5,22,0.662,0,0.615,15,4.33,784.0,,16:32,25.6,1247
9109,S1_light_traffic,C_ai_rolling,True,0,logs/S1_light_traffic_9109_C_ai_rolling.json,e22974852856bb6515117a1e0b04361b3105afc962299f0e16b62a1d29e225f9,65,65,0,314.5,0.0,2281.1,3875,74,1.1,905,38,4,27,0.585,0,0.615,15,4.33,773.0,,16:37,2466.9,979
9109,S1_light_traffic,B_dynamic_buffered,True,0,logs/S1_light_traffic_9109_B_dynamic_buffered.json,5a6c1dcf1ce6cbb135d787a610b44326136d0dae5d04774385fe1d46d4feca88,65,65,0,314.5,0.0,2281.1,3875,403,6.2,873,47,6,21,0.677,0,0.615,15,4.33,790.7,,16:42,19.3,1276
9109,S1_light_traffic,C_ai_rolling_buffered,True,0,logs/S1_light_traffic_9109_C_ai_rolling_buffered.json,fdcf2c5c0e762c37104467f0179b7295a517c70578397d9eaa8e920c0b16220f,65,65,0,314.5,0.0,2281.1,3897,211,3.2,576,53,2,12,0.815,0,0.617,15,4.33,782.7,,16:32,2541.4,787
9109,S2_peak_traffic,A_static_planned,True,0,logs/S2_peak_traffic_9109_A_static_planned.json,8be344e18e1a2bc6bd82c612268b5205bdf09663dfdf83e816343611712510a9,65,65,0,314.5,0.0,2281.1,5123,169,2.6,1506,50,4,47,0.277,2570,0.74,15,4.33,779.6,,17:57,1.1,1675
9109,S2_peak_traffic,B_dynamic,True,0,logs/S2_peak_traffic_9109_B_dynamic.json,7c3e930d4cb4f4912a0817b32d74620ca1593e75ce42b403e957949aba82d500,65,65,0,314.5,0.0,2281.1,5408,210,3.2,1850,117,14,39,0.4,0,0.768,15,4.33,781.3,,18:14,21.8,2060
9109,S2_peak_traffic,C_ai_rolling,True,0,logs/S2_peak_traffic_9109_C_ai_rolling.json,737e64bb08b526caba91ed7404a1b6989ef87f2bc4ef42c3d39d7374d58b8fb4,65,65,0,314.5,0.0,2281.1,5396,60,0.9,1738,111,14,38,0.415,0,0.767,15,4.33,771.5,,18:19,2467.3,1798
9109,S2_peak_traffic,B_dynamic_buffered,True,0,logs/S2_peak_traffic_9109_B_dynamic_buffered.json,ff7327684eeada998afd454f984a55c2159bc3b4454472495596c81bc7b622c7,65,65,0,314.5,0.0,2281.1,5433,273,4.2,1820,110,11,38,0.415,0,0.771,15,4.33,785.3,,18:14,22.6,2093
9109,S2_peak_traffic,C_ai_rolling_buffered,True,0,logs/S2_peak_traffic_9109_C_ai_rolling_buffered.json,5ab59d71fd9bf22a7c8a2dedf641ea61e14358f693bf9940aa7ff5883af26255,65,65,0,314.5,0.0,2281.1,5358,148,2.3,1395,100,7,30,0.538,0,0.763,15,4.33,775.5,,18:15,2565.2,1543
9109,S3_site_delay,A_static_planned,True,0,logs/S3_site_delay_9109_A_static_planned.json,42184051485f82063d5b4f4bd13bcfd7b3987c9a72ed8ab58b9d9bd646f80423,65,65,0,314.5,0.0,2281.1,4265,362,5.6,870,39,2,28,0.569,1684,0.654,15,4.33,788.0,,17:09,1.0,1232
9109,S3_site_delay,B_dynamic,True,0,logs/S3_site_delay_9109_B_dynamic.json,0f8ec371f08a04d81295bff0226bf04db01c14b6c0351d651f02e646e06eb5a4,65,65,0,314.5,0.0,2281.1,4280,258,4.0,1250,134,9,25,0.615,0,0.655,15,4.33,781.5,,17:04,21.4,1508
9109,S3_site_delay,C_ai_rolling,True,0,logs/S3_site_delay_9109_C_ai_rolling.json,f32e556e4f83aa37b79aec7390ee5a56899bfb572761d04c79ba6bd85027c517,65,65,0,314.5,0.0,2281.1,4292,61,0.9,1244,76,13,32,0.508,0,0.657,15,4.33,774.7,,16:57,2190.4,1305
9109,S3_site_delay,B_dynamic_buffered,True,0,logs/S3_site_delay_9109_B_dynamic_buffered.json,f1c9f9dcd2f579cf49daa9c46c1311169e2712eb42f4df220c2473552318f2a6,65,65,0,314.5,0.0,2281.1,4308,331,5.1,1110,125,7,27,0.585,0,0.658,15,4.33,787.3,,16:51,20.2,1441
9109,S3_site_delay,C_ai_rolling_buffered,True,0,logs/S3_site_delay_9109_C_ai_rolling_buffered.json,99e41d7e668e332f3d1d249cf768a558aa9cf651f2f9f98fd9e0bdf2288ab111,65,65,0,314.5,0.0,2281.1,4311,215,3.3,935,76,6,27,0.585,0,0.659,15,4.33,782.4,,16:52,2379.8,1150
9109,S4_multi_site_delay,A_static_planned,True,0,logs/S4_multi_site_delay_9109_A_static_planned.json,3ec835fc20756da770226e23489cf527a8e278fb7bd0d2332d7488104b2f6a61,65,65,0,314.5,0.0,2281.1,4270,522,8.0,997,36,2,31,0.523,2158,0.654,15,4.33,795.5,,17:25,1.0,1519
9109,S4_multi_site_delay,B_dynamic,True,0,logs/S4_multi_site_delay_9109_B_dynamic.json,05db789bf6853de36d9a7aca482ac0f6468154a41c7e0c0453c836ba24771ac5,65,65,0,314.5,0.0,2281.1,4252,331,5.1,1326,107,5,26,0.6,0,0.653,15,4.33,787.5,,17:10,22.1,1657
9109,S4_multi_site_delay,C_ai_rolling,True,0,logs/S4_multi_site_delay_9109_C_ai_rolling.json,e37a6a275ca3d3683905fc023f3bd7be55fe02d8f554d8fdbcf572aeefe7be13,65,65,0,314.5,0.0,2281.1,4301,74,1.1,1561,104,13,35,0.462,0,0.658,15,4.33,773.7,,17:12,2633.5,1635
9109,S4_multi_site_delay,B_dynamic_buffered,True,0,logs/S4_multi_site_delay_9109_B_dynamic_buffered.json,d92c43ba45d77703435de02e773d8097f6882a6cad45db21cc5e64d912bdf9f1,65,65,0,314.5,0.0,2281.1,4268,398,6.1,1368,108,9,27,0.585,0,0.654,15,4.33,791.0,,17:07,21.3,1766
9109,S4_multi_site_delay,C_ai_rolling_buffered,True,0,logs/S4_multi_site_delay_9109_C_ai_rolling_buffered.json,24dd6729ff41ffe4a9d6ee11047a2d7db770628ac76bf20d7fb81bbee12b44ec,65,65,0,314.5,0.0,2281.1,4292,240,3.7,1132,94,6,27,0.585,0,0.657,15,4.33,783.0,,17:02,2399.1,1372
9109,S5_pump_failure,A_static_planned,True,0,logs/S5_pump_failure_9109_A_static_planned.json,cb3af4964ce3b90906cc1a703a56323595211b69e323660dd6b3f62ae68ae049,65,65,0,314.5,0.0,2281.1,4246,433,6.7,971,48,3,30,0.538,1855,0.652,15,4.33,796.2,,17:11,1.0,1404
9109,S5_pump_failure,B_dynamic,True,0,logs/S5_pump_failure_9109_B_dynamic.json,3a615bf48ea776ee8d64df58e5361d8b8593a2a18bbc0ae11018a1591e25fd60,65,65,0,314.5,0.0,2281.1,4270,210,3.2,1372,78,16,29,0.554,0,0.654,15,4.33,781.7,,17:02,23.8,1582
9109,S5_pump_failure,C_ai_rolling,True,0,logs/S5_pump_failure_9109_C_ai_rolling.json,b43c6b1efc49373e7a6691ba58f6325ec94a90f6a5f9786db3d76734d26d8564,65,65,0,314.5,0.0,2281.1,4270,89,1.4,1305,103,12,30,0.538,0,0.654,15,4.33,775.1,,16:57,2531.7,1394
9109,S5_pump_failure,B_dynamic_buffered,True,0,logs/S5_pump_failure_9109_B_dynamic_buffered.json,1b2354b40dc30946e785166fa55a07e06ebf6246935d2369d5e21869182effaf,65,65,0,314.5,0.0,2281.1,4254,316,4.9,1233,99,8,29,0.554,0,0.653,15,4.33,789.0,,16:57,21.0,1549
9109,S5_pump_failure,C_ai_rolling_buffered,True,0,logs/S5_pump_failure_9109_C_ai_rolling_buffered.json,557ab4e6154cc626e275a21ad8c9b9df7fe4647400d5cecbe3209ec99bc0331c,65,65,0,314.5,0.0,2281.1,4294,139,2.1,983,98,5,24,0.631,0,0.657,15,4.33,778.6,,16:57,2473.7,1122
9109,S6_high_demand,A_static_planned,True,0,logs/S6_high_demand_9109_A_static_planned.json,6967e57352086339677353922235ee16b188efb12f0ff5d5a40218454cf383f9,104,92,12,467.0,58.5,3267.9,6614,221,2.4,4372,75,26,77,0.26,9977,0.99,15,6.13,1115.6,,20:11,2.2,16593
9109,S6_high_demand,B_dynamic,True,0,logs/S6_high_demand_9109_B_dynamic.json,b0c6c7b942de134e36490bc383a9657a1cc03f8c9335be0f4c2b1cab01192ab4,104,89,15,453.75,71.75,3181.1,6472,173,1.9,4848,307,36,76,0.269,0,0.963,15,5.93,1086.7,,19:54,47.9,20021
9109,S6_high_demand,C_ai_rolling,True,0,logs/S6_high_demand_9109_C_ai_rolling.json,11733d86a4e98d88e8f9c274f10bcf1c21fb81b5005e38bec092cf05aab3b91c,104,89,15,452.5,73.0,3159.3,6359,82,0.9,4211,248,35,78,0.25,0,0.952,15,5.93,1073.3,,19:50,3065.3,19293
9109,S6_high_demand,B_dynamic_buffered,True,0,logs/S6_high_demand_9109_B_dynamic_buffered.json,c8d744c2412c7b0f87452638c294c90d2ab1d45dcae9e6cc0c9ad04d55da3cf2,104,89,15,452.0,73.5,3149.0,6355,225,2.5,4967,297,29,73,0.298,0,0.952,15,5.93,1075.0,,19:39,32.4,20192
9109,S6_high_demand,C_ai_rolling_buffered,True,0,logs/S6_high_demand_9109_C_ai_rolling_buffered.json,efe7da625f85b2c4d89c9016d2d4fdf29d74d223e585974a12b6be86019a76a3,104,91,13,464.5,61.0,3225.6,6498,149,1.6,4403,312,26,70,0.327,0,0.974,15,6.07,1098.6,,20:10,2742.8,17552
9109,S7_mixed_disruption,A_static_planned,True,0,logs/S7_mixed_disruption_9109_A_static_planned.json,856040cb485be600859d9323727cc1fc603d11bc3c51533f715b1fb300eaba67,65,65,0,314.5,0.0,2281.1,5301,601,9.2,2194,72,9,45,0.308,4229,0.758,15,4.33,794.1,,19:17,1.1,2795
9109,S7_mixed_disruption,B_dynamic,True,0,logs/S7_mixed_disruption_9109_B_dynamic.json,cff253b4644195562aebc82997a7392facc4a42c347f422556cd6336933759f7,65,65,0,314.5,0.0,2281.1,5397,428,6.6,2532,315,20,38,0.415,0,0.768,15,4.33,786.9,,19:23,22.4,2960
9109,S7_mixed_disruption,C_ai_rolling,True,0,logs/S7_mixed_disruption_9109_C_ai_rolling.json,e1c5e0065bd3408f7db649baae2cea9e98f24d213f455284ffb7a10d8bb7221d,65,65,0,314.5,0.0,2281.1,5294,158,2.4,2306,134,20,45,0.308,0,0.758,15,4.33,774.6,,19:19,2814.4,2464
9109,S7_mixed_disruption,B_dynamic_buffered,True,0,logs/S7_mixed_disruption_9109_B_dynamic_buffered.json,d9491569101b7b70a34b0de2b370024609d3cfe1af76ebe02d8cea0d57fbbfc2,65,65,0,314.5,0.0,2281.1,5443,506,7.8,2540,315,16,39,0.4,0,0.772,15,4.33,791.1,,19:18,23.4,3046
9109,S7_mixed_disruption,C_ai_rolling_buffered,True,0,logs/S7_mixed_disruption_9109_C_ai_rolling_buffered.json,59c78c2c15709658f717ac055b1ecfb76a5895102a318e3772320826a5c94f14,65,65,0,314.5,0.0,2281.1,5356,319,4.9,2228,317,12,41,0.369,0,0.764,15,4.33,780.9,,19:04,2715.2,2547
9109,S8_ai_prediction_error,A_static_planned,True,0,logs/S8_ai_prediction_error_9109_A_static_planned.json,d5fad51a82f156a6c7320770dc9c8e26cbda80b177e34b9bb0f73f1cfde23ee3,65,65,0,314.5,0.0,2281.1,4248,447,6.9,1031,35,2,31,0.523,1936,0.652,15,4.33,790.6,,17:13,1.0,1478
9109,S8_ai_prediction_error,B_dynamic,True,0,logs/S8_ai_prediction_error_9109_B_dynamic.json,1b1e4d37956fcf6e39aa04c55572feb4225db86481e958e9b3b40105151c9d63,65,65,0,314.5,0.0,2281.1,4267,217,3.3,1642,109,17,36,0.446,0,0.654,15,4.33,783.4,,17:30,44.7,1859
9109,S8_ai_prediction_error,C_ai_rolling,True,0,logs/S8_ai_prediction_error_9109_C_ai_rolling.json,4bf0b4babec29899319ae8314eea8a51401cf7fa847e8fc6be5d2e420ad148c3,65,65,0,314.5,0.0,2281.1,4269,62,1.0,1485,119,12,32,0.508,0,0.654,15,4.33,773.8,,17:02,2206.3,1547
9109,S8_ai_prediction_error,B_dynamic_buffered,True,0,logs/S8_ai_prediction_error_9109_B_dynamic_buffered.json,4a54751a7542a9833a471745def82fba9469ae1fb2976c77f8813d8d2b96c9b2,65,65,0,314.5,0.0,2281.1,4275,253,3.9,1388,104,8,30,0.538,0,0.655,15,4.33,782.7,,17:15,23.0,1641
9109,S8_ai_prediction_error,C_ai_rolling_buffered,True,0,logs/S8_ai_prediction_error_9109_C_ai_rolling_buffered.json,06c91d42a33709f1f8949c62e6d71d26d6855d980e098218db2e1d7b95de01b5,65,65,0,314.5,0.0,2281.1,4286,167,2.6,1119,109,6,26,0.6,0,0.656,15,4.33,777.8,,17:02,2076.2,1286
9110,S0_normal,A_static_planned,True,0,logs/S0_normal_9110_A_static_planned.json,8509bfee17768a4a84d2cb312a8446cf3fe3d29942b71d74a8a352c5d74145c7,72,72,0,351.0,0.0,2407.0,4645,238,3.3,553,50,3,19,0.736,822,0.712,15,4.8,825.3,,17:30,1.1,791
9110,S0_normal,B_dynamic,True,0,logs/S0_normal_9110_B_dynamic.json,8298715f858c24d260ffc0614667fcf361e35ffa57bec9d376aae130554c4396,72,72,0,351.0,0.0,2407.0,4619,167,2.3,717,39,6,26,0.639,0,0.71,15,4.8,822.6,,17:50,19.7,884
9110,S0_normal,C_ai_rolling,True,0,logs/S0_normal_9110_C_ai_rolling.json,9fe724d6ab05257973f86f6b22c17fbb02bc4244e0d69c4428651f4257f02b06,72,72,0,351.0,0.0,2407.0,4659,82,1.1,694,35,2,23,0.681,0,0.714,15,4.8,821.2,,18:15,2248.9,776
9110,S0_normal,B_dynamic_buffered,True,0,logs/S0_normal_9110_B_dynamic_buffered.json,d90f96aff5c991acaf3fd3dc901ff4eb32c52921ec05b9c130afd950cfd1ad77,72,72,0,351.0,0.0,2407.0,4643,244,3.4,594,48,2,17,0.764,0,0.712,15,4.8,826.7,,18:05,23.6,838
9110,S0_normal,C_ai_rolling_buffered,True,0,logs/S0_normal_9110_C_ai_rolling_buffered.json,daf537418517a5248f31afeb627110eb535454c7e0a15cfc870da2f457544b8e,72,72,0,351.0,0.0,2407.0,4616,217,3.0,547,65,1,16,0.778,0,0.709,15,4.8,826.1,,18:05,2048.1,764
9110,S1_light_traffic,A_static_planned,True,0,logs/S1_light_traffic_9110_A_static_planned.json,b9459b0955f495e1328e05f9ec8419987626527d222ac765f27b1182a96552e5,72,72,0,351.0,0.0,2407.0,4152,378,5.2,403,46,2,10,0.861,598,0.663,15,4.8,832.0,,17:09,1.3,781
9110,S1_light_traffic,B_dynamic,True,0,logs/S1_light_traffic_9110_B_dynamic.json,51a811179cebdab8394480ce95fd8bde49b5da609e0f1e1039be1b0237a292b0,72,72,0,351.0,0.0,2407.0,4143,192,2.7,585,35,1,16,0.778,0,0.662,15,4.8,823.1,,17:33,22.7,777
9110,S1_light_traffic,C_ai_rolling,True,0,logs/S1_light_traffic_9110_C_ai_rolling.json,61068d22cc273581e3861077967c5c61c5d65c48dcac23c6d4ce96087668ff77,72,72,0,351.0,0.0,2407.0,4141,101,1.4,609,39,2,16,0.778,0,0.662,15,4.8,819.0,,18:07,2158.6,710
9110,S1_light_traffic,B_dynamic_buffered,True,0,logs/S1_light_traffic_9110_B_dynamic_buffered.json,aa21dfcf3d026135ee30ff278bd312204eee65d45fe5df950a2a0430c2c43486,72,72,0,351.0,0.0,2407.0,4130,257,3.6,502,29,0,11,0.847,0,0.661,15,4.8,825.6,,17:20,19.2,759
9110,S1_light_traffic,C_ai_rolling_buffered,True,0,logs/S1_light_traffic_9110_C_ai_rolling_buffered.json,4298428aa8ee9ba1f593209a55aa36ef0bf8632b99ebf65af4887228ac546923,72,72,0,351.0,0.0,2407.0,4139,293,4.1,447,40,2,11,0.847,0,0.662,15,4.8,827.8,,17:38,2087.9,740
9110,S2_peak_traffic,A_static_planned,True,0,logs/S2_peak_traffic_9110_A_static_planned.json,cc6a55e58ac9cf878682506c15e5dbea4a6592a0409ebf3bbe42c7331c6a35de,72,72,0,351.0,0.0,2407.0,5562,219,3.0,1052,60,5,43,0.403,1497,0.804,15,4.8,826.0,,18:19,1.2,1271
9110,S2_peak_traffic,B_dynamic,True,0,logs/S2_peak_traffic_9110_B_dynamic.json,4879c5397d70b773be038b9bf794c94e241a9f60b9c82bc57696abc2fb34fc2d,72,72,0,351.0,0.0,2407.0,5568,76,1.1,1079,69,7,36,0.5,0,0.804,15,4.8,816.6,,19:08,20.8,1155
9110,S2_peak_traffic,C_ai_rolling,True,0,logs/S2_peak_traffic_9110_C_ai_rolling.json,39e6dcae045ccf525832e41bed5f01c2cb00717617b3661255671364b2b306c7,72,72,0,351.0,0.0,2407.0,5602,44,0.6,1036,57,5,39,0.458,0,0.808,15,4.8,815.7,,19:03,1990.5,1080
9110,S2_peak_traffic,B_dynamic_buffered,True,0,logs/S2_peak_traffic_9110_B_dynamic_buffered.json,b39122f93452c2ed010695a1db24d82de5cb7d9696b2e97ba3caecbe35ef228a,72,72,0,351.0,0.0,2407.0,5597,89,1.2,1005,74,5,36,0.5,0,0.807,15,4.8,816.8,,18:55,27.6,1094
9110,S2_peak_traffic,C_ai_rolling_buffered,True,0,logs/S2_peak_traffic_9110_C_ai_rolling_buffered.json,da4804b040392a222fb06bdf1e5893ce1d99613d984b49eabffa6413e8318a80,72,72,0,351.0,0.0,2407.0,5592,111,1.5,972,64,5,36,0.5,0,0.807,15,4.8,817.8,,18:43,1922.8,1083
9110,S3_site_delay,A_static_planned,True,0,logs/S3_site_delay_9110_A_static_planned.json,c8b2c1c9509063366e9420dda6927bf014febdecf4df1a95a0b6f554447fa156,72,72,0,351.0,0.0,2407.0,4644,267,3.7,561,50,3,20,0.722,864,0.712,15,4.8,828.1,,17:30,1.0,828
9110,S3_site_delay,B_dynamic,True,0,logs/S3_site_delay_9110_B_dynamic.json,4f3a34bb503a4f1c78448b5025233df2f34ed2f1660740be042cdc48ad22335e,72,72,0,351.0,0.0,2407.0,4628,153,2.1,674,53,4,19,0.736,0,0.711,15,4.8,820.4,,18:10,21.3,827
9110,S3_site_delay,C_ai_rolling,True,0,logs/S3_site_delay_9110_C_ai_rolling.json,47652c193d92c7410a80e7f1d304093752e977ea8e1b43b83cbf0c02d393b4a3,72,72,0,351.0,0.0,2407.0,4645,80,1.1,709,35,2,24,0.667,0,0.712,15,4.8,819.6,,18:15,2322.1,789
9110,S3_site_delay,B_dynamic_buffered,True,0,logs/S3_site_delay_9110_B_dynamic_buffered.json,bc342dbb4fa59a10640a35d3198024821d068fc788b5a06894071b9c017a17e6,72,72,0,351.0,0.0,2407.0,4644,262,3.6,684,87,2,16,0.778,0,0.712,15,4.8,828.2,,18:05,19.2,946
9110,S3_site_delay,C_ai_rolling_buffered,True,0,logs/S3_site_delay_9110_C_ai_rolling_buffered.json,002561efafc0008dfeab8eeb70c55bcf14951ac444a69be00d63bf0ae7093f97,72,72,0,351.0,0.0,2407.0,4622,227,3.2,545,65,2,14,0.806,0,0.71,15,4.8,826.1,,18:05,2188.1,772
9110,S4_multi_site_delay,A_static_planned,True,0,logs/S4_multi_site_delay_9110_A_static_planned.json,6b58f59a9a75c9ecf77a4191a7959ede0371c38a5487ca4663bbc31d363dd6c3,72,72,0,351.0,0.0,2407.0,4597,571,7.9,604,50,4,19,0.736,945,0.707,15,4.8,840.9,,17:30,1.1,1175
9110,S4_multi_site_delay,B_dynamic,True,0,logs/S4_multi_site_delay_9110_B_dynamic.json,cd1bca329716e694449769e3de5cf14dd1243c89a57e4cd63d4b278d53ae9b0b,72,72,0,351.0,0.0,2407.0,4573,252,3.5,726,39,3,25,0.653,0,0.705,15,4.8,825.5,,17:50,19.8,978
9110,S4_multi_site_delay,C_ai_rolling,True,0,logs/S4_multi_site_delay_9110_C_ai_rolling.json,d1e5d5a7a040d240d772cc85092b70020260b2e509e1a72f0ab85ba391ddc282,72,72,0,351.0,0.0,2407.0,4595,114,1.6,647,35,2,19,0.736,0,0.707,15,4.8,820.4,,18:15,2309.0,761
9110,S4_multi_site_delay,B_dynamic_buffered,True,0,logs/S4_multi_site_delay_9110_B_dynamic_buffered.json,a39ae012e49858de46a448c4ca23ca0ba1beb9161377029b8732624d062659e8,72,72,0,351.0,0.0,2407.0,4598,362,5.0,580,38,1,15,0.792,0,0.708,15,4.8,827.9,,17:52,19.5,942
9110,S4_multi_site_delay,C_ai_rolling_buffered,True,0,logs/S4_multi_site_delay_9110_C_ai_rolling_buffered.json,42072cf7a0e9f3a025d5eb226c97d91d654c4b8c20178583d5b76f0c31d159a4,72,72,0,351.0,0.0,2407.0,4615,315,4.4,433,65,1,14,0.806,0,0.709,15,4.8,828.2,,18:05,2174.9,748
9110,S5_pump_failure,A_static_planned,True,0,logs/S5_pump_failure_9110_A_static_planned.json,55a15872e5f296150fb630c61013d1e17f8052374cc13fa5c7e5213cdbc19e3f,72,72,0,351.0,0.0,2407.0,4633,305,4.2,585,50,3,21,0.708,904,0.711,15,4.8,828.8,,17:30,1.0,890
9110,S5_pump_failure,B_dynamic,True,0,logs/S5_pump_failure_9110_B_dynamic.json,ca8a3dd78cde96b804e84d06ded38136e48c7536e45a668b4e59646abe261ee9,72,72,0,351.0,0.0,2407.0,4614,156,2.2,731,43,5,25,0.653,0,0.709,15,4.8,820.9,,17:55,22.5,887
9110,S5_pump_failure,C_ai_rolling,True,0,logs/S5_pump_failure_9110_C_ai_rolling.json,5f31986f0957bc175c795d86e78bd9e2e0b4dc6e2d616bd8b15048a455fb7a22,72,72,0,351.0,0.0,2407.0,4639,80,1.1,749,36,5,25,0.653,0,0.712,15,4.8,819.2,,18:15,2274.1,829
9110,S5_pump_failure,B_dynamic_buffered,True,0,logs/S5_pump_failure_9110_B_dynamic_buffered.json,af013fee41c59e49ae00d24f83e84f680dc82c8b6b1ca24f0cfa2fcafea0d8a2,72,72,0,351.0,0.0,2407.0,4646,261,3.6,692,48,1,17,0.764,0,0.712,15,4.8,828.6,,18:05,40.6,953
9110,S5_pump_failure,C_ai_rolling_buffered,True,0,logs/S5_pump_failure_9110_C_ai_rolling_buffered.json,0d63e2802edda98b91b956441d6f51a3b7c6132679167e6f9778cbb018872786,72,72,0,351.0,0.0,2407.0,4627,243,3.4,561,65,1,14,0.806,0,0.71,15,4.8,828.3,,18:05,2177.8,804
9110,S6_high_demand,A_static_planned,True,0,logs/S6_high_demand_9110_A_static_planned.json,61accce514351ca6df6fbdff30748c728449844a3252cf185ddd20315b2b1833,107,102,5,525.5,27.0,3412.6,6723,205,2.0,3488,47,14,90,0.159,8671,1.023,15,6.8,1163.5,,19:39,1.8,8693
9110,S6_high_demand,B_dynamic,True,0,logs/S6_high_demand_9110_B_dynamic.json,7b8a3e57f1ccddac8b6485ffb0a8c2ee54d7e93a0748e7e7061ef6c41a867c35,107,96,11,491.25,61.25,3267.2,6506,115,1.2,4533,549,38,88,0.178,0,0.983,15,6.4,1108.1,,19:56,31.4,15648
9110,S6_high_demand,C_ai_rolling,True,0,logs/S6_high_demand_9110_C_ai_rolling.json,907881a88cddf54a5994a86f89be1aae6b4819c8969c26d317a783f22020784b,107,97,10,496.75,55.75,3282.7,6498,55,0.6,4240,510,34,85,0.206,0,0.985,15,6.47,1113.8,,19:56,2464.2,14295
9110,S6_high_demand,B_dynamic_buffered,True,0,logs/S6_high_demand_9110_B_dynamic_buffered.json,24aec1ce79b0d00942b2ac720215fcfdb8d79ccf46c228a8f2b144aa8717386f,107,96,11,491.75,60.75,3297.8,6570,143,1.5,4119,500,22,83,0.224,0,0.987,15,6.4,1119.6,,19:34,29.2,15262
9110,S6_high_demand,C_ai_rolling_buffered,True,0,logs/S6_high_demand_9110_C_ai_rolling_buffered.json,ff995d4ed7079b980280181735e0fe0f972696151995cd388f58294676354043,107,97,10,497.0,55.5,3298.1,6567,133,1.4,4532,510,23,87,0.187,0,0.992,15,6.47,1121.8,,19:42,2556.4,14665
9110,S7_mixed_disruption,A_static_planned,True,0,logs/S7_mixed_disruption_9110_A_static_planned.json,74bbe684ed5d2982671a3a7c3566e9fab59424c4ebd78ca8800ad76f94b12c34,72,72,0,351.0,0.0,2407.0,5457,557,7.7,1033,56,4,40,0.444,2217,0.797,15,4.8,839.9,,18:21,1.1,1590
9110,S7_mixed_disruption,B_dynamic,True,0,logs/S7_mixed_disruption_9110_B_dynamic.json,8cbd22d7736862249d4f83d759d08cea07a77d96983bdb990e97202d9f0bd6d2,72,72,0,351.0,0.0,2407.0,5559,321,4.5,1143,94,10,39,0.458,0,0.807,15,4.8,826.8,,19:29,23.5,1464
9110,S7_mixed_disruption,C_ai_rolling,True,0,logs/S7_mixed_disruption_9110_C_ai_rolling.json,142647b85b9a5ecc7dc078911787802b1966acb528108b05bf212b5e0285be30,72,72,0,351.0,0.0,2407.0,5513,82,1.1,1103,60,7,42,0.417,0,0.802,15,4.8,812.7,,19:29,2660.0,1185
9110,S7_mixed_disruption,B_dynamic_buffered,True,0,logs/S7_mixed_disruption_9110_B_dynamic_buffered.json,d50327665f85338f2876fd4ae7aba696f5a92d94f21126d7c296ecf96ec59a61,72,72,0,351.0,0.0,2407.0,5555,317,4.4,1010,76,9,34,0.528,0,0.806,15,4.8,824.2,,19:04,19.7,1327
9110,S7_mixed_disruption,C_ai_rolling_buffered,True,0,logs/S7_mixed_disruption_9110_C_ai_rolling_buffered.json,06a7c8f12e43c2ad7186fd66e80924f1b60c9150f69117d86eea54a731c712ed,72,72,0,351.0,0.0,2407.0,5489,248,3.4,1055,98,5,38,0.472,0,0.8,15,4.8,823.0,,18:59,2304.5,1303
9110,S8_ai_prediction_error,A_static_planned,True,0,logs/S8_ai_prediction_error_9110_A_static_planned.json,3c1f622be09d6157cb70976fb990edff78822329f76709d851d155268f2f88fe,72,72,0,351.0,0.0,2407.0,4586,539,7.5,763,50,5,26,0.639,1139,0.706,15,4.8,838.1,,17:30,1.6,1302
9110,S8_ai_prediction_error,B_dynamic,True,0,logs/S8_ai_prediction_error_9110_B_dynamic.json,88e623d167fb055c4268c138e67d363bc27a0e6c335c0824ba94f440dfc4eed9,72,72,0,351.0,0.0,2407.0,4624,91,1.3,770,53,5,20,0.722,0,0.71,15,4.8,818.6,,18:10,32.9,861
9110,S8_ai_prediction_error,C_ai_rolling,True,0,logs/S8_ai_prediction_error_9110_C_ai_rolling.json,83b0cbb48b9fddbf59c2952ef484cf2ff38e96fdb022f9a4da9b091676ef4fa8,72,72,0,351.0,0.0,2407.0,4630,64,0.9,812,67,4,25,0.653,0,0.711,15,4.8,815.9,,18:15,2116.6,876
9110,S8_ai_prediction_error,B_dynamic_buffered,True,0,logs/S8_ai_prediction_error_9110_B_dynamic_buffered.json,220ea2c9fd24cafc35431bd29bde93f63069b1ca77c120068ab696ce308cfa9f,72,72,0,351.0,0.0,2407.0,4619,176,2.4,699,67,3,20,0.722,0,0.71,15,4.8,821.6,,18:05,41.9,875
9110,S8_ai_prediction_error,C_ai_rolling_buffered,True,0,logs/S8_ai_prediction_error_9110_C_ai_rolling_buffered.json,41985750163479e4ad9d1eee95da8086ed5fa56de50a791f8c86f94e671a916f,72,72,0,351.0,0.0,2407.0,4609,260,3.6,640,65,1,20,0.722,0,0.709,15,4.8,826.0,,18:05,1660.5,900
